2027 GKS-U Available Departments,__EMPTY,__EMPTY_1,__EMPTY_2,__EMPTY_3,__EMPTY_4,__EMPTY_5,__EMPTY_6,__EMPTY_7,__EMPTY_8,__EMPTY_9,__EMPTY_10,__EMPTY_11,__EMPTY_12,__EMPTY_13,__EMPTY_14,__EMPTY_15,__EMPTY_16,Source_File,Sheet_Name,2027 GKS-Korea University Available Departments for Undergraduate Degrees,__EMPTY_17
No.,대학명,"University
(대학알리미 공시 명칭)",Campus Location,"Application
Track",Embassy Track Type,"모집단위
(학과, 학부 등)","Department
(대학알리미 공시 명칭)",학과계열,"Field of Study
(Division)",Degree Program,"Period
(years)",Medium of Instruction,Required TOPIK for Admission after Language Program,Program starts,Website URL for detailed information,Telephone for detailed information,Remarks,available departments (1).xlsx,Seoul National University,,
1,서울대학교,Seoul National University,"Seoul/
Gwanak",Embassy Track,A,인문계열,College of Humanities,인문,Humanities,Bachelor's,4,Korean / English,TOPIK 3 or above,March or September,,,Korean / English / Major Language,available departments (1).xlsx,Seoul National University,,
2,서울대학교,Seoul National University,"Seoul/
Gwanak",Embassy Track,A,정치외교학부,Political Science and International Relations ,사회,Social Sciences,Bachelor's,4,Korean / English,TOPIK 3 or above,March or September,https://psir.snu.ac.kr,02)880-6347,"Most of courses are taught in Korean, so those who are not fluent in Korean may have diffculty in taking courses. (More than 90% of courses)",available departments (1).xlsx,Seoul National University,,
3,서울대학교,Seoul National University,"Seoul/
Gwanak",Embassy Track,A,사회학과,Sociology,사회,Social Sciences,Bachelor's,4,Korean 90%,TOPIK 3 or above,March or September,https://sociology.snu.ac.kr/en,,1~2 english class may be offered in a semester,available departments (1).xlsx,Seoul National University,,
4,서울대학교,Seoul National University,"Seoul/
Gwanak",Embassy Track,A,인류학과,Anthropology,사회,Social Sciences,Bachelor's,4,Korean 100%,TOPIK 3 or above,March or September,https://www.anthropology.or.kr,,Only 1 course taught in English in each semester by Prof. Fedorenko,available departments (1).xlsx,Seoul National University,,
5,서울대학교,Seoul National University,"Seoul/
Gwanak",Embassy Track,A,심리학과,Psychology,사회,Social Sciences,Bachelor's,4,Korean 90%,TOPIK 3 or above,March or September,http://psych.snu.ac.kr,,,available departments (1).xlsx,Seoul National University,,
5,서울대학교,Seoul National University,"Seoul/
Gwanak",Embassy Track,A,지리학과,Geography,사회,Social Sciences,Bachelor's,4,Korean 100%,TOPIK 3 or above,March or September,https://geog.snu.ac.kr/,,"Most of courses are Korean, only 0~1 English course in one semester",available departments (1).xlsx,Seoul National University,,
6,서울대학교,Seoul National University,"Seoul/
Gwanak",Embassy Track,A,사회복지학과,Social Welfare,사회,Social Sciences,Bachelor's,4,Korean / English,TOPIK 3 or above,March or September,https://socialwelfare.snu.ac.kr,,Few classes are offered in English each semester,available departments (1).xlsx,Seoul National University,,
7,서울대학교,Seoul National University,"Seoul/
Gwanak",Embassy Track,A,언론정보학과,Communication,사회,Social Sciences,Bachelor's,4,Korean 100%,TOPIK 3 or above,March or September,https://communication.snu.ac.kr,,0~1 English course in one semester,available departments (1).xlsx,Seoul National University,,
8,서울대학교,Seoul National University,"Seoul/
Gwanak",Embassy Track,A,수리과학부,Mathematical Sciences,자연,Natural Sciences,Bachelor's,4,Korean 100%,TOPIK 3 or above,March or September,https://www.math.snu.ac.kr/,,,available departments (1).xlsx,Seoul National University,,
9,서울대학교,Seoul National University,"Seoul/
Gwanak",Embassy Track,A,통계학과,Statistics,자연,Natural Sciences,Bachelor's,4,Korean 100%,TOPIK 3 or above,March or September,https://stat.snu.ac.kr/en/,,,available departments (1).xlsx,Seoul National University,,
10,서울대학교,Seoul National University,"Seoul/
Gwanak",Embassy Track,A,물리⋅천문학부(물리학전공),Physics & Astronomy(Physics),자연,Natural Sciences,Bachelor's,4,Korean / English,TOPIK 3 or above,March or September,https://physics.snu.ac.kr/,,,available departments (1).xlsx,Seoul National University,,
11,서울대학교,Seoul National University,"Seoul/
Gwanak",Embassy Track,A,물리⋅천문학부(천문학전공),Physics & Astronomy(Astronomy),자연,Natural Sciences,Bachelor's,4,Korean / English,TOPIK 3 or above,March or September,http://astro.snu.ac.kr,,,available departments (1).xlsx,Seoul National University,,
12,서울대학교,Seoul National University,"Seoul/
Gwanak",Embassy Track,A,화학부,Chemistry,자연,Natural Sciences,Bachelor's,4,Korean / English,TOPIK 3 or above,March or September,https://chem.snu.ac.kr/,,,available departments (1).xlsx,Seoul National University,,
13,서울대학교,Seoul National University,"Seoul/
Gwanak",Embassy Track,A,생명과학부,Biological Sciences,자연,Natural Sciences,Bachelor's,4,Korean / English,TOPIK 3 or above,March or September,https://biosci.snu.ac.kr/,,,available departments (1).xlsx,Seoul National University,,
14,서울대학교,Seoul National University,"Seoul/
Gwanak",Embassy Track,A,지구환경과학부,Earth and Environmental Sciences,자연,Natural Sciences,Bachelor's,4,Korean / English,TOPIK 3 or above,March or September,https://sees.snu.ac.kr/en,,,available departments (1).xlsx,Seoul National University,,
15,서울대학교,Seoul National University,"Seoul
/Yeongeon",Embassy Track,A,간호학과,Nursing,자연,Natural Sciences,Bachelor's,4,Korean / English,TOPIK 3 or above,March or September,https://nursing.snu.ac.kr/en,,,available departments (1).xlsx,Seoul National University,,
16,서울대학교,Seoul National University,"Seoul/
Gwanak",Embassy Track,A,경영학과,Business Administration,사회,Social Sciences,Bachelor's,4,Korean / English,TOPIK 3 or above,March or September,https://cba.snu.ac.kr/en,,,available departments (1).xlsx,Seoul National University,,
17,서울대학교,Seoul National University,"Seoul/
Gwanak",Embassy Track,A,건설환경도시공학부,"Civil, Urban and Environmental Engineering",공학,Engneering,Bachelor's,4,Korean / English,TOPIK 3 or above,March or September,,,,available departments (1).xlsx,Seoul National University,,
18,서울대학교,Seoul National University,"Seoul/
Gwanak",Embassy Track,A,기계공학부,Mechanical Engineering,공학,Engneering,Bachelor's,4,Korean / English,TOPIK 3 or above,March or September,,,,available departments (1).xlsx,Seoul National University,,
19,서울대학교,Seoul National University,"Seoul/
Gwanak",Embassy Track,A,항공우주공학과,Aerospace Engineering,공학,Engneering,Bachelor's,4,Korean / English,TOPIK 3 or above,March or September,https://aerospace.snu.ac.kr/,,Fluency in Korean required,available departments (1).xlsx,Seoul National University,,
20,서울대학교,Seoul National University,"Seoul/
Gwanak",Embassy Track,A,재료공학부,Department of Materials Science and Engineering,공학,Engneering,Bachelor's,4,Korean / English,TOPIK 3 or above,March or September,,,,available departments (1).xlsx,Seoul National University,,
21,서울대학교,Seoul National University,"Seoul/
Gwanak",Embassy Track,A,전기⋅정보공학부,Electrical and Computer Engineering,공학,Engneering,Bachelor's,4,Korean / English,TOPIK 3 or above,March or September,,,,available departments (1).xlsx,Seoul National University,,
22,서울대학교,Seoul National University,"Seoul/
Gwanak",Embassy Track,A,컴퓨터공학부,Computer Science and Engineering,공학,Engineering,Bachelor's,4,Korean / English,TOPIK 3 or above,March or September,https://cse.snu.ac.kr/,,"Between 25% to 35% of the courses are in English, fluctuating each semester",available departments (1).xlsx,Seoul National University,,
23,서울대학교,Seoul National University,"Seoul/
Gwanak",Embassy Track,A,화학생물공학부,Chemical and Biological Engineering,공학,Engneering,Bachelor's,4,Korean / English,TOPIK 3 or above,March or September,https://cbe.snu.ac.kr,,5~6 class in English may be offered in a semester,available departments (1).xlsx,Seoul National University,,
24,서울대학교,Seoul National University,"Seoul/
Gwanak",Embassy Track,A,건축학과(건축공학전공),Architecture and Architectural Engineering(Architectural Engineering),공학,Engneering,Bachelor's,4,Korean / English,TOPIK 3 or above,March or September,,,,available departments (1).xlsx,Seoul National University,,
25,서울대학교,Seoul National University,"Seoul/
Gwanak",Embassy Track,A,건축학과(건축학전공),Architecture and Architectural Engineering(Architecture),공학,Engneering,Bachelor's,5,Korean / English,TOPIK 3 or above,March or September,,,,available departments (1).xlsx,Seoul National University,,
26,서울대학교,Seoul National University,"Seoul/
Gwanak",Embassy Track,A,산업공학과,Industrial Engineering,공학,Engneering,Bachelor's,4,Korean / English,TOPIK 3 or above,March or September,,,,available departments (1).xlsx,Seoul National University,,
27,서울대학교,Seoul National University,"Seoul/
Gwanak",Embassy Track,A,에너지자원공학과,Energy Resources Engineering,공학,Engneering,Bachelor's,4,Korean 100%,TOPIK 3 or above,March or September,,,,available departments (1).xlsx,Seoul National University,,
28,서울대학교,Seoul National University,"Seoul/
Gwanak",Embassy Track,A,원자핵공학과,Nuclear Engineering,공학,Engneering,Bachelor's,4,Korean / English,TOPIK 3 or above,March or September,https://nucleng.snu.ac.kr/en,,,available departments (1).xlsx,Seoul National University,,
29,서울대학교,Seoul National University,"Seoul/
Gwanak",Embassy Track,A,조선해양공학과,Naval Architecture and Ocean Engineering,공학,Engneering,Bachelor's,4,Korean / English,TOPIK 3 or above,March or September,,,,available departments (1).xlsx,Seoul National University,,
30,서울대학교,Seoul National University,"Seoul/
Gwanak",Embassy Track,A,농경제사회학부,Agricultural Economics & Rural Development,인문,Humanities,Bachelor's,4,Korean/English,TOPIK 3 or above,March or September,https://aerd.snu.ac.kr/,,Almost all lectures are conducted in Korean,available departments (1).xlsx,Seoul National University,,
31,서울대학교,Seoul National University,"Seoul/
Gwanak",Embassy Track,A,식물생산과학부,Plant Science,자연,Natural Sciences,Bachelor's,4,Korean/English,TOPIK 3 or above,March or September,https://plantsci.snu.ac.kr/,,Almost all lectures are conducted in Korean,available departments (1).xlsx,Seoul National University,,
32,서울대학교,Seoul National University,"Seoul/
Gwanak",Embassy Track,A,산림과학부,Forest Sciences,자연,Natural Sciences,Bachelor's,4,Korean/English,TOPIK 3 or above,March or September,http://forestry.snu.ac.kr,,Almost all lectures are conducted in Korean,available departments (1).xlsx,Seoul National University,,
33,서울대학교,Seoul National University,"Seoul/
Gwanak",Embassy Track,A,식품⋅동물생명공학부,Food and Animal Biotechnology,자연,Natural Sciences,Bachelor's,4,Korean/English,TOPIK 3 or above,March or September,https://fabio.snu.ac.kr/,,Almost all lectures are conducted in Korean,available departments (1).xlsx,Seoul National University,,
34,서울대학교,Seoul National University,"Seoul/
Gwanak",Embassy Track,A,응용생물화학부,Applied Biology and Chemistry,자연,Natural Sciences,Bachelor's,4,Korean/English,TOPIK 3 or above,March or September,http://abc.snu.ac.kr,,Almost all lectures are conducted in Korean,available departments (1).xlsx,Seoul National University,,
35,서울대학교,Seoul National University,"Seoul/
Gwanak",Embassy Track,A,조경⋅지역시스템공학부,Landscape Architecture and Rural Systems Engineering,공학,Engneering,Bachelor's,4,Korean/English,TOPIK 3 or above,March or September,http://larse.snu.ac.kr,,Almost all lectures are conducted in Korean,available departments (1).xlsx,Seoul National University,,
36,서울대학교,Seoul National University,"Seoul/
Gwanak",Embassy Track,A,바이오시스템⋅소재학부,Biosystems & Biomaterials Science and Engineering,공학,Engneering,Bachelor's,4,Korean/English,TOPIK 3 or above,March or September,https://bio4u.snu.ac.kr/,,Almost all lectures are conducted in Korean,available departments (1).xlsx,Seoul National University,,
37,서울대학교,Seoul National University,"Seoul/
Gwanak",Embassy Track,A,동양화과,Oriental Painting,예체능,Arts & Sports,Bachelor's,4,Korean 100%,TOPIK 3 or above,March or September,,,,available departments (1).xlsx,Seoul National University,,
38,서울대학교,Seoul National University,"Seoul/
Gwanak",Embassy Track,A,서양화과,Painting,예체능,Arts & Sports,Bachelor's,4,Korean 100%,TOPIK 3 or above,March or September,,,,available departments (1).xlsx,Seoul National University,,
39,서울대학교,Seoul National University,"Seoul/
Gwanak",Embassy Track,A,조소과,Sculpture,예체능,Arts & Sports,Bachelor's,4,Korean 100%,TOPIK 3 or above,March or September,,,,available departments (1).xlsx,Seoul National University,,
40,서울대학교,Seoul National University,"Seoul/
Gwanak",Embassy Track,A,공예과,Craft,예체능,Arts & Sports,Bachelor's,4,Korean 100%,TOPIK 3 or above,March or September,,,,available departments (1).xlsx,Seoul National University,,
41,서울대학교,Seoul National University,"Seoul/
Gwanak",Embassy Track,A,디자인과,Design,예체능,Arts & Sports,Bachelor's,4,Korean 100%,TOPIK 3 or above,March or September,,,,available departments (1).xlsx,Seoul National University,,
42,서울대학교,Seoul National University,"Seoul/
Gwanak",Embassy Track,A,교육학과,Education,교육,Education,Bachelor's,4,Korean 100%,TOPIK 3 or above,March or September,,,1~2 class in english,available departments (1).xlsx,Seoul National University,,
43,서울대학교,Seoul National University,"Seoul/
Gwanak",Embassy Track,A,국어교육과,Korean Language Education,교육,Education,Bachelor's,4,Korean 100%,TOPIK 3 or above,March or September,,,,available departments (1).xlsx,Seoul National University,,
44,서울대학교,Seoul National University,"Seoul/
Gwanak",Embassy Track,A,영어교육과,English Language Education,교육,Education,Bachelor's,4,Korean / English,TOPIK 3 or above,March or September,,,50% English,available departments (1).xlsx,Seoul National University,,
45,서울대학교,Seoul National University,"Seoul/
Gwanak",Embassy Track,A,독어교육과,German Language Education,교육,Education,Bachelor's,4,Korean 100%,TOPIK 3 or above,March or September,https://germanedu.snu.ac.kr,,24% German,available departments (1).xlsx,Seoul National University,,
46,서울대학교,Seoul National University,"Seoul/
Gwanak",Embassy Track,A,불어교육과,French Language Education,교육,Education,Bachelor's,4,Korean 100%,TOPIK 3 or above,March or September,,,25% French,available departments (1).xlsx,Seoul National University,,
47,서울대학교,Seoul National University,"Seoul/
Gwanak",Embassy Track,A,사회교육과,Social Studies Education,교육,Education,Bachelor's,4,Korean 100%,TOPIK 3 or above,March or September,,,1~2 class in english,available departments (1).xlsx,Seoul National University,,
48,서울대학교,Seoul National University,"Seoul/
Gwanak",Embassy Track,A,역사교육과,History Education,교육,Education,Bachelor's,4,Korean 100%,TOPIK 3 or above,March or September,,,1~2 class in english,available departments (1).xlsx,Seoul National University,,
49,서울대학교,Seoul National University,"Seoul/
Gwanak",Embassy Track,A,지리교육과,Geography Education,교육,Education,Bachelor's,4,Korean 100%,TOPIK 3 or above,March or September,,,1~2 class in english,available departments (1).xlsx,Seoul National University,,
50,서울대학교,Seoul National University,"Seoul/
Gwanak",Embassy Track,A,윤리교육과,Ethics Education,교육,Education,Bachelor's,4,Korean 100%,TOPIK 3 or above,March or September,,,1~2 class in english,available departments (1).xlsx,Seoul National University,,
51,서울대학교,Seoul National University,"Seoul/
Gwanak",Embassy Track,A,수학교육과,Mathematics Education,교육,Education,Bachelor's,4,Korean 100%,TOPIK 3 or above,March or September,,,1~2 class in english,available departments (1).xlsx,Seoul National University,,
52,서울대학교,Seoul National University,"Seoul/
Gwanak",Embassy Track,A,물리교육과,Physics Education,교육,Education,Bachelor's,4,Korean 100%,TOPIK 3 or above,March or September,,,1~2 class in english,available departments (1).xlsx,Seoul National University,,
53,서울대학교,Seoul National University,"Seoul/
Gwanak",Embassy Track,A,화학교육과,Chemistry Education,교육,Education,Bachelor's,4,Korean 100%,TOPIK 3 or above,March or September,,,1~2 class in english,available departments (1).xlsx,Seoul National University,,
54,서울대학교,Seoul National University,"Seoul/
Gwanak",Embassy Track,A,생물교육과,Biology Education,교육,Education,Bachelor's,4,Korean 100%,TOPIK 3 or above,March or September,,,1~2 class in english,available departments (1).xlsx,Seoul National University,,
55,서울대학교,Seoul National University,"Seoul/
Gwanak",Embassy Track,A,지구과학교육과,Earth Science Education,교육,Education,Bachelor's,4,Korean 100%,TOPIK 3 or above,March or September,,,1~2 class in english,available departments (1).xlsx,Seoul National University,,
56,서울대학교,Seoul National University,"Seoul/
Gwanak",Embassy Track,A,체육교육과,Physical Education,교육,Education,Bachelor's,4,Korean 100%,TOPIK 3 or above,March or September,,,1~2 class in english,available departments (1).xlsx,Seoul National University,,
57,서울대학교,Seoul National University,"Seoul/
Gwanak",Embassy Track,A,소비자아동학부(소비자학전공),Consumer and Child Studies(Consumer Science),사회,Social Sciences,Bachelor's,4,Korean / English,TOPIK 3 or above,March or September,https://consumer.snu.ac.kr/,,0-1 English-taught course per semester,available departments (1).xlsx,Seoul National University,,
58,서울대학교,Seoul National University,"Seoul/
Gwanak",Embassy Track,A,소비자아동학부(아동가족학전공),Consumer and Child Studies(Child Development & Family Studies),사회,Social Sciences,Bachelor's,4,Korean / English,TOPIK 3 or above,March or September,"https://childfamily.snu.ac.kr/
https://childfamily.snu.ac.kr/en/",,0-2 English-taught courses per semester,available departments (1).xlsx,Seoul National University,,
59,서울대학교,Seoul National University,"Seoul/
Gwanak",Embassy Track,A,식품영양학과,Food and Nutrition,자연,Natural Sciences,Bachelor's,4,Korean / English,TOPIK 3 or above,March or September,https://foodnutrition.snu.ac.kr/en,,0-2 English-taught courses per semester,available departments (1).xlsx,Seoul National University,,
60,서울대학교,Seoul National University,"Seoul/
Gwanak",Embassy Track,A,의류학과,Fashion and Textiles,자연,Natural Sciences,Bachelor's,4,Korean / English,TOPIK 3 or above,March or September,https://clothing.snu.ac.kr/en,,0-2 English-taught courses per semester,available departments (1).xlsx,Seoul National University,,
61,서울대학교,Seoul National University,"Seoul/
Gwanak",Embassy Track,A,성악과,Vocal Music,예체능,Arts & Sports,Bachelor's,4,Korean / English,TOPIK 3 or above,March or September,https://music.snu.ac.kr,02)880-7930,,available departments (1).xlsx,Seoul National University,,
62,서울대학교,Seoul National University,"Seoul/
Gwanak",Embassy Track,A,작곡과,Composition,예체능,Arts & Sports,Bachelor's,4,Korean / English,TOPIK 3 or above,March or September,https://music.snu.ac.kr,02)880-7944,,available departments (1).xlsx,Seoul National University,,
63,서울대학교,Seoul National University,"Seoul/
Gwanak",Embassy Track,A,음악학과,Musicology,예체능,Arts & Sports,Bachelor's,4,Korean / English,TOPIK 3 or above,March or September,https://music.snu.ac.kr,02)880-7945,,available departments (1).xlsx,Seoul National University,,
64,서울대학교,Seoul National University,"Seoul/
Gwanak",Embassy Track,A,피아노과,Piano,예체능,Arts & Sports,Bachelor's,4,Korean / English,TOPIK 3 or above,March or September,https://music.snu.ac.kr,02)880-7960,,available departments (1).xlsx,Seoul National University,,
65,서울대학교,Seoul National University,"Seoul/
Gwanak",Embassy Track,A,관현악과,Orchestral Instruments,예체능,Arts & Sports,Bachelor's,4,Korean / English,TOPIK 3 or above,March or September,https://music.snu.ac.kr,02)880-7961/7962,,available departments (1).xlsx,Seoul National University,,
66,서울대학교,Seoul National University,"Seoul/
Gwanak",Embassy Track,A,국악과,Korean Music,예체능,Arts & Sports,Bachelor's,4,Korean / English,TOPIK 3 or above,March or September,https://music.snu.ac.kr,02)880-7981/7982,,available departments (1).xlsx,Seoul National University,,
67,서울대학교,Seoul National University,"Seoul
/Yeongeon",Embassy Track,A,의학과,Medicine,의학,Medicine,Bachelor's,6,Korean 100%,TOPIK 3 or above,March or September,,,,available departments (1).xlsx,Seoul National University,,
68,서울대학교,Seoul National University,"Seoul/
Gwanak",Embassy Track,A,첨단융합학부,School of Transdisciplinary Innovations,공학,Engneering,Bachelor's,4,Korean / English,TOPIK 3 or above,March or September,https://snuti.snu.ac.kr/,"+82-2-880-8058
(snuti@snu.ac.kr)","The School of Transdisciplinary Innovations (SNUTI) offers curricula in five majors: Digital Healthcare, Integrative Data Science, Sustainable Technology, Intelligent Semiconductor System, and Innovative Pharmaceutical Sciences. Each student at SNUTI can choose his or her major after exploring the five programs during the first three semesters. They are also free to pursue double majors or minors among the programs.",available departments (1).xlsx,Seoul National University,,
69,서울대학교,Seoul National University,"Seoul/
Gwanak",Embassy Track,A,자유전공학부,College of Liberal Studies,사회,Social Sciences,Bachelor's,4,Korean / English,TOPIK 3 or above,March or September,https://cls.snu.ac.kr/en/,,1~2 class in english,available departments (1).xlsx,Seoul National University,,
No.,대학명,"University
(대학알리미 공시 명칭)",Application Track,Embassy Track Type,Campus Location,학과명,"Department
(대학알리미 공시 명칭)",학과계열,"Field of Study
(Division)",Degree Program,"Period
(years)",Medium of Instruction,Required TOPIK for Admission after Language Program,Program starts,Website URL for detailed information,Telephone for detailed information,Remarks,available departments (10).xlsx,Sejong University,,
1,세종대학교,Sejong University,Embassy Track ,A,Seoul,국어국문학과,Department of Korean Language and Literature,인문,Humanities,Bachelor's degree,4,Korean 100%,TOPIK 3 or above,March or September,https://sos.sejong.ac.kr/eng/index.do,+82-2-6935-2645,,available departments (10).xlsx,Sejong University,,
2,세종대학교,Sejong University,Embassy Track ,A,Seoul,국제학부,Division of International Studies,인문,Humanities,Bachelor's degree,4,Korean 100%,TOPIK 3 or above,March or September,https://sos.sejong.ac.kr/eng/index.do,+82-2-6935-2645,Major declaration is required in the second year with options including English Data Convergence / International Japanese Studies / Chinese Trade and Commerce,available departments (10).xlsx,Sejong University,,
3,세종대학교,Sejong University,Embassy Track ,A,Seoul,역사학과,Department of History,인문,Humanities,Bachelor's degree,4,Korean 100%,TOPIK 3 or above,March or September,https://sos.sejong.ac.kr/eng/index.do,+82-2-6935-2645,,available departments (10).xlsx,Sejong University,,
4,세종대학교,Sejong University,Embassy Track ,A,Seoul,교육학과,Department of Education,교육,Education,Bachelor's degree,4,Korean 100%,TOPIK 3 or above,March or September,https://sos.sejong.ac.kr/eng/index.do,+82-2-6935-2645,,available departments (10).xlsx,Sejong University,,
7,세종대학교,Sejong University,Embassy Track ,A,Seoul,행정학과,Department of Public Administration,사회,Social Science,Bachelor's degree,4,Korean 100%,TOPIK 3 or above,March or September,https://sos.sejong.ac.kr/eng/index.do,+82-2-6935-2645,,available departments (10).xlsx,Sejong University,,
8,세종대학교,Sejong University,Embassy Track ,A,Seoul,행정학과 English Track,Department of Public Administration (English Track),사회,Social Science,Bachelor's degree,4,English 100%,TOPIK 3 or above,March or September,https://sos.sejong.ac.kr/eng/index.do,+82-2-6935-2645,Courses fully conducted in English ( + IELTS 5.5/TOEFL iBT 3.5/New TEPS 202),available departments (10).xlsx,Sejong University,,
9,세종대학교,Sejong University,Embassy Track ,A,Seoul,미디어커뮤니케이션학과,Department of Media and Communication,사회,Social Science,Bachelor's degree,4,Korean 100%,TOPIK 3 or above,March or September,https://sos.sejong.ac.kr/eng/index.do,+82-2-6935-2645,,available departments (10).xlsx,Sejong University,,
10,세종대학교,Sejong University,Embassy Track ,A,Seoul,미디어커뮤니케이션학과 English Track,Department of Media and Communication (English Track),사회,Social Science,Bachelor's degree,4,English 100%,TOPIK 3 or above,March or September,https://sos.sejong.ac.kr/eng/index.do,+82-2-6935-2645,Courses fully conducted in English ( + IELTS 5.5/TOEFL iBT 3.5/New TEPS 202),available departments (10).xlsx,Sejong University,,
11,세종대학교,Sejong University,Embassy Track ,A,Seoul,법학과,Department of Law,사회,Social Science,Bachelor's degree,4,Korean 100%,TOPIK 3 or above,March or September,https://sos.sejong.ac.kr/eng/index.do,+82-2-6935-2645,,available departments (10).xlsx,Sejong University,,
12,세종대학교,Sejong University,Embassy Track ,A,Seoul,경영학부,Faculty of Business Administration,사회,Social Science,Bachelor's degree,4,Korean 100%,TOPIK 3 or above,March or September,https://sos.sejong.ac.kr/eng/index.do,+82-2-6935-2645,,available departments (10).xlsx,Sejong University,,
13,세종대학교,Sejong University,Embassy Track ,A,Seoul,경영학부 English Track,Faculty of Business Administration (English Track),사회,Social Science,Bachelor's degree,4,English 100%,TOPIK 3 or above,March or September,https://sos.sejong.ac.kr/eng/index.do,+82-2-6935-2645,Courses fully conducted in English( + IELTS 5.5/TOEFL iBT 3.5/New TEPS 202),available departments (10).xlsx,Sejong University,,
14,세종대학교,Sejong University,Embassy Track ,A,Seoul,경제학과,Department of Economics,사회,Social Science,Bachelor's degree,4,Korean 100%,TOPIK 3 or above,March or September,https://sos.sejong.ac.kr/eng/index.do,+82-2-6935-2645,,available departments (10).xlsx,Sejong University,,
15,세종대학교,Sejong University,Embassy Track ,A,Seoul,경제학과 English Track,Department of Economics (English Track),사회,Social Science,Bachelor's degree,4,English 100%,TOPIK 3 or above,March or September,https://sos.sejong.ac.kr/eng/index.do,+82-2-6935-2645,Courses fully conducted in English( + IELTS 5.5/TOEFL iBT 3.5/New TEPS 202),available departments (10).xlsx,Sejong University,,
16,세종대학교,Sejong University,Embassy Track ,A,Seoul,호텔관광외식경영학부,"Faculty of Hospitality, Tourism & Food Service Management",사회,Social Science,Bachelor's degree,4,Korean 100%,TOPIK 3 or above,March or September,https://sos.sejong.ac.kr/eng/index.do,+82-2-6935-2645,Major declaration is required in the second year with options including Hospitality and Tourism Management / Food Service Management,available departments (10).xlsx,Sejong University,,
17,세종대학교,Sejong University,Embassy Track ,A,Seoul,호텔관광외식경영학부 English Track,"Faculty of Hospitality, Tourism & Food Service Management (English Track)",사회,Social Science,Bachelor's degree,4,English 100%,TOPIK 3 or above,March or September,https://sos.sejong.ac.kr/eng/index.do,+82-2-6935-2645,"- Major selection is required upon admission application with an option including Hospitality and Tourism Management 
- Courses fully conducted in English(+ IELTS 5.5/TOEFL iBT 3.5/New TEPS 202)",available departments (10).xlsx,Sejong University,,
18,세종대학교,Sejong University,Embassy Track ,A,Seoul,수학통계학과,Department of Mathematics & Statistics,자연,Natural Science,Bachelor's degree,4,Korean 100%,TOPIK 3 or above,March or September,https://sos.sejong.ac.kr/eng/index.do,+82-2-6935-2645,,available departments (10).xlsx,Sejong University,,
19,세종대학교,Sejong University,Embassy Track ,A,Seoul,물리천문학과,Department of Physics and Astronomy,자연,Natural Science,Bachelor's degree,4,Korean 100%,TOPIK 3 or above,March or September,https://sos.sejong.ac.kr/eng/index.do,+82-2-6935-2645,,available departments (10).xlsx,Sejong University,,
20,세종대학교,Sejong University,Embassy Track ,A,Seoul,화학과,Department of Chemistry,자연,Natural Science,Bachelor's degree,4,Korean 100%,TOPIK 3 or above,March or September,https://sos.sejong.ac.kr/eng/index.do,+82-2-6935-2645,,available departments (10).xlsx,Sejong University,,
21,세종대학교,Sejong University,Embassy Track ,A,Seoul,생명시스템학부,Faculty of Life Sciences,자연,Natural Science,Bachelor's degree,4,Korean 100%,TOPIK 3 or above,March or September,https://sos.sejong.ac.kr/eng/index.do,+82-2-6935-2645,Major declaration is required in the second year with options including Food Science and Biotechnology / Integrative Bioscience and Biotechnology / Bioindustry and Bioresource Engineering,available departments (10).xlsx,Sejong University,,
22,세종대학교,Sejong University,Embassy Track ,A,Seoul,스마트생명산업융합학과,Department of Integrative Biological Sciences and Industry,자연,Natural Science,Bachelor's degree,4,Korean 100%,TOPIK 3 or above,March or September,https://sos.sejong.ac.kr/eng/index.do,+82-2-6935-2645,,available departments (10).xlsx,Sejong University,,
23,세종대학교,Sejong University,Embassy Track ,A,Seoul,AI융합전자공학과,Department of AI Convergence Electronic Engineering,공학,Engineering,Bachelor's degree,4,Korean 100%,TOPIK 3 or above,March or September,https://sos.sejong.ac.kr/eng/index.do,+82-2-6935-2645,,available departments (10).xlsx,Sejong University,,
24,세종대학교,Sejong University,Embassy Track ,A,Seoul,반도체시스템공학과,Department of Semiconductor Systems Engineering,공학,Engineering,Bachelor's degree,4,Korean 100%,TOPIK 3 or above,March or September,https://sos.sejong.ac.kr/eng/index.do,+82-2-6935-2645,,available departments (10).xlsx,Sejong University,,
25,세종대학교,Sejong University,Embassy Track ,A,Seoul,컴퓨터공학과,Department of Computer Science and Engineering,공학,Engineering,Bachelor's degree,4,Korean 100%,TOPIK 3 or above,March or September,https://sos.sejong.ac.kr/eng/index.do,+82-2-6935-2645,,available departments (10).xlsx,Sejong University,,
26,세종대학교,Sejong University,Embassy Track ,A,Seoul,컴퓨터공학과 English Track,Department of Computer Science and Engineering (English Track),공학,Engineering,Bachelor's degree,4,English 100%,TOPIK 3 or above,March or September,https://sos.sejong.ac.kr/eng/index.do,+82-2-6935-2645,Courses fully conducted in English ( + IELTS 5.5/TOEFL iBT 3.5/New TEPS 202),available departments (10).xlsx,Sejong University,,
27,세종대학교,Sejong University,Embassy Track ,A,Seoul,정보보호학과,Department of Computer and Information Security,공학,Engineering,Bachelor's degree,4,Korean 100%,TOPIK 3 or above,March or September,https://sos.sejong.ac.kr/eng/index.do,+82-2-6935-2645,,available departments (10).xlsx,Sejong University,,
28,세종대학교,Sejong University,Embassy Track ,A,Seoul,양자지능정보학과,Department of Quantum Information Science and Engineering,공학,Engineering,Bachelor's degree,4,Korean 100%,TOPIK 3 or above,March or September,https://sos.sejong.ac.kr/eng/index.do,+82-2-6935-2645,,available departments (10).xlsx,Sejong University,,
29,세종대학교,Sejong University,Embassy Track ,A,Seoul,건축공학과,Department of Architectural Engineering,공학,Engineering,Bachelor's degree,4,Korean 100%,TOPIK 3 or above,March or September,https://sos.sejong.ac.kr/eng/index.do,+82-2-6935-2645,,available departments (10).xlsx,Sejong University,,
30,세종대학교,Sejong University,Embassy Track ,A,Seoul,건축학과(5년),Department of Architecture (5-year),공학,Engineering,Bachelor's degree,5,Korean 100%,TOPIK 3 or above,March or September,https://sos.sejong.ac.kr/eng/index.do,+82-2-6935-2645,5-year program,available departments (10).xlsx,Sejong University,,
31,세종대학교,Sejong University,Embassy Track ,A,Seoul,건설환경공학과,Department of Civil and Environmental Engineering,공학,Engineering,Bachelor's degree,4,Korean 100%,TOPIK 3 or above,March or September,https://sos.sejong.ac.kr/eng/index.do,+82-2-6935-2645,,available departments (10).xlsx,Sejong University,,
32,세종대학교,Sejong University,Embassy Track ,A,Seoul,환경융합공학과,Department of Environment and Energy,공학,Engineering,Bachelor's degree,4,Korean 100%,TOPIK 3 or above,March or September,https://sos.sejong.ac.kr/eng/index.do,+82-2-6935-2645,,available departments (10).xlsx,Sejong University,,
33,세종대학교,Sejong University,Embassy Track ,A,Seoul,에너지자원공학과,Department of Energy Resources and Geosystems Engineering,공학,Engineering,Bachelor's degree,4,Korean 100%,TOPIK 3 or above,March or September,https://sos.sejong.ac.kr/eng/index.do,+82-2-6935-2645,,available departments (10).xlsx,Sejong University,,
34,세종대학교,Sejong University,Embassy Track ,A,Seoul,기계공학과,Department of Mechanical Engineering,공학,Engineering,Bachelor's degree,4,Korean 100%,TOPIK 3 or above,March or September,https://sos.sejong.ac.kr/eng/index.do,+82-2-6935-2645,,available departments (10).xlsx,Sejong University,,
35,세종대학교,Sejong University,Embassy Track ,A,Seoul,우주항공시스템공학부,Faculty of Aerospace System Engineering,공학,Engineering,Bachelor's degree,4,Korean 100%,TOPIK 3 or above,March or September,https://sos.sejong.ac.kr/eng/index.do,+82-2-6935-2645,Major selection is required upon admission application with options including Aerospace Engineering Major / Intelligent Drone Convergence Major,available departments (10).xlsx,Sejong University,,
36,세종대학교,Sejong University,Embassy Track ,A,Seoul,나노신소재공학과,Department of Nanotechnology & Advanced Materials Engineering,공학,Engineering,Bachelor's degree,4,Korean 100%,TOPIK 3 or above,March or September,https://sos.sejong.ac.kr/eng/index.do,+82-2-6935-2645,,available departments (10).xlsx,Sejong University,,
37,세종대학교,Sejong University,Embassy Track ,A,Seoul,양자원자력공학과,Department of Quantum and Nuclear Engineering,공학,Engineering,Bachelor's degree,4,Korean 100%,TOPIK 3 or above,March or September,https://sos.sejong.ac.kr/eng/index.do,+82-2-6935-2645,,available departments (10).xlsx,Sejong University,,
38,세종대학교,Sejong University,Embassy Track ,A,Seoul,콘텐츠소프트웨어학과,Department of Content and Software,공학,Engineering,Bachelor's degree,4,Korean 100%,TOPIK 3 or above,March or September,https://sos.sejong.ac.kr/eng/index.do,+82-2-6935-2645,,available departments (10).xlsx,Sejong University,,
39,세종대학교,Sejong University,Embassy Track ,A,Seoul,AI로봇학과,Department of Artificial Intelligence and Robotics,인공지능(AI),Artificial Intelligence(AI),Bachelor's degree,4,Korean 100%,TOPIK 3 or above,March or September,https://sos.sejong.ac.kr/eng/index.do,+82-2-6935-2645,,available departments (10).xlsx,Sejong University,,
40,세종대학교,Sejong University,Embassy Track ,A,Seoul,인공지능데이터사이언스학과,Department of Artificial Intelligence and Data Science,인공지능(AI),Artificial Intelligence(AI),Bachelor's degree,4,Korean 100%,TOPIK 3 or above,March or September,https://sos.sejong.ac.kr/eng/index.do,+82-2-6935-2645,,available departments (10).xlsx,Sejong University,,
41,세종대학교,Sejong University,Embassy Track ,A,Seoul,지능정보융합학과,Department of Artificial Intelligence and Information Technology,인공지능(AI),Artificial Intelligence(AI),Bachelor's degree,4,Korean 100%,TOPIK 3 or above,March or September,https://sos.sejong.ac.kr/eng/index.do,+82-2-6935-2645,,available departments (10).xlsx,Sejong University,,
42,세종대학교,Sejong University,Embassy Track ,A,Seoul,회화학과,Department of Painting,예체능,Entertainment & Sports,Bachelor's degree,4,Korean 100%,TOPIK 3 or above,March or September,https://sos.sejong.ac.kr/eng/index.do,+82-2-6935-2645,Major selection is required upon admission application with options including Western Painting / Korean Painting,available departments (10).xlsx,Sejong University,,
43,세종대학교,Sejong University,Embassy Track ,A,Seoul,패션디자인학과,Department of Fashion Design,예체능,Entertainment & Sports,Bachelor's degree,4,Korean 100%,TOPIK 3 or above,March or September,https://sos.sejong.ac.kr/eng/index.do,+82-2-6935-2645,,available departments (10).xlsx,Sejong University,,
45,세종대학교,Sejong University,Embassy Track ,A,Seoul,음악과,Department of Music,예체능,Entertainment & Sports,Bachelor's degree,4,Korean 100%,TOPIK 3 or above,March or September,https://sos.sejong.ac.kr/eng/index.do,+82-2-6935-2645,Major selection is required upon admission application with options including Voice / Piano / Violin / Viola / Cello / Contrabass / Flute / Clarinet / Bassoon / Oboe / Horn / Trumpet,available departments (10).xlsx,Sejong University,,
47,세종대학교,Sejong University,Embassy Track ,A,Seoul,체육학과(남),Department of Physical Education (Male),예체능,Entertainment & Sports,Bachelor's degree,4,Korean 100%,TOPIK 3 or above,March or September,https://sos.sejong.ac.kr/eng/index.do,+82-2-6935-2645,,available departments (10).xlsx,Sejong University,,
48,세종대학교,Sejong University,Embassy Track ,A,Seoul,무용과,Department of Dance,예체능,Entertainment & Sports,Bachelor's degree,4,Korean 100%,TOPIK 3 or above,March or September,https://sos.sejong.ac.kr/eng/index.do,+82-2-6935-2645,Major selection is required upon admission application with options including Korean Dance / Modern Dance / Ballet,available departments (10).xlsx,Sejong University,,
49,세종대학교,Sejong University,Embassy Track ,A,Seoul,영화예술학과,Department of Film Art,예체능,Entertainment & Sports,Bachelor's degree,4,Korean 100%,TOPIK 3 or above,March or September,https://sos.sejong.ac.kr/eng/index.do,+82-2-6935-2645,Major selection is required upon admission application with options including Directing & Producing / Acting,available departments (10).xlsx,Sejong University,,
,세종대학교,Sejong University,Embassy Track ,A,Seoul,글로벌자유전공학부 English Track,School of Global Liberal Studies,인문,Humanities,Bachelor's degree,4,English 100%,TOPIK 3 or above,March or September,https://sos.sejong.ac.kr/eng/index.do,+82-2-6935-2645,Courses fully conducted in English (+ IELTS 5.5/TOEFL iBT 3.5/New TEPS 202),available departments (10).xlsx,Sejong University,,
,세종대학교,Sejong University,Embassy Track ,A,Seoul,국제인문사회학부,School of Humanities and Social Sciences,사회,Social Science,Bachelor's degree,4,Korean 100%,TOPIK 3 or above,,,,Major declaration is required in the second year with options including Department of Korean Language and Culture Education / Department of International Trade and Commerce,available departments (10).xlsx,Sejong University,,
,세종대학교,Sejong University,Embassy Track ,A,Seoul,국제인문사회학부 English Track,School of Humanities and Social Sciences,사회,Social Science,Bachelor's degree,4,English 100%,TOPIK 3 or above,March or September,https://sos.sejong.ac.kr/eng/index.do,+82-2-6935-2645,"Major declaration is required in the second year with options including Department of Korean Language and Culture Education / Department of International Trade and Commerce
 + IELTS 5.5/TOEFL iBT 3.5/New TEPS 202",available departments (10).xlsx,Sejong University,,
,세종대학교,Sejong University,Embassy Track ,A,Seoul,융합기술학부 English Track,School of Convergence Technologies,공학,Engineering,Bachelor's degree,4,English 100%,TOPIK 3 or above,March or September,https://sos.sejong.ac.kr/eng/index.do,+82-2-6935-2645,"- Major selection is required upon admission application with options including Department of AI and Software / Department of Smart Mobility
- Courses fully conducted in English ( + IELTS 5.5/TOEFL iBT 3.5/New TEPS 202)",available departments (10).xlsx,Sejong University,,
,세종대학교,Sejong University,Embassy Track ,A,Seoul,엔터테인먼트콘텐츠학부,School of Entertainment and Content,예체능,Entertainment & Sports,Bachelor's degree,4,Korean 100%,TOPIK 3 or above,,,,,available departments (10).xlsx,Sejong University,,
,세종대학교,Sejong University,Embassy Track ,A,Seoul,엔터테인먼트콘텐츠학부 English Track,School of Entertainment and Content,예체능,Entertainment & Sports,Bachelor's degree,4,English 100%,TOPIK 3 or above,March or September,https://sos.sejong.ac.kr/eng/index.do,+82-2-6935-2645,"- Major selection is required upon admission application with options including Department of K-Pop Entertainment / Department of Visual and Performing Content / Department of Contemporary Music
- Courses fully conducted in English",available departments (10).xlsx,Sejong University,,
50,세종대학교,Sejong University,Embassy Track ,A,Seoul,창의소프트학부,Faculty of Creative Studies,예체능,Entertainment & Sports,Bachelor's degree,4,Korean 100%,TOPIK 3 or above,March or September,https://sos.sejong.ac.kr/eng/index.do,+82-2-6935-2645,Major selection is required upon admission application with options including Innovation Design Major / Comics & Animation Technology Major,available departments (10).xlsx,Sejong University,,
51,세종대학교,Sejong University,Embassy Track ,A,Seoul,창의소프트학부 English Track,Faculty of Creative Studies (English Track),예체능,Entertainment & Sports,Bachelor's degree,4,English 100%,TOPIK 3 or above,March or September,https://sos.sejong.ac.kr/eng/index.do,+82-2-6935-2645,"- Major selection is required upon admission application with an option including Comics & Animation Technology Major
- Courses fully conducted in English ( + IELTS 5.5/TOEFL iBT 3.5/New TEPS 202)",available departments (10).xlsx,Sejong University,,
No.,대학명,"University
(대학알리미 공시 명칭)","Application
Track",Embassy Track Type,Campus Location,학과명,"Department
(대학알리미 공시 명칭)",학과계열,"Field of Study
(Division)",Degree Program,"Period
(years)",Medium of Instruction,Required TOPIK for Admission after Language Program,Program starts,Website URL for detailed information,Telephone for detailed information,Remarks,available departments (11).xlsx,Ajou University,,
1,아주대학교,Ajou University,Embassy Track,A,Gyeonggi / Suwon,기계공학과,Mechanical Engineering,공학,Engineering,Bachelor's degree,4,Korean 100%,TOPIK 3 or above,March or September,https://me.ajou.ac.kr/me/index.do,+82-031-219-2170,,available departments (11).xlsx,Ajou University,,
2,아주대학교,Ajou University,Embassy Track,A,Gyeonggi / Suwon,첨단스마트산업공학과,Smart Industrial Engineering,공학,Engineering,Bachelor's degree,4,Korean 100%,TOPIK 3 or above,March or September,https://ie.ajou.ac.kr/ie/index.do#6178,+82-031-219-2170,,available departments (11).xlsx,Ajou University,,
3,아주대학교,Ajou University,Embassy Track,A,Gyeonggi / Suwon,화학공학과,Chemical Engineering,공학,Engineering,Bachelor's degree,4,Korean 100%,TOPIK 3 or above,March or September,https://che.ajou.ac.kr/che/index.do,+82-031-219-2170,,available departments (11).xlsx,Ajou University,,
4,아주대학교,Ajou University,Embassy Track,A,Gyeonggi / Suwon,첨단신소재공학과,Materials Science and Engineering,공학,Engineering,Bachelor's degree,4,Korean 100%,TOPIK 3 or above,March or September,https://mse.ajou.ac.kr/mse/index.do,+82-031-219-2170,,available departments (11).xlsx,Ajou University,,
5,아주대학교,Ajou University,Embassy Track,A,Gyeonggi / Suwon,첨단에코에너지공학과,Eco-energy Engineering,공학,Engineering,Bachelor's degree,4,Korean 100%,TOPIK 3 or above,March or September,https://chembio.ajou.ac.kr/chembio/index.do   https://env.ajou.ac.kr/chembio/index.do ,+82-031-219-2170,,available departments (11).xlsx,Ajou University,,
6,아주대학교,Ajou University,Embassy Track,A,Gyeonggi / Suwon,건설시스템공학과,Civil System Engineering,공학,Engineering,Bachelor's degree,4,Korean 100%,TOPIK 3 or above,March or September,https://ce.ajou.ac.kr/ce/index.do,+82-031-219-2170,,available departments (11).xlsx,Ajou University,,
7,아주대학교,Ajou University,Embassy Track,A,Gyeonggi / Suwon,교통시스템공학과,Transportation System Engineering,공학,Engineering,Bachelor's degree,4,Korean 100%,TOPIK 3 or above,March or September,https://tse.ajou.ac.kr/tse/index.do,+82-031-219-2170,,available departments (11).xlsx,Ajou University,,
8,아주대학교,Ajou University,Embassy Track,A,Gyeonggi / Suwon,건축학과                 (건축공학전공),Architecture   (Architecture Engineering Study),공학,Engineering,Bachelor's degree,4,Korean 100%,TOPIK 3 or above,March or September,https://arch.ajou.ac.kr/arch/index.do,+82-031-219-2170,,available departments (11).xlsx,Ajou University,,
9,아주대학교,Ajou University,Embassy Track,A,Gyeonggi / Suwon,건축학과                (건축학전공),Architecture (Architecture Study),공학,Engineering,Bachelor's degree,5,Korean 100%,TOPIK 3 or above,March or September,https://arch.ajou.ac.kr/arch/index.do,+82-031-219-2170,,available departments (11).xlsx,Ajou University,,
10,아주대학교,Ajou University,Embassy Track,A,Gyeonggi / Suwon,전자공학과,Electrical and Computer Engineering,공학,Engineering,Bachelor's degree,4,Korean 100%,TOPIK 3 or above,March or September,https://ece.ajou.ac.kr/ece/index.do,+82-031-219-2170,,available departments (11).xlsx,Ajou University,,
11,아주대학교,Ajou University,Embassy Track,A,Gyeonggi / Suwon,미래모빌리티공학과,Mobility Engineering,공학,Engineering,Bachelor's degree,4,Korean 100%,TOPIK 3 or above,March or September,https://www.ajou.ac.kr/mobility/index.do,+82-031-219-2170,,available departments (11).xlsx,Ajou University,,
12,아주대학교,Ajou University,Embassy Track,A,Gyeonggi / Suwon,디지털미디어학과,Digital Media,공학,Engineering,Bachelor's degree,4,Korean 100%,TOPIK 3 or above,March or September,https://media.ajou.ac.kr/media/index.do,+82-031-219-2170,,available departments (11).xlsx,Ajou University,,
13,아주대학교,Ajou University,Embassy Track,A,Gyeonggi / Suwon,사이버보안학과,Cyber Security,공학,Engineering,Bachelor's degree,4,Korean 100%,TOPIK 3 or above,March or September,https://security.ajou.ac.kr/security/index.do,+82-031-219-2170,,available departments (11).xlsx,Ajou University,,
14,아주대학교,Ajou University,Embassy Track,A,Gyeonggi / Suwon,수학과,Mathematics,자연,Natural Sciences,Bachelor's degree,4,Korean 100%,TOPIK 3 or above,March or September,https://math.ajou.ac.kr/math/index.do,+82-031-219-2170,,available departments (11).xlsx,Ajou University,,
15,아주대학교,Ajou University,Embassy Track,A,Gyeonggi / Suwon,프론티어과학학부,School of Frontier Science,자연,Natural Sciences,Bachelor's degree,4,Korean 100%,TOPIK 3 or above,March or September,https://www.ajou.ac.kr/frontiers/index.do,+82-031-219-2170,,available departments (11).xlsx,Ajou University,,
16,아주대학교,Ajou University,Embassy Track,A,Gyeonggi / Suwon,국제경영학과          (국제경영학전공),International Business (International Business Study),사회,Social Sciences,Bachelor's degree,4,Korean 100%,TOPIK 3 or above,March or September,https://iitb.ajou.ac.kr/iitb/index.do,+82-031-219-2170,,available departments (11).xlsx,Ajou University,,
17,아주대학교,Ajou University,Embassy Track,A,Gyeonggi / Suwon,국제경영학과            (IT경영학전공),International Business            (IT Business Study),사회,Social Sciences,Bachelor's degree,4,Korean 100%,TOPIK 3 or above,March or September,https://iitb.ajou.ac.kr/iitb/index.do,+82-031-219-2170,,available departments (11).xlsx,Ajou University,,
18,아주대학교,Ajou University,Embassy Track,A,Gyeonggi / Suwon,국어국문학과           (국어국문학 전공),Korean Language & Literature      ,인문,Humanities,Bachelor's degree,4,Korean 100%,TOPIK 3 or above,March or September,https://kor.ajou.ac.kr/kor/index.do,+82-031-219-2170,,available departments (11).xlsx,Ajou University,,
19,아주대학교,Ajou University,Embassy Track,A,Gyeonggi / Suwon,국어국문학과          (한국어문전공),Korean Language & Literature      (Korean Language Study),인문,Humanities,Bachelor's degree,4,Korean 100%,TOPIK 3 or above,March or September,https://kor.ajou.ac.kr/kor/index.do,+82-031-219-2170,,available departments (11).xlsx,Ajou University,,
20,아주대학교,Ajou University,Embassy Track,A,Gyeonggi / Suwon,사학과,History,인문,Humanities,Bachelor's degree,4,Korean 100%,TOPIK 3 or above,March or September,https://history.ajou.ac.kr/history/index.do,+82-031-219-2170,,available departments (11).xlsx,Ajou University,,
21,아주대학교,Ajou University,Embassy Track,A,Gyeonggi / Suwon,영어영문학과,English Language & Literature,인문,Humanities,Bachelor's degree,4,Korean 100%,TOPIK 3 or above,March or September,https://ell.ajou.ac.kr/english/index.do,+82-031-219-2170,,available departments (11).xlsx,Ajou University,,
22,아주대학교,Ajou University,Embassy Track,A,Gyeonggi / Suwon,문화콘텐츠학과,Curture and Contents,인문,Humanities,Bachelor's degree,4,Korean 100%,TOPIK 3 or above,March or September,https://culture.ajou.ac.kr/culture/index.do,+82-031-219-2170,,available departments (11).xlsx,Ajou University,,
23,아주대학교,Ajou University,Embassy Track,A,Gyeonggi / Suwon,불어불문학과,French Language & Literature,인문,Humanities,Bachelor's degree,4,Korean 100%,TOPIK 3 or above,March or September,https://france.ajou.ac.kr/france/index.do,+82-031-219-2170,,available departments (11).xlsx,Ajou University,,
24,아주대학교,Ajou University,Embassy Track,A,Gyeonggi / Suwon,경제정치사회융합학부,"School of Economic, Political and Social Studies",사회,Social Sciences,Bachelor's degree,4,Korean 100%,TOPIK 3 or above,March or September,https://eps.ajou.ac.kr/eps/index.do,+82-031-219-2170,,available departments (11).xlsx,Ajou University,,
25,아주대학교,Ajou University,Embassy Track,A,Gyeonggi / Suwon,심리학과,Psychology,사회,Social Sciences,Bachelor's degree,4,Korean 100%,TOPIK 3 or above,March or September,https://apsy.ajou.ac.kr/apsy/index.do,+82-031-219-2170,,available departments (11).xlsx,Ajou University,,
26,아주대학교,Ajou University,Embassy Track,A,Gyeonggi / Suwon,행정학과,Public Administration,사회,Social Sciences,Bachelor's degree,4,Korean 100%,TOPIK 3 or above,March or September,https://pba.ajou.ac.kr/pba/index.do,+82-031-219-2170,,available departments (11).xlsx,Ajou University,,
No.,대학명,"University
(대학알리미 공시 명칭)","Application
Track",Embassy Track Type,Campus Location,학과명,"Department
(대학알리미 공시 명칭)",학과계열,"Field of Study
(Division)",Degree Program,"Period
(years)",Medium of Instruction,Required TOPIK for Admission after Language Program,Program starts,Website URL for detailed information,Telephone for detailed information,Remarks,available departments (12).xlsx,Chung-Ang University,,
1,중앙대학교,Chung-Ang University,Embassy Track,A,Seoul,국어국문학부(국어국문학),Korean Language and Literature,인문,Humanities,Bachelor's degree,4,Korean 100%,TOPIK 4 or above,March or September,https://koll.cau.ac.kr/,+82-2-820-6574,,available departments (12).xlsx,Chung-Ang University,,
2,중앙대학교,Chung-Ang University,Embassy Track,A,Seoul,국어국문학부(한국어교육·한국문화),Korean Language Education and Korean Culture,인문,Humanities,Bachelor's degree,4,Korean 100%,TOPIK 4 or above,March or September,https://keducation-kculture.github.io/homepage_tem/,+82-2-820-6574,,available departments (12).xlsx,Chung-Ang University,,
3,중앙대학교,Chung-Ang University,Embassy Track,A,Seoul,영어영문학과,English Language and Literature,인문,Humanities,Bachelor's degree,4,Korean 100%,TOPIK 4 or above,March or September,http://english.cau.ac.kr/,+82-2-820-6574,,available departments (12).xlsx,Chung-Ang University,,
4,중앙대학교,Chung-Ang University,Embassy Track,A,Seoul,유럽문화학부(독일어문학),"European Language and Culture
(German Language and Literature)",인문,Humanities,Bachelor's degree,4,Korean 100%,TOPIK 4 or above,March or September,https://germania.cau.ac.kr/,+82-2-820-6574,,available departments (12).xlsx,Chung-Ang University,,
5,중앙대학교,Chung-Ang University,Embassy Track,A,Seoul,유럽문화학부(프랑스어문학),"European Language and Culture
(French Language and Literature)",인문,Humanities,Bachelor's degree,4,Korean 100%,TOPIK 4 or above,March or September,https://caufrance.cau.ac.kr/,+82-2-820-6574,,available departments (12).xlsx,Chung-Ang University,,
6,중앙대학교,Chung-Ang University,Embassy Track,A,Seoul,유럽문화학부(러시아어문학),"European Language and Culture
(Russian Language and Literature)",인문,Humanities,Bachelor's degree,4,Korean 100%,TOPIK 4 or above,March or September,https://caurussia.cau.ac.kr/,+82-2-820-6574,,available departments (12).xlsx,Chung-Ang University,,
7,중앙대학교,Chung-Ang University,Embassy Track,A,Seoul,아시아문화학부(일본어문학),"Asian Language and Culture
(Japanese Language and Literature)",인문,Humanities,Bachelor's degree,4,Korean 100%,TOPIK 4 or above,March or September,https://caujapanese.kr/,+82-2-820-6574,,available departments (12).xlsx,Chung-Ang University,,
8,중앙대학교,Chung-Ang University,Embassy Track,A,Seoul,아시아문화학부(중국어문학),"Asian Language and Culture
(Chinese Language and Literature)",인문,Humanities,Bachelor's degree,4,Korean 100%,TOPIK 4 or above,March or September,https://ccll.cau.ac.kr/,+82-2-820-6574,,available departments (12).xlsx,Chung-Ang University,,
9,중앙대학교,Chung-Ang University,Embassy Track,A,Seoul,철학과,Philosophy,인문,Humanities,Bachelor's degree,4,Korean 100%,TOPIK 4 or above,March or September,http://spacl.dsso.kr/,+82-2-820-6574,,available departments (12).xlsx,Chung-Ang University,,
10,중앙대학교,Chung-Ang University,Embassy Track,A,Seoul,역사학과,History,인문,Humanities,Bachelor's degree,4,Korean 100%,TOPIK 4 or above,March or September,https://history.cau.ac.kr/,+82-2-820-6574,,available departments (12).xlsx,Chung-Ang University,,
11,중앙대학교,Chung-Ang University,Embassy Track,A,Seoul,정치국제학과,Political Science and International Relations,사회,Social Science,Bachelor's degree,4,Korean 100%,TOPIK 4 or above,March or September,https://politics.cau.ac.kr/,+82-2-820-6574,,available departments (12).xlsx,Chung-Ang University,,
12,중앙대학교,Chung-Ang University,Embassy Track,A,Seoul,공공인재학부,Public Administration,사회,Social Science,Bachelor's degree,4,Korean 100%,TOPIK 4 or above,March or September,https://public.cau.ac.kr/,+82-2-820-6574,,available departments (12).xlsx,Chung-Ang University,,
13,중앙대학교,Chung-Ang University,Embassy Track,A,Seoul,심리학과,Psychology,사회,Social Science,Bachelor's degree,4,Korean 100%,TOPIK 4 or above,March or September,https://psyche.cau.ac.kr/,+82-2-820-6574,,available departments (12).xlsx,Chung-Ang University,,
14,중앙대학교,Chung-Ang University,Embassy Track,A,Seoul,문헌정보학과,Library and Information Science,사회,Social Science,Bachelor's degree,4,Korean 100%,TOPIK 4 or above,March or September,https://lis.cau.ac.kr/,+82-2-820-6574,,available departments (12).xlsx,Chung-Ang University,,
15,중앙대학교,Chung-Ang University,Embassy Track,A,Seoul,사회복지학부,Social Welfare,사회,Social Science,Bachelor's degree,4,Korean 100%,TOPIK 4 or above,March or September,https://socialwelfare.cau.ac.kr/,+82-2-820-6574,,available departments (12).xlsx,Chung-Ang University,,
16,중앙대학교,Chung-Ang University,Embassy Track,A,Seoul,미디어커뮤니케이션학부,Media Communication,사회,Social Science,Bachelor's degree,4,Korean 100%,TOPIK 4 or above,March or September,https://cmc.cau.ac.kr/,+82-2-820-6574,,available departments (12).xlsx,Chung-Ang University,,
17,중앙대학교,Chung-Ang University,Embassy Track,A,Seoul,사회학과,Sociology,사회,Social Science,Bachelor's degree,4,Korean 100%,TOPIK 4 or above,March or September,https://sociology.cau.ac.kr/,+82-2-820-6574,,available departments (12).xlsx,Chung-Ang University,,
18,중앙대학교,Chung-Ang University,Embassy Track,A,Seoul,도시계획·부동산학과,Urban Planning and Real Estate,사회,Social Science,Bachelor's degree,4,Korean 100%,TOPIK 4 or above,March or September,https://planning.cau.ac.kr/,+82-2-820-6574,,available departments (12).xlsx,Chung-Ang University,,
19,중앙대학교,Chung-Ang University,Embassy Track,A,Seoul,물리학과,Physics,자연,Natural Science,Bachelor's degree,4,Korean 100%,TOPIK 4 or above,March or September,https://physics.cau.ac.kr/,+82-2-820-6574,,available departments (12).xlsx,Chung-Ang University,,
20,중앙대학교,Chung-Ang University,Embassy Track,A,Seoul,화학과,Chemistry,자연,Natural Science,Bachelor's degree,4,Korean 100%,TOPIK 4 or above,March or September,https://chem.cau.ac.kr/eng/index.html,+82-2-820-6574,,available departments (12).xlsx,Chung-Ang University,,
21,중앙대학교,Chung-Ang University,Embassy Track,A,Seoul,생명과학과,Biological Sciences,자연,Natural Science,Bachelor's degree,4,Korean 100%,TOPIK 4 or above,March or September,https://bio.cau.ac.kr/,+82-2-820-6574,,available departments (12).xlsx,Chung-Ang University,,
22,중앙대학교,Chung-Ang University,Embassy Track,A,Seoul,수학과,Mathematics,자연,Natural Science,Bachelor's degree,4,Korean 100%,TOPIK 4 or above,March or September,https://math.cau.ac.kr/,+82-2-820-6574,,available departments (12).xlsx,Chung-Ang University,,
23,중앙대학교,Chung-Ang University,Embassy Track,A,Seoul,사회기반시스템공학부(건설환경플랜트공학),"Social Infrastructure System
(Civil Environmental and Plant Engineering)",공학,Engineering,Bachelor's degree,4,Korean 100%,TOPIK 4 or above,March or September,https://civil.cau.ac.kr/,+82-2-820-6574,,available departments (12).xlsx,Chung-Ang University,,
24,중앙대학교,Chung-Ang University,Embassy Track,A,Seoul,사회기반시스템공학부(도시시스템공학),"Social Infrastructure System
(Urban Design and Studies)",공학,Engineering,Bachelor's degree,4,Korean 100%,TOPIK 4 or above,March or September,https://urban.cau.ac.kr/,+82-2-820-6574,,available departments (12).xlsx,Chung-Ang University,,
25,중앙대학교,Chung-Ang University,Embassy Track,A,Seoul,건축학부(건축공학),"Architecture and Building Science
(Architectural Engineering)",공학,Engineering,Bachelor's degree,4,Korean 100%,TOPIK 4 or above,March or September,http://archicau.com/wordpress/,+82-2-820-6574,,available departments (12).xlsx,Chung-Ang University,,
26,중앙대학교,Chung-Ang University,Embassy Track,A,Seoul,화학공학과,Chemical Engineering,공학,Engineering,Bachelor's degree,4,Korean 100%,TOPIK 4 or above,March or September,https://chemeng.cau.ac.kr/2018/main/index.php,+82-2-820-6574,,available departments (12).xlsx,Chung-Ang University,,
27,중앙대학교,Chung-Ang University,Embassy Track,A,Seoul,기계공학부,Mechanical Engineering,공학,Engineering,Bachelor's degree,4,Korean 100%,TOPIK 4 or above,March or September,https://me.cau.ac.kr/,+82-2-820-6574,,available departments (12).xlsx,Chung-Ang University,,
28,중앙대학교,Chung-Ang University,Embassy Track,A,Seoul,전자전기공학부,Electrical and Electronics Engineering,공학,Engineering,Bachelor's degree,4,Korean 100%,TOPIK 4 or above,March or September,https://e3home.cau.ac.kr/,+82-2-820-6574,,available departments (12).xlsx,Chung-Ang University,,
29,중앙대학교,Chung-Ang University,Embassy Track,A,Seoul,융합공학부,Integrative Engineering,공학,Engineering,Bachelor's degree,4,Korean 100%,TOPIK 5 or above,March or September,https://ie.cau.ac.kr/,+82-2-820-6574,,available departments (12).xlsx,Chung-Ang University,,
30,중앙대학교,Chung-Ang University,Embassy Track,A,Seoul,소프트웨어학부,Software,공학,Engineering,Bachelor's degree,4,Korean 100%,TOPIK 4 or above,March or September,https://cse.cau.ac.kr/main.php,+82-2-820-6574,,available departments (12).xlsx,Chung-Ang University,,
31,중앙대학교,Chung-Ang University,Embassy Track,A,Seoul,경영학부(경영학),Business Administration,사회,Social Science,Bachelor's degree,4,Korean 100%,TOPIK 4 or above,March or September,https://biz.cau.ac.kr/,+82-2-820-6574,,available departments (12).xlsx,Chung-Ang University,,
32,중앙대학교,Chung-Ang University,Embassy Track,A,Seoul,경제학부,Economics,사회,Social Science,Bachelor's degree,4,Korean 100%,TOPIK 4 or above,March or September,https://econ.cau.ac.kr/,+82-2-820-6574,,available departments (12).xlsx,Chung-Ang University,,
33,중앙대학교,Chung-Ang University,Embassy Track,A,Seoul,응용통계학과,Applied Statistics,사회,Social Science,Bachelor's degree,4,Korean 100%,TOPIK 4 or above,March or September,https://stat.cau.ac.kr/,+82-2-820-6574,,available departments (12).xlsx,Chung-Ang University,,
34,중앙대학교,Chung-Ang University,Embassy Track,A,Seoul,광고홍보학부(글로벌광고PR),"Advertising and Public Relations
(Global Advertising & PR)",사회,Social Science,Bachelor's degree,4,Korean 100%,TOPIK 4 or above,March or September,https://iadpr.cau.ac.kr/,+82-2-820-6574,,available departments (12).xlsx,Chung-Ang University,,
35,중앙대학교,Chung-Ang University,Embassy Track,A,Seoul,국제물류학과,International Logistics,사회,Social Science,Bachelor's degree,4,Korean 100%,TOPIK 4 or above,March or September,https://log.cau.ac.kr/,+82-2-820-6574,,available departments (12).xlsx,Chung-Ang University,,
36,중앙대학교,Chung-Ang University,Embassy Track,A,Da Vinci(Anseong),생명자원공학부(동물생명공학),"Bioresource and Bioscience
(Animal Science and Technology)",자연,Natural Science,Bachelor's degree,4,Korean 100%,TOPIK 4 or above,March or September,https://cobiotech.cau.ac.kr/animal/,+82-2-820-6574,,available departments (12).xlsx,Chung-Ang University,,
37,중앙대학교,Chung-Ang University,Embassy Track,A,Da Vinci(Anseong),생명자원공학부(식물생명공학),"Bioresource and Bioscience
(Plant Science and Technology)",자연,Natural Science,Bachelor's degree,4,Korean 100%,TOPIK 4 or above,March or September,https://cobiotech.cau.ac.kr/plant/,+82-2-820-6574,,available departments (12).xlsx,Chung-Ang University,,
38,중앙대학교,Chung-Ang University,Embassy Track,A,Da Vinci(Anseong),식품공학부(식품공학),"Food Science and Technology
(Food Science and Technology)",자연,Natural Science,Bachelor's degree,4,Korean 100%,TOPIK 4 or above,March or September,https://cobiotech.cau.ac.kr/foodtech/,+82-2-820-6574,,available departments (12).xlsx,Chung-Ang University,,
39,중앙대학교,Chung-Ang University,Embassy Track,A,Da Vinci(Anseong),식품공학부(식품영양학),"Food Science and Technology
(Food and Nutrition)",자연,Natural Science,Bachelor's degree,4,Korean 100%,TOPIK 4 or above,March or September,https://cobiotech.cau.ac.kr/foodnutri/,+82-2-820-6574,,available departments (12).xlsx,Chung-Ang University,,
40,중앙대학교,Chung-Ang University,Embassy Track,A,Da Vinci(Anseong),공연영상창작학부(무용),"Performing Arts and Media
(Dance)",예체능,Entertainment & Sports,Bachelor's degree,4,Korean 100%,TOPIK 4 or above,March or September,https://dance.cau.ac.kr/user-datas/ko/main.asp,+82-2-820-6574,,available departments (12).xlsx,Chung-Ang University,,
41,중앙대학교,Chung-Ang University,Embassy Track,A,Da Vinci(Anseong),디자인학부(공예),Design(Crafts),예체능,Entertainment & Sports,Bachelor's degree,4,Korean 100%,TOPIK 3 or above,March or September,https://craftart.cau.ac.kr/,+82-2-820-6574,,available departments (12).xlsx,Chung-Ang University,,
42,중앙대학교,Chung-Ang University,Embassy Track,A,Da Vinci(Anseong),디자인학부(산업디자인),Design(Industrial Design),예체능,Entertainment & Sports,Bachelor's degree,4,Korean 100%,TOPIK 3 or above,March or September,https://id.cau.ac.kr/user-datas/ko/main.asp,+82-2-820-6574,,available departments (12).xlsx,Chung-Ang University,,
43,중앙대학교,Chung-Ang University,Embassy Track,A,Da Vinci(Anseong),디자인학부(시각디자인),Design(Visual Communication Design),예체능,Entertainment & Sports,Bachelor's degree,4,Korean 100%,TOPIK 3 or above,March or September,https://vd.cau.ac.kr/user-datas/ko/main.asp,+82-2-820-6574,,available departments (12).xlsx,Chung-Ang University,,
44,중앙대학교,Chung-Ang University,Embassy Track,A,Da Vinci(Anseong),디자인학부(실내환경디자인),Design(Housing and Interior Design),예체능,Entertainment & Sports,Bachelor's degree,4,Korean 100%,TOPIK 3 or above,March or September,https://www.indesign.cau.ac.kr/,+82-2-820-6574,,available departments (12).xlsx,Chung-Ang University,,
45,중앙대학교,Chung-Ang University,Embassy Track,A,Da Vinci(Anseong),디자인학부(패션),Design(Fashion),예체능,Entertainment & Sports,Bachelor's degree,4,Korean 100%,TOPIK 3 or above,March or September,https://fashion.cau.ac.kr/,+82-2-820-6574,,available departments (12).xlsx,Chung-Ang University,,
46,중앙대학교,Chung-Ang University,Embassy Track,A,Da Vinci(Anseong),음악학부(작곡),Music(Composing),예체능,Entertainment & Sports,Bachelor's degree,4,Korean 100%,TOPIK 4 or above,March,https://music.cau.ac.kr/bm/bm_3.php,+82-2-820-6574,,available departments (12).xlsx,Chung-Ang University,,
47,중앙대학교,Chung-Ang University,Embassy Track,A,Da Vinci(Anseong),음악학부(피아노),Music(Piano),예체능,Entertainment & Sports,Bachelor's degree,4,Korean 100%,TOPIK 4 or above,March,https://music.cau.ac.kr/bm/bm_4.php,+82-2-820-6574,,available departments (12).xlsx,Chung-Ang University,,
48,중앙대학교,Chung-Ang University,Embassy Track,A,Da Vinci(Anseong),전통예술학부(음악예술),Korean Music(Music Arts),예체능,Entertainment & Sports,Bachelor's degree,4,Korean 100%,TOPIK 4 or above,March or September,https://koreanmusic.cau.ac.kr/user-datas/ko/main.asp,+82-2-820-6574,,available departments (12).xlsx,Chung-Ang University,,
49,중앙대학교,Chung-Ang University,Embassy Track,A,Da Vinci(Anseong),글로벌예술학부(TV방송연예),"Global Arts
(TV Broadcasting and Entertainment)",예체능,Entertainment & Sports,Bachelor's degree,4,Korean 100%,TOPIK 4 or above,March or September,https://globalarts.cau.ac.kr/,+82-2-820-6574,,available departments (12).xlsx,Chung-Ang University,,
50,중앙대학교,Chung-Ang University,Embassy Track,A,Da Vinci(Anseong),글로벌예술학부(실용음악),"Global Arts
(Applied Music)",예체능,Entertainment & Sports,Bachelor's degree,4,Korean 100%,TOPIK 3 or above,March or September,https://globalarts.cau.ac.kr/,+82-2-820-6574,,available departments (12).xlsx,Chung-Ang University,,
51,중앙대학교,Chung-Ang University,Embassy Track,A,Da Vinci(Anseong),글로벌예술학부(게임콘텐츠·애니메이션),"Global Arts
(Game Contents and Animation)",예체능,Entertainment & Sports,Bachelor's degree,4,Korean 100%,TOPIK 3 or above,March or September,https://globalarts.cau.ac.kr/,+82-2-820-6574,,available departments (12).xlsx,Chung-Ang University,,
52,중앙대학교,Chung-Ang University,Embassy Track,A,Da Vinci(Anseong),스포츠과학부,Sports Science,예체능,Entertainment & Sports,Bachelor's degree,4,Korean 100%,TOPIK 4 or above,March or September,http://sport.cau.ac.kr/,+82-2-820-6574,,available departments (12).xlsx,Chung-Ang University,,
53,중앙대학교,Chung-Ang University,Embassy Track,A,Da Vinci(Anseong),예술공학부,Art and Technology,공학,Engineering,Bachelor's degree,4,Korean 100%,TOPIK 4 or above,March or September,https://artech.cau.ac.kr/,+82-2-820-6574,,available departments (12).xlsx,Chung-Ang University,,
No.,대학명,"University
(대학알리미 공시 명칭)","Application
Track",Embassy Track Type,Campus Location,학과명,"Department
(대학알리미 공시 명칭)",학과계열,"Field of Study
(Division)",Degree Program,"Period
(years)",Medium of Instruction,Required TOPIK for Admission after Language Program,Program starts,Website URL for detailed information,Telephone for detailed information,Remarks,available departments (13).xlsx,Dongguk University,,
1,동국대학교,Dongguk University,Embassy Track,A,Seoul,불교학부,Division of Buddhist Studies,인문,Humanities,Bachelor's degree,4,Korean 100%,TOPIK 3 or above,March or September,https://bs.dongguk.edu/main,+82-2-2260-3098,,available departments (13).xlsx,Dongguk University,,
2,동국대학교,Dongguk University,Embassy Track,A,Seoul,문화유산학과,Dept. of Cultural Heritage,인문,Humanities,Bachelor's degree,4,Korean 100%,TOPIK 3 or above,March or September,https://ch.dongguk.edu/main,+82-2-2260-3098,,available departments (13).xlsx,Dongguk University,,
3,동국대학교,Dongguk University,Embassy Track,A,Seoul,국어국문·문예창작학부,"Division of Korean Language, Literature, and Creative Writing",인문,Humanities,Bachelor's degree,4,Korean 100%,TOPIK 3 or above,March or September,https://kor-cre.dongguk.edu/main,+82-2-2260-8706,,available departments (13).xlsx,Dongguk University,,
4,동국대학교,Dongguk University,Embassy Track,A,Seoul,영어영문학부,Division of English Language and Literature,인문,Humanities,Bachelor's degree,4,Korean 100%,TOPIK 3 or above,March or September,https://english.dongguk.edu/main,+82-2-2260-8705,,available departments (13).xlsx,Dongguk University,,
5,동국대학교,Dongguk University,Embassy Track,A,Seoul,일본학과,Dept. of Japanese Studies,인문,Humanities,Bachelor's degree,4,Korean 100%,TOPIK 3 or above,March or September,https://dj.dongguk.edu/main,+82-2-2260-8710,,available departments (13).xlsx,Dongguk University,,
6,동국대학교,Dongguk University,Embassy Track,A,Seoul,중어중문학과,Dept. of Chinese Language and Literature,인문,Humanities,Bachelor's degree,4,Korean 100%,TOPIK 3 or above,March or September,https://china.dongguk.edu/main,+82-2-2260-8711,,available departments (13).xlsx,Dongguk University,,
7,동국대학교,Dongguk University,Embassy Track,A,Seoul,철학과,Dept. of Philosophy,인문,Humanities,Bachelor's degree,4,Korean 100%,TOPIK 3 or above,March or September,https://sophia.dongguk.edu/main,+82-2-2260-8728,,available departments (13).xlsx,Dongguk University,,
8,동국대학교,Dongguk University,Embassy Track,A,Seoul,사학과,Dept. of History,인문,Humanities,Bachelor's degree,4,Korean 100%,TOPIK 3 or above,March or September,https://history.dongguk.edu/main,+82-2-2260-8671,,available departments (13).xlsx,Dongguk University,,
9,동국대학교,Dongguk University,Embassy Track,A,Seoul,수학과,Dept. of Mathematics,자연,Natural Sciences,Bachelor's degree,4,Korean 100%,TOPIK 3 or above,March or September,https://math.dongguk.edu/main,+82-2-2260-8712,,available departments (13).xlsx,Dongguk University,,
10,동국대학교,Dongguk University,Embassy Track,A,Seoul,화학과,Dept. of Chemistry,자연,Natural Sciences,Bachelor's degree,4,Korean 100%,TOPIK 3 or above,March or September,https://chem.dongguk.edu/main,+82-2-2260-8714,,available departments (13).xlsx,Dongguk University,,
11,동국대학교,Dongguk University,Embassy Track,A,Seoul,통계학과,Dept. of Statistics,자연,Natural Sciences,Bachelor's degree,4,Korean 100%,TOPIK 3 or above,March or September,https://stat.dongguk.edu/main,+82-2-2260-8715,,available departments (13).xlsx,Dongguk University,,
12,동국대학교,Dongguk University,Embassy Track,A,Seoul,물리·반도체과학부,Dept. of Physics·Semiconductor Science,자연,Natural Sciences,Bachelor's degree,4,Korean 100%,TOPIK 3 or above,March or September,https://physics.dongguk.edu/main,+82-2-2260-8713,,available departments (13).xlsx,Dongguk University,,
13,동국대학교,Dongguk University,Embassy Track,A,Seoul,법학과,Dept. Of Law,사회,Social Sciences,Bachelor's degree,4,Korean 100%,TOPIK 3 or above,March or September,https://law.dongguk.edu/main,+82-2-2260-8724,,available departments (13).xlsx,Dongguk University,,
14,동국대학교,Dongguk University,Embassy Track,A,Seoul,정치외교학전공,Major of Political Science and Diplomacy,사회,Social Sciences,Bachelor's degree,4,Korean 100%,TOPIK 3 or above,March or September,https://politics.dongguk.edu/main,+82-2-2260-8717,,available departments (13).xlsx,Dongguk University,,
15,동국대학교,Dongguk University,Embassy Track,A,Seoul,행정학전공,Major of Public Administration,사회,Social Sciences,Bachelor's degree,4,Korean 100%,TOPIK 3 or above,March or September,https://pa.dongguk.edu/main,+82-2-2260-8718,,available departments (13).xlsx,Dongguk University,,
16,동국대학교,Dongguk University,Embassy Track,A,Seoul,북한학전공,Major of North Korean Studies,사회,Social Sciences,Bachelor's degree,4,Korean 100%,TOPIK 3 or above,March or September,https://nk.dongguk.edu/main,+82-2-2260-8721,,available departments (13).xlsx,Dongguk University,,
17,동국대학교,Dongguk University,Embassy Track,A,Seoul,경제학과,Dept. of Economics,사회,Social Sciences,Bachelor's degree,4,Korean 100%,TOPIK 3 or above,March or September,https://econ.dongguk.edu/main,+82-2-2260-8725,,available departments (13).xlsx,Dongguk University,,
18,동국대학교,Dongguk University,Embassy Track,A,Seoul,국제통상학과,Dept. of International Trade,사회,Social Sciences,Bachelor's degree,4,Korean 100%,TOPIK 3 or above,March or September,https://itrade.dongguk.edu/main,+82-2-2260-3505,,available departments (13).xlsx,Dongguk University,,
19,동국대학교,Dongguk University,Embassy Track,A,Seoul,사회학전공,Major of Sociology,사회,Social Sciences,Bachelor's degree,4,Korean 100%,TOPIK 3 or above,March or September,https://sociology.dongguk.edu/main,+82-2-2260-8720,,available departments (13).xlsx,Dongguk University,,
20,동국대학교,Dongguk University,Embassy Track,A,Seoul,미디어커뮤니케이션학전공,Major of Media Communication,사회,Social Sciences,Bachelor's degree,4,Korean 100%,TOPIK 5 or above,March or September,https://comm.dongguk.edu/,+82-2-2260-8723,,available departments (13).xlsx,Dongguk University,,
21,동국대학교,Dongguk University,Embassy Track,A,Seoul,식품산업관리학과,Dept. of Food Industrial Management,사회,Social Sciences,Bachelor's degree,4,Korean 100%,TOPIK 3 or above,March or September,https://foodindus.dongguk.edu/main,+82-2-2260-8730,,available departments (13).xlsx,Dongguk University,,
22,동국대학교,Dongguk University,Embassy Track,A,Seoul,광고홍보학과,Dept. of Advertising and Public Relations,사회,Social Sciences,Bachelor's degree,4,Korean 100%,TOPIK 3 or above,March or September,http://dguadpr.kr/,+82-2-2260-8729,,available departments (13).xlsx,Dongguk University,,
23,동국대학교,Dongguk University,Embassy Track,A,Seoul,사회복지학과,Dept. of Social Welfare,사회,Social Sciences,Bachelor's degree,4,Korean 100%,TOPIK 3 or above,March or September,https://welfare.dongguk.edu/main,+82-2-2260-8704,,available departments (13).xlsx,Dongguk University,,
24,동국대학교,Dongguk University,Embassy Track,A,Seoul,경찰행정학부,School of Police Administration,사회,Social Sciences,Bachelor's degree,4,Korean 100%,TOPIK 3 or above,March or September,https://police.dongguk.edu/main,+82-2-2260-8719,,available departments (13).xlsx,Dongguk University,,
25,동국대학교,Dongguk University,Embassy Track,A,Seoul,경영학과,Dept. of Business Administration,사회,Social Sciences,Bachelor's degree,4,Korean 100%,TOPIK 3 or above,March or September,https://mgt.dongguk.edu/main,+82-2-2260-3502,,available departments (13).xlsx,Dongguk University,,
26,동국대학교,Dongguk University,Embassy Track,A,Seoul,회계학과,Dept. of Accounting,사회,Social Sciences,Bachelor's degree,4,Korean 100%,TOPIK 3 or above,March or September,https://acc.dongguk.edu/main,+82-2-2260-3518,,available departments (13).xlsx,Dongguk University,,
27,동국대학교,Dongguk University,Embassy Track,A,Seoul,경영정보학과,Dept. of Management Information System,사회,Social Sciences,Bachelor's degree,4,Korean 100%,TOPIK 3 or above,March or September,https://mis.dongguk.edu/main,+82-2-2260-3517,,available departments (13).xlsx,Dongguk University,,
28,동국대학교,Dongguk University,Embassy Track,A,Seoul,전자전기공학부,Division of Electronics and Electrical Engineering,공학,Engineering,Bachelor's degree,4,Korean 100%,TOPIK 3 or above,March or September,https://dee.dongguk.edu/,+82-2-2260-8735,,available departments (13).xlsx,Dongguk University,,
29,동국대학교,Dongguk University,Embassy Track,A,Seoul,정보통신공학과,Dept. of Information Communication Engineering,공학,Engineering,Bachelor's degree,4,Korean 100%,TOPIK 3 or above,March or September,https://ice.dongguk.edu/,+82-2-2260-8755,,available departments (13).xlsx,Dongguk University,,
30,동국대학교,Dongguk University,Embassy Track,A,Seoul,건설환경공학과,Dept. of Civil and Environmental Engineering,공학,Engineering,Bachelor's degree,4,Korean 100%,TOPIK 3 or above,March or September,https://civil.dongguk.edu/,+82-2-2260-8737,,available departments (13).xlsx,Dongguk University,,
31,동국대학교,Dongguk University,Embassy Track,A,Seoul,화공생물공학과,Dept. of Chemical and Biochemical Engineering,공학,Engineering,Bachelor's degree,4,Korean 100%,TOPIK 3 or above,March or September,https://chembioeng.dongguk.edu/,+82-2-2260-8739,,available departments (13).xlsx,Dongguk University,,
32,동국대학교,Dongguk University,Embassy Track,A,Seoul,기계로봇에너지공학과,"Dept. of Mechanical, Robotics and Energy Engineering",공학,Engineering,Bachelor's degree,4,Korean 100%,TOPIK 3 or above,March or September,https://mecha.dongguk.edu/,+82-2-2260-8580,,available departments (13).xlsx,Dongguk University,,
33,동국대학교,Dongguk University,Embassy Track,A,Seoul,건축공학부,Division of Architectural Engineering,공학,Engineering,Bachelor's degree,4,Korean 100%,TOPIK 3 or above,March or September,https://archi.dongguk.edu/,+82-2-2260-8738,,available departments (13).xlsx,Dongguk University,,
34,동국대학교,Dongguk University,Embassy Track,A,Seoul,산업시스템공학과,Dept. of Industrial and Systems Engineering,공학,Engineering,Bachelor's degree,4,Korean 100%,TOPIK 3 or above,March or September,https://ise.dongguk.edu/main,+82-2-2260-8743,,available departments (13).xlsx,Dongguk University,,
35,동국대학교,Dongguk University,Embassy Track,A,Seoul,에너지신소재공학과,Dept. of Energy and Materials Engineering,공학,Engineering,Bachelor's degree,4,Korean 100%,TOPIK 3 or above,March or September,https://me.dongguk.edu/,+82-2-2260-8513,,available departments (13).xlsx,Dongguk University,,
36,동국대학교,Dongguk University,Embassy Track,A,Seoul,컴퓨터·AI학부,Division of Computer Science and Artificial Intelligence,공학,Engineering,Bachelor's degree,4,Korean 100%,TOPIK 3 or above,March or September,https://cs.dongguk.edu/,+82-2-2260-8760,,available departments (13).xlsx,Dongguk University,,
37,동국대학교,Dongguk University,Embassy Track,A,Seoul,시스템반도체학부,Division of System Semiconductor,공학,Engineering,Bachelor's degree,4,Korean 100%,TOPIK 3 or above,March or September,https://semicon.dongguk.edu/,+82-2-2260-8740,,available departments (13).xlsx,Dongguk University,,
38,동국대학교,Dongguk University,Embassy Track,A,Seoul,영화영상학과,Dept. of Film and Digital Media,예체능,Arts & Sports,Bachelor's degree,4,Korean 100%,TOPIK 5 or above,March or September,https://movie.dongguk.edu/,+82-2-2260-8754,,available departments (13).xlsx,Dongguk University,,
39,동국대학교,Dongguk University,Embassy Track,A,Gyeonggi / Goyang,생명과학과,Dept. of Life Science,자연,Natural Sciences,Bachelor's degree,4,Korean 100%,TOPIK 3 or above,March or September,https://lifescience.dongguk.edu/main,+82-31-961-5348,,available departments (13).xlsx,Dongguk University,,
40,동국대학교,Dongguk University,Embassy Track,A,Gyeonggi / Goyang,융합환경과학과,Dept. of Convergent Environmental Science,자연,Natural Sciences,Bachelor's degree,4,Korean 100%,TOPIK 3 or above,March or September,https://env.dongguk.edu/main,+82-31-961-5347,,available departments (13).xlsx,Dongguk University,,
41,동국대학교,Dongguk University,Embassy Track,A,Gyeonggi / Goyang,의생명공학과,Dept. of Biomedical Engineering,공학,Engineering,Bachelor's degree,4,Korean 100%,TOPIK 3 or above,March or September,https://mbt.dongguk.edu/main,+82-31-961-5350,,available departments (13).xlsx,Dongguk University,,
42,동국대학교,Dongguk University,Embassy Track,A,Gyeonggi / Goyang,식품바이오융합공학과,Dept. of Food-Bioscience Integrative Technology ,공학,Engineering,Bachelor's degree,4,Korean 100%,TOPIK 3 or above,March or September,https://food.dongguk.edu/main,+82-31-961-5349,,available departments (13).xlsx,Dongguk University,,
No.,대학명,"University
(대학알리미 공시 명칭)",Campus Location,"Application
Track",Embassy Track Type,"모집단위
(학과, 학부 등)","Department
(대학알리미 공시 명칭)",학과계열,"Field of Study
(Division)",Degree Program,"Period
(years)",Medium of Instruction,Required TOPIK for Admission after Language Program,Program starts,Website URL for detailed information,Email for detailed information,Remarks,available departments (14).xlsx,Ewha Womans University,,
1,이화여자대학교,Ewha Womans University,Seoul / Sinchon,Embassy Track,A,국어국문학과,Korean Language & Literature,인문,Humanities,Bachelor's degree,4,Korean 100%,TOPIK 3 or above,March or September,https://kukewha.ewha.ac.kr/kukewha/index.do,e600003@ewha.ac.kr,,available departments (14).xlsx,Ewha Womans University,,
2,이화여자대학교,Ewha Womans University,Seoul / Sinchon,Embassy Track,A,중어중문학과,Chinese Language & Literature,인문,Humanities,Bachelor's degree,4,Korean 100%,TOPIK 3 or above,March or September,https://zhongwen.ewha.ac.kr/zhongwen/index.do,e600007@ewha.ac.kr,,available departments (14).xlsx,Ewha Womans University,,
3,이화여자대학교,Ewha Womans University,Seoul / Sinchon,Embassy Track,A,불어불문학과,French Language & Literature,인문,Humanities,Bachelor's degree,4,Korean 100%,TOPIK 3 or above,March or September,https://france.ewha.ac.kr/france/index.do,e600008@ewha.ac.kr,,available departments (14).xlsx,Ewha Womans University,,
4,이화여자대학교,Ewha Womans University,Seoul / Sinchon,Embassy Track,A,독어독문학과,German Language & Literature,인문,Humanities,Bachelor's degree,4,Korean 100%,TOPIK 3 or above,March or September,https://cmsfox.ewha.ac.kr/german/index.do,e600009@ewha.ac.kr,,available departments (14).xlsx,Ewha Womans University,,
5,이화여자대학교,Ewha Womans University,Seoul / Sinchon,Embassy Track,A,사학과,History,인문,Humanities,Bachelor's degree,4,Korean 100%,TOPIK 3 or above,March or September,http://history.ewha.ac.kr/,e600006@ewha.ac.kr,,available departments (14).xlsx,Ewha Womans University,,
6,이화여자대학교,Ewha Womans University,Seoul / Sinchon,Embassy Track,A,철학과,Philosophy,인문,Humanities,Bachelor's degree,4,Korean 100%,TOPIK 3 or above,March or September,https://philos.ewha.ac.kr/philos/index.do,e600005@ewha.ac.kr,,available departments (14).xlsx,Ewha Womans University,,
7,이화여자대학교,Ewha Womans University,Seoul / Sinchon,Embassy Track,A,기독교학과,Christian Studies,인문,Humanities,Bachelor's degree,4,Korean 100%,TOPIK 3 or above,March or September,https://christa.ewha.ac.kr/christa/index.do,e600004@ewha.ac.kr,,available departments (14).xlsx,Ewha Womans University,,
8,이화여자대학교,Ewha Womans University,Seoul / Sinchon,Embassy Track,A,영어영문학부,Division of English Language & Literature,인문,Humanities,Bachelor's degree,4,Korean / English,TOPIK 3 or above,March or September,http://english.ewha.ac.kr/,e600010@ewha.ac.kr,,available departments (14).xlsx,Ewha Womans University,,
9,이화여자대학교,Ewha Womans University,Seoul / Sinchon,Embassy Track,A,정치외교학과,Political Science & International Relations,사회,Social Sciences,Bachelor's degree,4,Korean 100%,TOPIK 3 or above,March or September,https://politics.ewha.ac.kr/politics/index.do,e600039@ewha.ac.kr,,available departments (14).xlsx,Ewha Womans University,,
10,이화여자대학교,Ewha Womans University,Seoul / Sinchon,Embassy Track,A,행정학과,Public Administration,사회,Social Sciences,Bachelor's degree,4,Korean 100%,TOPIK 3 or above,March or September,https://pubweb.ewha.ac.kr/pubweb/index.do,pubweb@ewha.ac.kr,,available departments (14).xlsx,Ewha Womans University,,
11,이화여자대학교,Ewha Womans University,Seoul / Sinchon,Embassy Track,A,경제학과,Economics,사회,Social Sciences,Bachelor's degree,4,Korean 100%,TOPIK 3 or above,March or September,https://econ.ewha.ac.kr/econ/index.do,e600041@ewha.ac.kr,,available departments (14).xlsx,Ewha Womans University,,
12,이화여자대학교,Ewha Womans University,Seoul / Sinchon,Embassy Track,A,문헌정보학과,Library & Information Science,사회,Social Sciences,Bachelor's degree,4,Korean 100%,TOPIK 3 or above,March or September,https://elis1959.ewha.ac.kr/elis1959/index.do,elis@ewha.ac.kr,,available departments (14).xlsx,Ewha Womans University,,
13,이화여자대학교,Ewha Womans University,Seoul / Sinchon,Embassy Track,A,사회학과,Sociology,사회,Social Sciences,Bachelor's degree,4,Korean 100%,TOPIK 3 or above,March or September,https://sociology.ewha.ac.kr/socio30/index.do,socio30@ewha.ac.kr,,available departments (14).xlsx,Ewha Womans University,,
14,이화여자대학교,Ewha Womans University,Seoul / Sinchon,Embassy Track,A,사회복지학과,Social Welfare,사회,Social Sciences,Bachelor's degree,4,Korean 100%,TOPIK 3 or above,March or September,https://sw.ewha.ac.kr/sw/index.do,e600045@ewha.ac.kr,,available departments (14).xlsx,Ewha Womans University,,
15,이화여자대학교,Ewha Womans University,Seoul / Sinchon,Embassy Track,A,심리학과,Psychology,사회,Social Sciences,Bachelor's degree,4,Korean 100%,TOPIK 3 or above,March or September,https://psych.ewha.ac.kr/psych/index.do,psychology@ewha.ac.kr,,available departments (14).xlsx,Ewha Womans University,,
16,이화여자대학교,Ewha Womans University,Seoul / Sinchon,Embassy Track,A,소비자학과,Consumer Studies,사회,Social Sciences,Bachelor's degree,4,Korean 100%,TOPIK 3 or above,March or September,https://consume.ewha.ac.kr/consume/index.do,consume@ewha.ac.kr,,available departments (14).xlsx,Ewha Womans University,,
17,이화여자대학교,Ewha Womans University,Seoul / Sinchon,Embassy Track,A,커뮤니케이션·미디어학부,Division of Communication & Media,사회,Social Sciences,Bachelor's degree,4,Korean 100%,TOPIK 3 or above,March or September,http://masscomm.ewha.ac.kr/,masscomm@ewha.ac.kr,,available departments (14).xlsx,Ewha Womans University,,
18,이화여자대학교,Ewha Womans University,Seoul / Sinchon,Embassy Track,A,수학과,Mathematics,자연,Natural Sciences,Bachelor's degree,4,Korean 100%,TOPIK 3 or above,March or September,http://math.ewha.ac.kr/,e600186@ewha.ac.kr,,available departments (14).xlsx,Ewha Womans University,,
19,이화여자대학교,Ewha Womans University,Seoul / Sinchon,Embassy Track,A,통계학과,Statistics,자연,Natural Sciences,Bachelor's degree,4,Korean 100%,TOPIK 3 or above,March or September,http://stat.ewha.ac.kr/,e600190@ewha.ac.kr,,available departments (14).xlsx,Ewha Womans University,,
20,이화여자대학교,Ewha Womans University,Seoul / Sinchon,Embassy Track,A,물리학과,Physics,자연,Natural Sciences,Bachelor's degree,4,Korean 100%,TOPIK 3 or above,March or September,http://physics.ewha.ac.kr/,e600187@ewha.ac.kr,,available departments (14).xlsx,Ewha Womans University,,
21,이화여자대학교,Ewha Womans University,Seoul / Sinchon,Embassy Track,A,화학·나노과학과,Chemistry & Nano Science,자연,Natural Sciences,Bachelor's degree,4,Korean 100%,TOPIK 3 or above,March or September,https://myr.ewha.ac.kr/chem/index.do,e600189@ewha.ac.kr,,available departments (14).xlsx,Ewha Womans University,,
22,이화여자대학교,Ewha Womans University,Seoul / Sinchon,Embassy Track,A,생명과학과,Life Sciences,자연,Natural Sciences,Bachelor's degree,4,Korean 100%,TOPIK 3 or above,March or September,https://biology.ewha.ac.kr/,e600250@ewha.ac.kr  ,,available departments (14).xlsx,Ewha Womans University,,
23,이화여자대학교,Ewha Womans University,Seoul / Sinchon,Embassy Track,A,전자전기공학전공,Electronic and Electrical Engineering,공학,Engineering,Bachelor's degree,4,Korean 100%,TOPIK 3 or above,March or September,https://ee.ewha.ac.kr/ewhaeleca/index.do,e600177@ewha.ac.kr,,available departments (14).xlsx,Ewha Womans University,,
24,이화여자대학교,Ewha Womans University,Seoul / Sinchon,Embassy Track,A,지능형반도체공학전공,Semiconductor Engineering,공학,Engineering,Bachelor's degree,4,Korean 100%,TOPIK 3 or above,March or September,https://ee.ewha.ac.kr/ewhaeleca/index.do,e600255@ewha.ac.kr,,available departments (14).xlsx,Ewha Womans University,,
25,이화여자대학교,Ewha Womans University,Seoul / Sinchon,Embassy Track,A,식품생명공학전공,Food Science and Biotechnology,공학,Engineering,Bachelor's degree,4,Korean 100%,TOPIK 3 or above,March or September,https://foodbiotech.ewha.ac.kr/foodbiotech/index.do,e600061@ewha.ac.kr,,available departments (14).xlsx,Ewha Womans University,,
26,이화여자대학교,Ewha Womans University,Seoul / Sinchon,Embassy Track,A,화공신소재공학전공,Chemical Engineering and Materials Science,공학,Engineering,Bachelor's degree,4,Korean 100%,TOPIK 3 or above,March or September,https://chems.ewha.ac.kr/,e600172@ewha.ac.kr,,available departments (14).xlsx,Ewha Womans University,,
27,이화여자대학교,Ewha Womans University,Seoul / Sinchon,Embassy Track,A,건축학전공,Architecture,공학,Engineering,Bachelor's degree,5,Korean 100%,TOPIK 3 or above,March or September,http://ea.ewha.ac.kr/,ewharchi@ewha.ac.kr,,available departments (14).xlsx,Ewha Womans University,,
28,이화여자대학교,Ewha Womans University,Seoul / Sinchon,Embassy Track,A,건축도시시스템공학전공,Architectural and Urban Systems Engineering,공학,Engineering,Bachelor's degree,4,Korean 100%,TOPIK 3 or above,March or September,http://ewharchi.ewha.ac.kr/ewharchi/index.do,e600182@ewha.ac.kr,,available departments (14).xlsx,Ewha Womans University,,
29,이화여자대학교,Ewha Womans University,Seoul / Sinchon,Embassy Track,A,환경공학전공,Environmental Science and Engineering,공학,Engineering,Bachelor's degree,4,Korean 100%,TOPIK 3 or above,March or September,https://environewha.ewha.ac.kr/environewha/index.do,e600185@ewha.ac.kr,,available departments (14).xlsx,Ewha Womans University,,
30,이화여자대학교,Ewha Womans University,Seoul / Sinchon,Embassy Track,A,기후·에너지시스템공학전공,Climate and Energy Systems Engineering,공학,Engineering,Bachelor's degree,4,Korean 100%,TOPIK 3 or above,March or September,http://cese.ewha.ac.kr/,e600171@ewha.ac.kr,,available departments (14).xlsx,Ewha Womans University,,
31,이화여자대학교,Ewha Womans University,Seoul / Sinchon,Embassy Track,A,휴먼기계바이오공학부,Division of Mechanical and Biomedical Engineering,공학,Engineering,Bachelor's degree,4,Korean 100%,TOPIK 3 or above,March or September,http://mbe.ewha.ac.kr/,mbe@ewha.ac.kr,,available departments (14).xlsx,Ewha Womans University,,
32,이화여자대학교,Ewha Womans University,Seoul / Sinchon,Embassy Track,A,건반악기과,Keyboard Instruments,예체능,Arts & Sports,Bachelor's degree,4,Korean 100%,TOPIK 3 or above,March or September,http://music.ewha.ac.kr/,e600141@ewha.ac.kr,Must Submit portfolio(please refer to the '2027 GKS-U Overview of Ewha Womans-U'),available departments (14).xlsx,Ewha Womans University,,
33,이화여자대학교,Ewha Womans University,Seoul / Sinchon,Embassy Track,A,관현악과,Orchestral Instruments,예체능,Arts & Sports,Bachelor's degree,4,Korean 100%,TOPIK 3 or above,March or September,http://music.ewha.ac.kr/,e600142@ewha.ac.kr,Must Submit portfolio(please refer to the '2027 GKS-U Overview of Ewha Womans-U'),available departments (14).xlsx,Ewha Womans University,,
34,이화여자대학교,Ewha Womans University,Seoul / Sinchon,Embassy Track,A,성악과,Voice,예체능,Arts & Sports,Bachelor's degree,4,Korean 100%,TOPIK 3 or above,March or September,http://music.ewha.ac.kr/,e600143@ewha.ac.kr,Must Submit portfolio(please refer to the '2027 GKS-U Overview of Ewha Womans-U'),available departments (14).xlsx,Ewha Womans University,,
35,이화여자대학교,Ewha Womans University,Seoul / Sinchon,Embassy Track,A,작곡과,Composition,예체능,Arts & Sports,Bachelor's degree,4,Korean 100%,TOPIK 3 or above,March or September,http://music.ewha.ac.kr/,e600144@ewha.ac.kr,Must Submit portfolio(please refer to the '2027 GKS-U Overview of Ewha Womans-U'),available departments (14).xlsx,Ewha Womans University,,
36,이화여자대학교,Ewha Womans University,Seoul / Sinchon,Embassy Track,A,한국음악과,Korean Music,예체능,Arts & Sports,Bachelor's degree,4,Korean 100%,TOPIK 3 or above,March or September,http://music.ewha.ac.kr/,e600145@ewha.ac.kr,Must Submit portfolio(please refer to the '2027 GKS-U Overview of Ewha Womans-U'),available departments (14).xlsx,Ewha Womans University,,
37,이화여자대학교,Ewha Womans University,Seoul / Sinchon,Embassy Track,A,무용과,Dance,예체능,Arts & Sports,Bachelor's degree,4,Korean 100%,TOPIK 3 or above,March or September,http://cms.ewha.ac.kr/user/dance/,e600053@ewha.ac.kr,Must Submit portfolio(please refer to the '2027 GKS-U Overview of Ewha Womans-U'),available departments (14).xlsx,Ewha Womans University,,
38,이화여자대학교,Ewha Womans University,Seoul / Sinchon,Embassy Track,A,동양화전공,Korean Painting,예체능,Arts & Sports,Bachelor's degree,4,Korean 100%,TOPIK 3 or above,March or September,http://artndesign.ewha.ac.kr/artewha/index.do,e600013@ewha.ac.kr,Must Submit portfolio(please refer to the '2027 GKS-U Overview of Ewha Womans-U'),available departments (14).xlsx,Ewha Womans University,,
39,이화여자대학교,Ewha Womans University,Seoul / Sinchon,Embassy Track,A,서양화전공,Painting,예체능,Arts & Sports,Bachelor's degree,4,Korean 100%,TOPIK 3 or above,March or September,http://artndesign.ewha.ac.kr/artewha/index.do,e600014@ewha.ac.kr,Must Submit portfolio(please refer to the '2027 GKS-U Overview of Ewha Womans-U'),available departments (14).xlsx,Ewha Womans University,,
40,이화여자대학교,Ewha Womans University,Seoul / Sinchon,Embassy Track,A,조소전공,Sculpture,예체능,Arts & Sports,Bachelor's degree,4,Korean 100%,TOPIK 3 or above,March or September,http://artndesign.ewha.ac.kr/artewha/index.do,e600015@ewha.ac.kr,Must Submit portfolio(please refer to the '2027 GKS-U Overview of Ewha Womans-U'),available departments (14).xlsx,Ewha Womans University,,
41,이화여자대학교,Ewha Womans University,Seoul / Sinchon,Embassy Track,A,도자예술전공,Ceramic Arts,예체능,Arts & Sports,Bachelor's degree,4,Korean 100%,TOPIK 3 or above,March or September,http://artndesign.ewha.ac.kr/artewha/index.do,e600021@ewha.ac.kr,Must Submit portfolio(please refer to the '2027 GKS-U Overview of Ewha Womans-U'),available departments (14).xlsx,Ewha Womans University,,
42,이화여자대학교,Ewha Womans University,Seoul / Sinchon,Embassy Track,A,공간디자인전공,Space Design,예체능,Arts & Sports,Bachelor's degree,4,Korean 100%,TOPIK 3 or above,March or September,http://artndesign.ewha.ac.kr/artewha/index.do,e600016@ewha.ac.kr,Must Submit portfolio(please refer to the '2027 GKS-U Overview of Ewha Womans-U'),available departments (14).xlsx,Ewha Womans University,,
43,이화여자대학교,Ewha Womans University,Seoul / Sinchon,Embassy Track,A,시각디자인전공,Visual Communication Design,예체능,Arts & Sports,Bachelor's degree,4,Korean 100%,TOPIK 3 or above,March or September,http://artndesign.ewha.ac.kr/artewha/index.do,e600017@ewha.ac.kr,Must Submit portfolio(please refer to the '2027 GKS-U Overview of Ewha Womans-U'),available departments (14).xlsx,Ewha Womans University,,
44,이화여자대학교,Ewha Womans University,Seoul / Sinchon,Embassy Track,A,산업디자인전공,Industrial Design,예체능,Arts & Sports,Bachelor's degree,4,Korean 100%,TOPIK 3 or above,March or September,http://artndesign.ewha.ac.kr/artewha/index.do,e600018@ewha.ac.kr,Must Submit portfolio(please refer to the '2027 GKS-U Overview of Ewha Womans-U'),available departments (14).xlsx,Ewha Womans University,,
45,이화여자대학교,Ewha Womans University,Seoul / Sinchon,Embassy Track,A,영상디자인전공,Media Interaction Design,예체능,Arts & Sports,Bachelor's degree,4,Korean 100%,TOPIK 3 or above,March or September,http://artndesign.ewha.ac.kr/artewha/index.do,e600064@ewha.ac.kr,Must Submit portfolio(please refer to the '2027 GKS-U Overview of Ewha Womans-U'),available departments (14).xlsx,Ewha Womans University,,
46,이화여자대학교,Ewha Womans University,Seoul / Sinchon,Embassy Track,A,섬유예술전공,Fiber Arts,예체능,Arts & Sports,Bachelor's degree,4,Korean 100%,TOPIK 3 or above,March or September,http://artndesign.ewha.ac.kr/artewha/index.do,e600020@ewha.ac.kr,Must Submit portfolio(please refer to the '2027 GKS-U Overview of Ewha Womans-U'),available departments (14).xlsx,Ewha Womans University,,
47,이화여자대학교,Ewha Womans University,Seoul / Sinchon,Embassy Track,A,패션디자인전공,Fashion Design,예체능,Arts & Sports,Bachelor's degree,4,Korean 100%,TOPIK 3 or above,March or September,http://artndesign.ewha.ac.kr/artewha/index.do,e600019@ewha.ac.kr,Must Submit portfolio(please refer to the '2027 GKS-U Overview of Ewha Womans-U'),available departments (14).xlsx,Ewha Womans University,,
48,이화여자대학교,Ewha Womans University,Seoul / Sinchon,Embassy Track,A,경영학부,Division of Business Administration,사회,Social Sciences,Bachelor's degree,4,Korean 100%,TOPIK 3 or above,March or September,http://biz.ewha.ac.kr/,biz@ewha.ac.kr,,available departments (14).xlsx,Ewha Womans University,,
49,이화여자대학교,Ewha Womans University,Seoul / Sinchon,Embassy Track,A,융합콘텐츠학과,Department of Content Convergence,사회,Social Sciences,Bachelor's degree,4,Korean 100%,TOPIK 3 or above,March or September,http://cc.ewha.ac.kr/,e600163@ewha.ac.kr,,available departments (14).xlsx,Ewha Womans University,,
50,이화여자대학교,Ewha Womans University,Seoul / Sinchon,Embassy Track,A,의류산업학과,Department of Fashion Industry,예체능,Arts & Sports,Bachelor's degree,4,Korean 100%,TOPIK 3 or above,March or September,https://cmsfox.ewha.ac.kr/fashion/index.do,e600023@ewha.ac.kr,,available departments (14).xlsx,Ewha Womans University,,
51,이화여자대학교,Ewha Womans University,Seoul / Sinchon,Embassy Track,A,국제사무학과,Department of International Office Administration,사회,Social Sciences,Bachelor's degree,4,Korean 100%,TOPIK 3 or above,March or September,http://ioa.ewha.ac.kr/,e600157@ewha.ac.kr,,available departments (14).xlsx,Ewha Womans University,,
52,이화여자대학교,Ewha Womans University,Seoul / Sinchon,Embassy Track,A,식품영양학과,Department of Nutritional Science & Food Management,자연,Natural Sciences,Bachelor's degree,4,Korean 100%,TOPIK 3 or above,March or September,http://nsfm.ewha.ac.kr/,e600024@ewha.ac.kr,,available departments (14).xlsx,Ewha Womans University,,
53,이화여자대학교,Ewha Womans University,Seoul / Sinchon,Embassy Track,A,융합보건학과,Department of Health Convergence,자연,Natural Sciences,Bachelor's degree,4,Korean 100%,TOPIK 3 or above,March or September,http://publichealth.ewha.ac.kr/,e600032@ewha.ac.kr,,available departments (14).xlsx,Ewha Womans University,,
54,이화여자대학교,Ewha Womans University,Seoul / Sinchon,Embassy Track,A,스포츠과학전공 ,Sports Science,예체능,Arts & Sports,Bachelor's degree,4,Korean 100%,TOPIK 3 or above,March or September,http://hms.ewha.ac.kr/,e600054@ewha.ac.kr,Must Submit portfolio(please refer to the '2027 GKS-U Overview of Ewha Womans-U'),available departments (14).xlsx,Ewha Womans University,,
55,이화여자대학교,Ewha Womans University,Seoul / Sinchon,Embassy Track,A,글로벌스포츠산업전공,Global Sports Management,예체능,Arts & Sports,Bachelor's degree,4,Korean 100%,TOPIK 3 or above,March or September,http://hms.ewha.ac.kr/,e600054@ewha.ac.kr,Must Submit portfolio(please refer to the '2027 GKS-U Overview of Ewha Womans-U'),available departments (14).xlsx,Ewha Womans University,,
56,이화여자대학교,Ewha Womans University,Seoul / Sinchon,Embassy Track,A,국제학전공,International Studies,사회,Social Sciences,Bachelor's degree,4,English 100%,TOPIK 3 or above,March or September,http://scrantoncollege.ewha.ac.kr/dis/,e600138@ewha.ac.kr,"Must Submit English Proficiency Test Scores(TOEFL iBT 80), IELTS 6.0, New TEPS 326 or above)",available departments (14).xlsx,Ewha Womans University,,
57,이화여자대학교,Ewha Womans University,Seoul / Sinchon,Embassy Track,A,글로벌한국학전공,Global Korean Studies,사회,Social Sciences,Bachelor's degree,4,English 100%,TOPIK 3 or above,March or September,http://scrantoncollege.ewha.ac.kr/ks/,e600139@ewha.ac.kr,"Must Submit English Proficiency Test Scores(TOEFL iBT 80), IELTS 6.0, New TEPS 326 or above)",available departments (14).xlsx,Ewha Womans University,,
58,이화여자대학교,Ewha Womans University,Seoul / Sinchon,Embassy Track,A,컴퓨터공학과,Computer Sciences and Engineering,공학,Engineering,Bachelor's degree,4,Korean 100%,TOPIK 3 or above,March or September,https://cmsfox.ewha.ac.kr/cse/index.do,cse@ewha.ac.kr,,available departments (14).xlsx,Ewha Womans University,,
59,이화여자대학교,Ewha Womans University,Seoul / Sinchon,Embassy Track,A,사이버보안학과,Cyber Security,공학,Engineering,Bachelor's degree,4,Korean 100%,TOPIK 3 or above,March or September,https://cmsfox.ewha.ac.kr/security/index.do,e600170@ewha.ac.kr,,available departments (14).xlsx,Ewha Womans University,,
60,이화여자대학교,Ewha Womans University,Seoul / Sinchon,Embassy Track,A,인공지능전공,Artificial Intelligence,인공지능(AI),Artificial Intelligence(AI),Bachelor's degree,4,Korean 100%,TOPIK 3 or above,March or September,https://cmsfox.ewha.ac.kr/deptai/index.do,dept_ai@ewha.ac.kr,,available departments (14).xlsx,Ewha Womans University,,
61,이화여자대학교,Ewha Womans University,Seoul / Sinchon,Embassy Track,A,데이터사이언스전공,Data Science,공학,Engineering,Bachelor's degree,4,Korean 100%,TOPIK 3 or above,March or September,https://cmsfox.ewha.ac.kr/datascience/index.do,dept_ds@ewha.ac.kr,,available departments (14).xlsx,Ewha Womans University,,
No.,대학명,"University
(대학알리미 공시 명칭)","Application
Track",Embassy Track Type,Campus Location,학과명,"Department
(대학알리미 공시 명칭)",학과계열,"Field of Study
(Division)",Degree Program,"Period
(years)",Medium of Instruction,Required TOPIK for Admission after Language Program,Program starts,Website URL for detailed information,Telephone for detailed information,Remarks,available departments (15).xlsx,Hankuk Univ. of Foreign Studies,,
1,한국외국어대학교,"Hankuk University of 
Foreign Studies",Embassy Track,A,Seoul,ELLT학과,Department of English Linguistics & Language Technology,인문,Humanities,Bachelor's degree,4,Korean 100%,TOPIK 3 or above,March or September,"http://international.hufs.ac.kr/, https://issc.hufs.ac.kr/",+82-2-2173-2065,,available departments (15).xlsx,Hankuk Univ. of Foreign Studies,,
2,한국외국어대학교,"Hankuk University of 
Foreign Studies",Embassy Track,A,Seoul,영미문학·문화학과,Department of English Literature and Culture,인문,Humanities,Bachelor's degree,4,Korean 100%,TOPIK 3 or above,March or September,"http://international.hufs.ac.kr/, https://issc.hufs.ac.kr/",+82-2-2173-2065,,available departments (15).xlsx,Hankuk Univ. of Foreign Studies,,
3,한국외국어대학교,"Hankuk University of 
Foreign Studies",Embassy Track,A,Seoul,영어통번역학과,"Department of English for 
International Conferences and Communication",인문,Humanities,Bachelor's degree,4,Korean 100%,TOPIK 3 or above,March or September,"http://international.hufs.ac.kr/, https://issc.hufs.ac.kr/",+82-2-2173-2065,,available departments (15).xlsx,Hankuk Univ. of Foreign Studies,,
4,한국외국어대학교,"Hankuk University of 
Foreign Studies",Embassy Track,A,Seoul,프랑스어학부,Division of French Language,인문,Humanities,Bachelor's degree,4,Korean 100%,TOPIK 3 or above,March or September,"http://international.hufs.ac.kr/, https://issc.hufs.ac.kr/",+82-2-2173-2065,,available departments (15).xlsx,Hankuk Univ. of Foreign Studies,,
5,한국외국어대학교,"Hankuk University of 
Foreign Studies",Embassy Track,A,Seoul,독일어과,Department of German,인문,Humanities,Bachelor's degree,4,Korean 100%,TOPIK 3 or above,March or September,"http://international.hufs.ac.kr/, https://issc.hufs.ac.kr/",+82-2-2173-2065,,available departments (15).xlsx,Hankuk Univ. of Foreign Studies,,
6,한국외국어대학교,"Hankuk University of 
Foreign Studies",Embassy Track,A,Seoul,노어과,Department of Russian,인문,Humanities,Bachelor's degree,4,Korean 100%,TOPIK 3 or above,March or September,"http://international.hufs.ac.kr/, https://issc.hufs.ac.kr/",+82-2-2173-2065,,available departments (15).xlsx,Hankuk Univ. of Foreign Studies,,
7,한국외국어대학교,"Hankuk University of 
Foreign Studies",Embassy Track,A,Seoul,스페인어과,Department of Spanish,인문,Humanities,Bachelor's degree,4,Korean 100%,TOPIK 3 or above,March or September,"http://international.hufs.ac.kr/, https://issc.hufs.ac.kr/",+82-2-2173-2065,,available departments (15).xlsx,Hankuk Univ. of Foreign Studies,,
8,한국외국어대학교,"Hankuk University of 
Foreign Studies",Embassy Track,A,Seoul,이탈리아어과,Department of Italian,인문,Humanities,Bachelor's degree,4,Korean 100%,TOPIK 3 or above,March or September,"http://international.hufs.ac.kr/, https://issc.hufs.ac.kr/",+82-2-2173-2065,,available departments (15).xlsx,Hankuk Univ. of Foreign Studies,,
9,한국외국어대학교,"Hankuk University of 
Foreign Studies",Embassy Track,A,Seoul,포르투갈어과,Department of Portuguese,인문,Humanities,Bachelor's degree,4,Korean 100%,TOPIK 3 or above,March or September,"http://international.hufs.ac.kr/, https://issc.hufs.ac.kr/",+82-2-2173-2065,,available departments (15).xlsx,Hankuk Univ. of Foreign Studies,,
10,한국외국어대학교,"Hankuk University of 
Foreign Studies",Embassy Track,A,Seoul,네덜란드어과,Department of Dutch,인문,Humanities,Bachelor's degree,4,Korean 100%,TOPIK 3 or above,March or September,"http://international.hufs.ac.kr/, https://issc.hufs.ac.kr/",+82-2-2173-2065,,available departments (15).xlsx,Hankuk Univ. of Foreign Studies,,
11,한국외국어대학교,"Hankuk University of 
Foreign Studies",Embassy Track,A,Seoul,스칸디나비아어과,Department of Scandinavian Languages,인문,Humanities,Bachelor's degree,4,Korean 100%,TOPIK 3 or above,March or September,"http://international.hufs.ac.kr/, https://issc.hufs.ac.kr/",+82-2-2173-2065,,available departments (15).xlsx,Hankuk Univ. of Foreign Studies,,
12,한국외국어대학교,"Hankuk University of 
Foreign Studies",Embassy Track,A,Seoul,말레이·인도네시아학과,Department of Malay-Indonesian Studies,인문,Humanities,Bachelor's degree,4,Korean 100%,TOPIK 3 or above,March or September,"http://international.hufs.ac.kr/, https://issc.hufs.ac.kr/",+82-2-2173-2065,,available departments (15).xlsx,Hankuk Univ. of Foreign Studies,,
13,한국외국어대학교,"Hankuk University of 
Foreign Studies",Embassy Track,A,Seoul,태국학과,Department of Thai Studies,인문,Humanities,Bachelor's degree,4,Korean 100%,TOPIK 3 or above,March or September,"http://international.hufs.ac.kr/, https://issc.hufs.ac.kr/",+82-2-2173-2065,,available departments (15).xlsx,Hankuk Univ. of Foreign Studies,,
14,한국외국어대학교,"Hankuk University of 
Foreign Studies",Embassy Track,A,Seoul,베트남어과,Department of Vietnamese Studies,인문,Humanities,Bachelor's degree,4,Korean 100%,TOPIK 3 or above,March or September,"http://international.hufs.ac.kr/, https://issc.hufs.ac.kr/",+82-2-2173-2065,,available departments (15).xlsx,Hankuk Univ. of Foreign Studies,,
15,한국외국어대학교,"Hankuk University of 
Foreign Studies",Embassy Track,A,Seoul,인도·남아시아학과,Department of Indian & South Asian Studies,인문,Humanities,Bachelor's degree,4,Korean 100%,TOPIK 3 or above,March or September,"http://international.hufs.ac.kr/, https://issc.hufs.ac.kr/",+82-2-2173-2065,,available departments (15).xlsx,Hankuk Univ. of Foreign Studies,,
16,한국외국어대학교,"Hankuk University of 
Foreign Studies",Embassy Track,A,Seoul,아랍어과,Department of Arabic,인문,Humanities,Bachelor's degree,4,Korean 100%,TOPIK 3 or above,March or September,"http://international.hufs.ac.kr/, https://issc.hufs.ac.kr/",+82-2-2173-2065,,available departments (15).xlsx,Hankuk Univ. of Foreign Studies,,
17,한국외국어대학교,"Hankuk University of 
Foreign Studies",Embassy Track,A,Seoul,튀르키예·아제르바이잔학과,Department of Turkish and Azerbaijani Studies,인문,Humanities,Bachelor's degree,4,Korean 100%,TOPIK 3 or above,March or September,"http://international.hufs.ac.kr/, https://issc.hufs.ac.kr/",+82-2-2173-2065,,available departments (15).xlsx,Hankuk Univ. of Foreign Studies,,
18,한국외국어대학교,"Hankuk University of 
Foreign Studies",Embassy Track,A,Seoul,페르시아어·이란학과,Department of Persian and Iranian Studies,인문,Humanities,Bachelor's degree,4,Korean 100%,TOPIK 3 or above,March or September,"http://international.hufs.ac.kr/, https://issc.hufs.ac.kr/",+82-2-2173-2065,,available departments (15).xlsx,Hankuk Univ. of Foreign Studies,,
19,한국외국어대학교,"Hankuk University of 
Foreign Studies",Embassy Track,A,Seoul,몽골학과,Department of Mongolian Studies,인문,Humanities,Bachelor's degree,4,Korean 100%,TOPIK 3 or above,March or September,"http://international.hufs.ac.kr/, https://issc.hufs.ac.kr/",+82-2-2173-2065,,available departments (15).xlsx,Hankuk Univ. of Foreign Studies,,
20,한국외국어대학교,"Hankuk University of 
Foreign Studies",Embassy Track,A,Seoul,중국언어문화학부,"Division of Chinese Language, Literature and Culture",인문,Humanities,Bachelor's degree,4,Korean 100%,TOPIK 3 or above,March or September,"http://international.hufs.ac.kr/, https://issc.hufs.ac.kr/",+82-2-2173-2065,,available departments (15).xlsx,Hankuk Univ. of Foreign Studies,,
21,한국외국어대학교,"Hankuk University of 
Foreign Studies",Embassy Track,A,Seoul,중국외교통상학부,Division of Chinese Foreign Affairs and Commerce,인문,Humanities,Bachelor's degree,4,Korean 100%,TOPIK 3 or above,March or September,"http://international.hufs.ac.kr/, https://issc.hufs.ac.kr/",+82-2-2173-2065,,available departments (15).xlsx,Hankuk Univ. of Foreign Studies,,
22,한국외국어대학교,"Hankuk University of 
Foreign Studies",Embassy Track,A,Seoul,일본언어문화학부,"Division of Japanese Language, Literature and Culture",인문,Humanities,Bachelor's degree,4,Korean 100%,TOPIK 3 or above,March or September,"http://international.hufs.ac.kr/, https://issc.hufs.ac.kr/",+82-2-2173-2065,,available departments (15).xlsx,Hankuk Univ. of Foreign Studies,,
23,한국외국어대학교,"Hankuk University of 
Foreign Studies",Embassy Track,A,Seoul,융합일본지역학부,Division of Integrated Japanese Studies,인문,Humanities,Bachelor's degree,4,Korean 100%,TOPIK 3 or above,March or September,"http://international.hufs.ac.kr/, https://issc.hufs.ac.kr/",+82-2-2173-2065,,available departments (15).xlsx,Hankuk Univ. of Foreign Studies,,
24,한국외국어대학교,"Hankuk University of 
Foreign Studies",Embassy Track,A,Seoul,정치외교학과,Department of Political Science and Diplomacy,사회,Social Sciences,Bachelor's degree,4,Korean 100%,TOPIK 3 or above,March or September,"http://international.hufs.ac.kr/, https://issc.hufs.ac.kr/",+82-2-2173-2065,,available departments (15).xlsx,Hankuk Univ. of Foreign Studies,,
25,한국외국어대학교,"Hankuk University of 
Foreign Studies",Embassy Track,A,Seoul,행정학과,Department of Public Administration,사회,Social Sciences,Bachelor's degree,4,Korean 100%,TOPIK 3 or above,March or September,"http://international.hufs.ac.kr/, https://issc.hufs.ac.kr/",+82-2-2173-2065,,available departments (15).xlsx,Hankuk Univ. of Foreign Studies,,
26,한국외국어대학교,"Hankuk University of 
Foreign Studies",Embassy Track,A,Seoul,미디어커뮤니케이션학부,Division of Media & Communication,사회,Social Sciences,Bachelor's degree,4,Korean 100%,TOPIK 4 or above,March or September,"http://international.hufs.ac.kr/, https://issc.hufs.ac.kr/",+82-2-2173-2065,,available departments (15).xlsx,Hankuk Univ. of Foreign Studies,,
27,한국외국어대학교,"Hankuk University of 
Foreign Studies",Embassy Track,A,Seoul,국제통상학과,Department of International Economics and Law,사회,Social Sciences,Bachelor's degree,4,Korean 100%,TOPIK 3 or above,March or September,"http://international.hufs.ac.kr/, https://issc.hufs.ac.kr/",+82-2-2173-2065,,available departments (15).xlsx,Hankuk Univ. of Foreign Studies,,
28,한국외국어대학교,"Hankuk University of 
Foreign Studies",Embassy Track,A,Seoul,경제학부,Division of Economics,사회,Social Sciences,Bachelor's degree,4,Korean 100%,TOPIK 3 or above,March or September,"http://international.hufs.ac.kr/, https://issc.hufs.ac.kr/",+82-2-2173-2065,,available departments (15).xlsx,Hankuk Univ. of Foreign Studies,,
29,한국외국어대학교,"Hankuk University of 
Foreign Studies",Embassy Track,A,Seoul,경영학부,Business Administration Division,사회,Social Sciences,Bachelor's degree,4,Korean 100%,TOPIK 4 or above,March or September,"http://international.hufs.ac.kr/, https://issc.hufs.ac.kr/",+82-2-2173-2065,,available departments (15).xlsx,Hankuk Univ. of Foreign Studies,,
30,한국외국어대학교,"Hankuk University of 
Foreign Studies",Embassy Track,A,Seoul,영어교육과,Department of English Education,교육,Education,Bachelor's degree,4,Korean 100%,TOPIK 3 or above,March or September,"http://international.hufs.ac.kr/, https://issc.hufs.ac.kr/",+82-2-2173-2065,,available departments (15).xlsx,Hankuk Univ. of Foreign Studies,,
31,한국외국어대학교,"Hankuk University of 
Foreign Studies",Embassy Track,A,Seoul,한국어교육과,Department of Korean Education,교육,Education,Bachelor's degree,4,Korean 100%,TOPIK 3 or above,March or September,"http://international.hufs.ac.kr/, https://issc.hufs.ac.kr/",+82-2-2173-2065,,available departments (15).xlsx,Hankuk Univ. of Foreign Studies,,
32,한국외국어대학교,"Hankuk University of 
Foreign Studies",Embassy Track,A,Seoul,"외국어교육학부
(프랑스어교육전공)","Division of Foreign Language Education
(French Education)",교육,Education,Bachelor's degree,4,Korean 100%,TOPIK 3 or above,March or September,"http://international.hufs.ac.kr/, https://issc.hufs.ac.kr/",+82-2-2173-2065,,available departments (15).xlsx,Hankuk Univ. of Foreign Studies,,
33,한국외국어대학교,"Hankuk University of 
Foreign Studies",Embassy Track,A,Seoul,"외국어교육학부
(독일어교육전공)","Division of Foreign Language Education
(German Education)",교육,Education,Bachelor's degree,4,Korean 100%,TOPIK 3 or above,March or September,"http://international.hufs.ac.kr/, https://issc.hufs.ac.kr/",+82-2-2173-2065,,available departments (15).xlsx,Hankuk Univ. of Foreign Studies,,
34,한국외국어대학교,"Hankuk University of 
Foreign Studies",Embassy Track,A,Seoul,"외국어교육학부
(중국어교육전공)","Division of Foreign Language Education
(Chinese Education)",교육,Education,Bachelor's degree,4,Korean 100%,TOPIK 3 or above,March or September,"http://international.hufs.ac.kr/, https://issc.hufs.ac.kr/",+82-2-2173-2065,,available departments (15).xlsx,Hankuk Univ. of Foreign Studies,,
35,한국외국어대학교,"Hankuk University of 
Foreign Studies",Embassy Track,A,Seoul,국제학부,Division of International Studies,사회,Social Sciences,Bachelor's degree,4,English 100%,TOPIK 3 or above,March or September,"http://international.hufs.ac.kr/, https://issc.hufs.ac.kr/",+82-2-2173-2065,,available departments (15).xlsx,Hankuk Univ. of Foreign Studies,,
36,한국외국어대학교,"Hankuk University of 
Foreign Studies",Embassy Track,A,Seoul,Language & AI융합학부,Division of Language & AI,공학,Engineering,Bachelor's degree,4,Korean 100%,TOPIK 3 or above,March or September,"http://international.hufs.ac.kr/, https://issc.hufs.ac.kr/",+82-2-2173-2065,,available departments (15).xlsx,Hankuk Univ. of Foreign Studies,,
37,한국외국어대학교,"Hankuk University of 
Foreign Studies",Embassy Track,A,Seoul,Social Science & AI융합학부,Division of Social Science & AI,자연,Natural Sciences,Bachelor's degree,4,Korean 100%,TOPIK 3 or above,March or September,"http://international.hufs.ac.kr/, https://issc.hufs.ac.kr/",+82-2-2173-2065,,available departments (15).xlsx,Hankuk Univ. of Foreign Studies,,
38,한국외국어대학교,"Hankuk University of 
Foreign Studies",Embassy Track,A,Seoul,KFL학부,Division of Korean as a Foreign Language,인문,Humanities,Bachelor's degree,4,Korean 100%,TOPIK 3 or above,March or September,"http://international.hufs.ac.kr/, https://issc.hufs.ac.kr/",+82-2-2173-2065,,available departments (15).xlsx,Hankuk Univ. of Foreign Studies,,
39,한국외국어대학교,"Hankuk University of 
Foreign Studies",Embassy Track,A,Yong-in,철학과,Department of Philosophy,인문,Humanities,Bachelor's degree,4,Korean 100%,TOPIK 3 or above,March or September,"http://international.hufs.ac.kr/, https://issc.hufs.ac.kr/",+82-2-2173-2065,,available departments (15).xlsx,Hankuk Univ. of Foreign Studies,,
40,한국외국어대학교,"Hankuk University of 
Foreign Studies",Embassy Track,A,Yong-in,사학과,Department of History,인문,Humanities,Bachelor's degree,4,Korean 100%,TOPIK 3 or above,March or September,"http://international.hufs.ac.kr/, https://issc.hufs.ac.kr/",+82-2-2173-2065,,available departments (15).xlsx,Hankuk Univ. of Foreign Studies,,
41,한국외국어대학교,"Hankuk University of 
Foreign Studies",Embassy Track,A,Yong-in,언어인지과학과,Department of Linguistics and Cognitive Science,인문,Humanities,Bachelor's degree,4,Korean 100%,TOPIK 3 or above,March or September,"http://international.hufs.ac.kr/, https://issc.hufs.ac.kr/",+82-2-2173-2065,,available departments (15).xlsx,Hankuk Univ. of Foreign Studies,,
42,한국외국어대학교,"Hankuk University of 
Foreign Studies",Embassy Track,A,Yong-in,폴란드학과,Department of Polish Studies,인문,Humanities,Bachelor's degree,4,Korean 100%,TOPIK 3 or above,March or September,"http://international.hufs.ac.kr/, https://issc.hufs.ac.kr/",+82-2-2173-2065,,available departments (15).xlsx,Hankuk Univ. of Foreign Studies,,
43,한국외국어대학교,"Hankuk University of 
Foreign Studies",Embassy Track,A,Yong-in,루마니아학과,Department of Romanian Studies,인문,Humanities,Bachelor's degree,4,Korean 100%,TOPIK 3 or above,March or September,"http://international.hufs.ac.kr/, https://issc.hufs.ac.kr/",+82-2-2173-2065,,available departments (15).xlsx,Hankuk Univ. of Foreign Studies,,
44,한국외국어대학교,"Hankuk University of 
Foreign Studies",Embassy Track,A,Yong-in,체코·슬로바키아학과,Department of Czech and Slovak Studies,인문,Humanities,Bachelor's degree,4,Korean 100%,TOPIK 3 or above,March or September,"http://international.hufs.ac.kr/, https://issc.hufs.ac.kr/",+82-2-2173-2065,,available departments (15).xlsx,Hankuk Univ. of Foreign Studies,,
45,한국외국어대학교,"Hankuk University of 
Foreign Studies",Embassy Track,A,Yong-in,헝가리학과,Department of Hungarian Studies,인문,Humanities,Bachelor's degree,4,Korean 100%,TOPIK 3 or above,March or September,"http://international.hufs.ac.kr/, https://issc.hufs.ac.kr/",+82-2-2173-2065,,available departments (15).xlsx,Hankuk Univ. of Foreign Studies,,
46,한국외국어대학교,"Hankuk University of 
Foreign Studies",Embassy Track,A,Yong-in,세르비아·크로아티아학과,Department of South Slavic Studies,인문,Humanities,Bachelor's degree,4,Korean 100%,TOPIK 3 or above,March or September,"http://international.hufs.ac.kr/, https://issc.hufs.ac.kr/",+82-2-2173-2065,,available departments (15).xlsx,Hankuk Univ. of Foreign Studies,,
47,한국외국어대학교,"Hankuk University of 
Foreign Studies",Embassy Track,A,Yong-in,그리스·불가리아학과,Department of Greek Studies and Bulgarian Studies,인문,Humanities,Bachelor's degree,4,Korean 100%,TOPIK 3 or above,March or September,"http://international.hufs.ac.kr/, https://issc.hufs.ac.kr/",+82-2-2173-2065,,available departments (15).xlsx,Hankuk Univ. of Foreign Studies,,
48,한국외국어대학교,"Hankuk University of 
Foreign Studies",Embassy Track,A,Yong-in,중앙아시아학과,Department of Central Asian Studies,인문,Humanities,Bachelor's degree,4,Korean 100%,TOPIK 3 or above,March or September,"http://international.hufs.ac.kr/, https://issc.hufs.ac.kr/",+82-2-2173-2065,,available departments (15).xlsx,Hankuk Univ. of Foreign Studies,,
49,한국외국어대학교,"Hankuk University of 
Foreign Studies",Embassy Track,A,Yong-in,아프리카학부,Division of African Studies,인문,Humanities,Bachelor's degree,4,Korean 100%,TOPIK 3 or above,March or September,"http://international.hufs.ac.kr/, https://issc.hufs.ac.kr/",+82-2-2173-2065,,available departments (15).xlsx,Hankuk Univ. of Foreign Studies,,
50,한국외국어대학교,"Hankuk University of 
Foreign Studies",Embassy Track,A,Yong-in,우크라이나학과,Department of Ukrainian Studies,인문,Humanities,Bachelor's degree,4,Korean 100%,TOPIK 3 or above,March or September,"http://international.hufs.ac.kr/, https://issc.hufs.ac.kr/",+82-2-2173-2065,,available departments (15).xlsx,Hankuk Univ. of Foreign Studies,,
51,한국외국어대학교,"Hankuk University of 
Foreign Studies",Embassy Track,A,Yong-in,한국학과,Department of Korean Studies,인문,Humanities,Bachelor's degree,4,Korean 100%,TOPIK 3 or above,March or September,"http://international.hufs.ac.kr/, https://issc.hufs.ac.kr/",+82-2-2173-2065,,available departments (15).xlsx,Hankuk Univ. of Foreign Studies,,
52,한국외국어대학교,"Hankuk University of 
Foreign Studies",Embassy Track,A,Yong-in,Global Business & Technology학부,Division of Global Business & Technology,사회,Social Sciences,Bachelor's degree,4,Korean 100%,TOPIK 3 or above,March or September,"http://international.hufs.ac.kr/, https://issc.hufs.ac.kr/",+82-2-2173-2065,,available departments (15).xlsx,Hankuk Univ. of Foreign Studies,,
53,한국외국어대학교,"Hankuk University of 
Foreign Studies",Embassy Track,A,Yong-in,국제금융학과,Department of International Finance,사회,Social Sciences,Bachelor's degree,4,Korean 100%,TOPIK 3 or above,March or September,"http://international.hufs.ac.kr/, https://issc.hufs.ac.kr/",+82-2-2173-2065,,available departments (15).xlsx,Hankuk Univ. of Foreign Studies,,
54,한국외국어대학교,"Hankuk University of 
Foreign Studies",Embassy Track,A,Yong-in,수학과,Department of Mathematics,자연,Natural Sciences,Bachelor's degree,4,Korean 100%,TOPIK 3 or above,March or September,"http://international.hufs.ac.kr/, https://issc.hufs.ac.kr/",+82-2-2173-2065,,available departments (15).xlsx,Hankuk Univ. of Foreign Studies,,
55,한국외국어대학교,"Hankuk University of 
Foreign Studies",Embassy Track,A,Yong-in,통계학과,Department of Statistics,자연,Natural Sciences,Bachelor's degree,4,Korean 100%,TOPIK 3 or above,March or September,"http://international.hufs.ac.kr/, https://issc.hufs.ac.kr/",+82-2-2173-2065,,available departments (15).xlsx,Hankuk Univ. of Foreign Studies,,
56,한국외국어대학교,"Hankuk University of 
Foreign Studies",Embassy Track,A,Yong-in,전자물리학과,Department of Electronic Physics,자연,Natural Sciences,Bachelor's degree,4,Korean 100%,TOPIK 3 or above,March or September,"http://international.hufs.ac.kr/, https://issc.hufs.ac.kr/",+82-2-2173-2065,,available departments (15).xlsx,Hankuk Univ. of Foreign Studies,,
57,한국외국어대학교,"Hankuk University of 
Foreign Studies",Embassy Track,A,Yong-in,환경학과,Department of Environmental Science,자연,Natural Sciences,Bachelor's degree,4,Korean 100%,TOPIK 3 or above,March or September,"http://international.hufs.ac.kr/, https://issc.hufs.ac.kr/",+82-2-2173-2065,,available departments (15).xlsx,Hankuk Univ. of Foreign Studies,,
58,한국외국어대학교,"Hankuk University of 
Foreign Studies",Embassy Track,A,Yong-in,생명공학과,Department of Bioscience and Biotechnology,자연,Natural Sciences,Bachelor's degree,4,Korean 100%,TOPIK 3 or above,March or September,"http://international.hufs.ac.kr/, https://issc.hufs.ac.kr/",+82-2-2173-2065,,available departments (15).xlsx,Hankuk Univ. of Foreign Studies,,
59,한국외국어대학교,"Hankuk University of 
Foreign Studies",Embassy Track,A,Yong-in,화학과,Department of Chemistry,자연,Natural Sciences,Bachelor's degree,4,Korean 100%,TOPIK 3 or above,March or September,"http://international.hufs.ac.kr/, https://issc.hufs.ac.kr/",+82-2-2173-2065,,available departments (15).xlsx,Hankuk Univ. of Foreign Studies,,
60,한국외국어대학교,"Hankuk University of 
Foreign Studies",Embassy Track,A,Yong-in,컴퓨터공학부,Division of Computer Engineering,공학,Engineering,Bachelor's degree,4,Korean 100%,TOPIK 3 or above,March or September,"http://international.hufs.ac.kr/, https://issc.hufs.ac.kr/",+82-2-2173-2065,,available departments (15).xlsx,Hankuk Univ. of Foreign Studies,,
61,한국외국어대학교,"Hankuk University of 
Foreign Studies",Embassy Track,A,Yong-in,AI로봇공학과,Department of AI Robotics,공학,Engineering,Bachelor's degree,4,Korean 100%,TOPIK 3 or above,March or September,"http://international.hufs.ac.kr/, https://issc.hufs.ac.kr/",+82-2-2173-2065,,available departments (15).xlsx,Hankuk Univ. of Foreign Studies,,
62,한국외국어대학교,"Hankuk University of 
Foreign Studies",Embassy Track,A,Yong-in,"반도체전자공학부
(반도체공학전공)","Division of Semiconductor and Electronics Engineering
(Semiconductor Engineering)",공학,Engineering,Bachelor's degree,4,Korean 100%,TOPIK 3 or above,March or September,"http://international.hufs.ac.kr/, https://issc.hufs.ac.kr/",+82-2-2173-2065,,available departments (15).xlsx,Hankuk Univ. of Foreign Studies,,
63,한국외국어대학교,"Hankuk University of 
Foreign Studies",Embassy Track,A,Yong-in,"반도체전자공학부
(전자공학전공)","Division of Semiconductor and Electronics Engineering
(Electronics Engineering)",공학,Engineering,Bachelor's degree,4,Korean 100%,TOPIK 3 or above,March or September,"http://international.hufs.ac.kr/, https://issc.hufs.ac.kr/",+82-2-2173-2065,,available departments (15).xlsx,Hankuk Univ. of Foreign Studies,,
64,한국외국어대학교,"Hankuk University of 
Foreign Studies",Embassy Track,A,Yong-in,산업경영공학과,Department of Industrial and Management Engineering,공학,Engineering,Bachelor's degree,4,Korean 100%,TOPIK 3 or above,March or September,"http://international.hufs.ac.kr/, https://issc.hufs.ac.kr/",+82-2-2173-2065,,available departments (15).xlsx,Hankuk Univ. of Foreign Studies,,
65,한국외국어대학교,"Hankuk University of 
Foreign Studies",Embassy Track,A,Yong-in,바이오메디컬공학부,Division of Biomedical Engineering,공학,Engineering,Bachelor's degree,4,Korean 100%,TOPIK 3 or above,March or September,"http://international.hufs.ac.kr/, https://issc.hufs.ac.kr/",+82-2-2173-2065,,available departments (15).xlsx,Hankuk Univ. of Foreign Studies,,
66,한국외국어대학교,"Hankuk University of 
Foreign Studies",Embassy Track,A,Yong-in,융합인재학부,Faculty of Convergence Studies,인문,Humanities,Bachelor's degree,4,Korean 100%,TOPIK 3 or above,March or September,"http://international.hufs.ac.kr/, https://issc.hufs.ac.kr/",+82-2-2173-2065,,available departments (15).xlsx,Hankuk Univ. of Foreign Studies,,
67,한국외국어대학교,"Hankuk University of 
Foreign Studies",Embassy Track,A,Yong-in,디지털콘텐츠학부,Division of Digital Contents,인문,Humanities,Bachelor's degree,4,Korean 100%,TOPIK 3 or above,March or September,"http://international.hufs.ac.kr/, https://issc.hufs.ac.kr/",+82-2-2173-2065,,available departments (15).xlsx,Hankuk Univ. of Foreign Studies,,
68,한국외국어대학교,"Hankuk University of 
Foreign Studies",Embassy Track,A,Yong-in,투어리즘 & 웰니스학부,Division of Tourism & Wellness,사회,Social Sciences,Bachelor's degree,4,Korean 100%,TOPIK 3 or above,March or September,"http://international.hufs.ac.kr/, https://issc.hufs.ac.kr/",+82-2-2173-2065,,available departments (15).xlsx,Hankuk Univ. of Foreign Studies,,
69,한국외국어대학교,"Hankuk University of 
Foreign Studies",Embassy Track,A,Yong-in,글로벌스포츠산업학부,Division of Global Sport Industry,사회,Social Sciences,Bachelor's degree,4,Korean 100%,TOPIK 3 or above,March or September,"http://international.hufs.ac.kr/, https://issc.hufs.ac.kr/",+82-2-2173-2065,,available departments (15).xlsx,Hankuk Univ. of Foreign Studies,,
70,한국외국어대학교,"Hankuk University of 
Foreign Studies",Embassy Track,A,Yong-in,AI데이터융합학부,Division of AI Data Convergence,공학,Engineering,Bachelor's degree,4,Korean 100%,TOPIK 3 or above,March or September,"http://international.hufs.ac.kr/, https://issc.hufs.ac.kr/",+82-2-2173-2065,,available departments (15).xlsx,Hankuk Univ. of Foreign Studies,,
71,한국외국어대학교,"Hankuk University of 
Foreign Studies",Embassy Track,A,Yong-in,Finance & AI융합학부,Division of Finance & AI,사회,Social Sciences,Bachelor's degree,4,Korean 100%,TOPIK 3 or above,March or September,"http://international.hufs.ac.kr/, https://issc.hufs.ac.kr/",+82-2-2173-2065,,available departments (15).xlsx,Hankuk Univ. of Foreign Studies,,
72,한국외국어대학교,"Hankuk University of 
Foreign Studies",Embassy Track,A,Yong-in,기후변화융합학부,Division of Climate Changes,자연,Natural Sciences,Bachelor's degree,4,Korean 100%,TOPIK 3 or above,March or September,"http://international.hufs.ac.kr/, https://issc.hufs.ac.kr/",+82-2-2173-2065,,available departments (15).xlsx,Hankuk Univ. of Foreign Studies,,
No.,대학명,"University
(대학알리미 공시 명칭)",Application Track,Embassy Track Type,Campus Location,학과명,"Department
(대학알리미 공시 명칭)",학과계열,"Field of Study
(Division)",Degree Program,"Period
(years)",Medium of Instruction,Required TOPIK for Admission after Language Program,Program starts,Website URL for detailed information,Telephone for detailed information,Remarks,available departments (16).xlsx,Hansung University,,
1,한성대학교,Hansung University,Embassy Track,A,Seoul,한국언어문화교육학과,Department of Korean Language & Culture Education,인문,Humanities,Bachelor's degree,4,Korean 100%,TOPIK 3 or above,March/ September,https://www.hansung.ac.kr/sites/global/index.do,+82-02-760-5592,,available departments (16).xlsx,Hansung University,,
2,한성대학교,Hansung University,Embassy Track,A,Seoul,글로벌K비즈니스학과,Department of Global K-Business,사회,Social Sciences,Bachelor's degree,4,Korean 100%,TOPIK 3 or above,March/ September,https://www.hansung.ac.kr/sites/global/index.do,+82-02-760-5592,,available departments (16).xlsx,Hansung University,,
3,한성대학교,Hansung University,Embassy Track,A,Seoul,K-영상콘텐츠학과,Department of K-Visual Media Content,예체능,Arts & Sports,Bachelor's degree,4,Korean 100%,TOPIK 3 or above,March/ September,https://www.hansung.ac.kr/sites/global/index.do,+82-02-760-5592,"Due to a revision of the university regulations, the major name is scheduled to be changed to the above name starting in 2027. Therefore, it currently differs from the official name listed on the Higher Education in Korea (University Information Disclosure) website.",available departments (16).xlsx,Hansung University,,
4,한성대학교,Hansung University,Embassy Track,A,Seoul,패션뷰티크리에이션학과,Department of Fashion Beauty Creation,예체능,Arts & Sports,Bachelor's degree,4,Korean 100%,TOPIK 3 or above,March/ September,https://www.hansung.ac.kr/sites/global/index.do,+82-02-760-5592,,available departments (16).xlsx,Hansung University,,
5,한성대학교,Hansung University,Embassy Track,A,Seoul,SW융합학과,Department of SW Convergence,공학,Engineering,Bachelor's degree,4,Korean 100%,TOPIK 3 or above,March/ September,https://www.hansung.ac.kr/sites/global/index.do,+82-02-760-5592,,available departments (16).xlsx,Hansung University,,
6,한성대학교,Hansung University,Embassy Track,A,Seoul,글로벌벤처창업학과,Department of Global Venture Entrepreneurship,사회,Social Sciences,Bachelor's degree,4,Korean 100%,TOPIK 3 or above,March/ September,https://www.hansung.ac.kr/sites/global/index.do,+82-02-760-5592,,available departments (16).xlsx,Hansung University,,
No.,대학명,"University
(대학알리미 공시 명칭)","Application
Track",Embassy Track Type,Campus Location,학과명,"Department
(대학알리미 공시 명칭)",학과계열,"Field of Study
(Division)",Degree Program,"Period
(years)",Medium of Instruction,Required TOPIK for Admission after Language Program,Program starts,Website URL for detailed information,Telephone for detailed information,Remarks,available departments (17).xlsx,Hanyang University,,
1,한양대학교,Hanyang University,Embassy Track,A,Seoul,건축학부(5년),Architecture(5-year program),공학,Engneering,Bachelor's degree,5,Korean 100%,TOPIK 3 or above,March,,,,available departments (17).xlsx,Hanyang University,,
2,한양대학교,Hanyang University,Embassy Track,A,Seoul,건축공학부(4년),Architectural Engineering (4-year program),공학,Engneering,Bachelor's degree,4,Korean 100%,TOPIK 3 or above,March,,,,available departments (17).xlsx,Hanyang University,,
3,한양대학교,Hanyang University,Embassy Track,A,Seoul,건설환경공학과,Civil and Environmental Engineering,공학,Engneering,Bachelor's degree,4,Korean 100%,TOPIK 3 or above,March,,,,available departments (17).xlsx,Hanyang University,,
4,한양대학교,Hanyang University,Embassy Track,A,Seoul,도시공학과,Urban Planning and Engineering,공학,Engneering,Bachelor's degree,4,Korean 100%,TOPIK 3 or above,March,,,,available departments (17).xlsx,Hanyang University,,
5,한양대학교,Hanyang University,Embassy Track,A,Seoul,자원환경공학과,Earth Resources and Environmental Engineering,공학,Engneering,Bachelor's degree,4,Korean 100%,TOPIK 3 or above,March,,,,available departments (17).xlsx,Hanyang University,,
6,한양대학교,Hanyang University,Embassy Track,A,Seoul,융합전자공학부,Electronic Engineering,공학,Engneering,Bachelor's degree,4,Korean 100%,TOPIK 3 or above,March,,,,available departments (17).xlsx,Hanyang University,,
7,한양대학교,Hanyang University,Embassy Track,A,Seoul,컴퓨터소프트웨어학부,Computer Science,공학,Engneering,Bachelor's degree,4,Korean 100%,TOPIK 3 or above,March,,,,available departments (17).xlsx,Hanyang University,,
8,한양대학교,Hanyang University,Embassy Track,A,Seoul,정보시스템학과,Information System,공학,Engneering,Bachelor's degree,4,Korean 100%,TOPIK 3 or above,March,,,,available departments (17).xlsx,Hanyang University,,
9,한양대학교,Hanyang University,Embassy Track,A,Seoul,전기·생체공학부_전기공학전공,Electrical and Biomedical Engineering_Electrical Engineering,공학,Engneering,Bachelor's degree,4,Korean 100%,TOPIK 3 or above,March,,,,available departments (17).xlsx,Hanyang University,,
10,한양대학교,Hanyang University,Embassy Track,A,Seoul,전기·생체공학부_바이오메디컬공학,Electrical and Biomedical Engineering_Biomedical Engineering,공학,Engneering,Bachelor's degree,4,Korean 100%,TOPIK 3 or above,March,,,,available departments (17).xlsx,Hanyang University,,
11,한양대학교,Hanyang University,Embassy Track,A,Seoul,신소재공학부,Materials Science and Engineering,공학,Engneering,Bachelor's degree,4,Korean 100%,TOPIK 3 or above,March,,,,available departments (17).xlsx,Hanyang University,,
12,한양대학교,Hanyang University,Embassy Track,A,Seoul,화학공학과,Chemical Engineering,공학,Engneering,Bachelor's degree,4,Korean 100%,TOPIK 3 or above,March,,,,available departments (17).xlsx,Hanyang University,,
13,한양대학교,Hanyang University,Embassy Track,A,Seoul,생명공학과,Bio Engineering,공학,Engneering,Bachelor's degree,4,Korean 100%,TOPIK 3 or above,March,,,,available departments (17).xlsx,Hanyang University,,
14,한양대학교,Hanyang University,Embassy Track,A,Seoul,유기나노공학과,Organic and Nano Engineering,공학,Engneering,Bachelor's degree,4,Korean 100%,TOPIK 3 or above,March,,,,available departments (17).xlsx,Hanyang University,,
15,한양대학교,Hanyang University,Embassy Track,A,Seoul,에너지공학과,Energy Engineering,공학,Engneering,Bachelor's degree,4,Korean 100%,TOPIK 3 or above,March,,,,available departments (17).xlsx,Hanyang University,,
16,한양대학교,Hanyang University,Embassy Track,A,Seoul,기계공학부,Mechanical Engineering,공학,Engneering,Bachelor's degree,4,Korean 100%,TOPIK 3 or above,March,,,,available departments (17).xlsx,Hanyang University,,
17,한양대학교,Hanyang University,Embassy Track,A,Seoul,원자력공학과,Nuclear Engineering,공학,Engneering,Bachelor's degree,4,Korean 100%,TOPIK 3 or above,March,,,,available departments (17).xlsx,Hanyang University,,
18,한양대학교,Hanyang University,Embassy Track,A,Seoul,산업공학과,Industrial Engineering,공학,Engneering,Bachelor's degree,4,Korean 100%,TOPIK 3 or above,March,,,,available departments (17).xlsx,Hanyang University,,
19,한양대학교,Hanyang University,Embassy Track,A,Seoul,미래자동차공학과,Automotive Engineering,공학,Engneering,Bachelor's degree,4,Korean 100%,TOPIK 3 or above,March,,,,available departments (17).xlsx,Hanyang University,,
20,한양대학교,Hanyang University,Embassy Track,A,Seoul,국어국문학과,Korean Language and Literature,인문,Humanities,Bachelor's degree,4,Korean 100%,TOPIK 3 or above,March,,,,available departments (17).xlsx,Hanyang University,,
21,한양대학교,Hanyang University,Embassy Track,A,Seoul,중어중문학과,Chinese Language and Literature,인문,Humanities,Bachelor's degree,4,Korean 100%,TOPIK 3 or above,March,,,,available departments (17).xlsx,Hanyang University,,
22,한양대학교,Hanyang University,Embassy Track,A,Seoul,영어영문학과,English Language and Literature,인문,Humanities,Bachelor's degree,4,Korean 100%,TOPIK 3 or above,March,,,,available departments (17).xlsx,Hanyang University,,
23,한양대학교,Hanyang University,Embassy Track,A,Seoul,독어독문학과,German Language and Literature,인문,Humanities,Bachelor's degree,4,Korean 100%,TOPIK 3 or above,March,,,,available departments (17).xlsx,Hanyang University,,
24,한양대학교,Hanyang University,Embassy Track,A,Seoul,사학과,History,인문,Humanities,Bachelor's degree,4,Korean 100%,TOPIK 3 or above,March,,,,available departments (17).xlsx,Hanyang University,,
25,한양대학교,Hanyang University,Embassy Track,A,Seoul,철학과,Philosophy,인문,Humanities,Bachelor's degree,4,Korean 100%,TOPIK 3 or above,March,,,,available departments (17).xlsx,Hanyang University,,
26,한양대학교,Hanyang University,Embassy Track,A,Seoul,정치외교학과,Political Science and International Studies,사회,Social Sciences,Bachelor's degree,4,Korean 100%,TOPIK 3 or above,March,,,,available departments (17).xlsx,Hanyang University,,
27,한양대학교,Hanyang University,Embassy Track,A,Seoul,사회학과,Sociology,사회,Social Sciences,Bachelor's degree,4,Korean 100%,TOPIK 3 or above,March,,,,available departments (17).xlsx,Hanyang University,,
28,한양대학교,Hanyang University,Embassy Track,A,Seoul,미디어커뮤니케이션학과,Media and Communication,사회,Social Sciences,Bachelor's degree,4,Korean 100%,TOPIK 3 or above,March,,,,available departments (17).xlsx,Hanyang University,,
29,한양대학교,Hanyang University,Embassy Track,A,Seoul,관광학부,Tourism,사회,Social Sciences,Bachelor's degree,4,Korean 100%,TOPIK 3 or above,March,,,,available departments (17).xlsx,Hanyang University,,
30,한양대학교,Hanyang University,Embassy Track,A,Seoul,수학과,Mathematics,자연,Natural Sciences,Bachelor's degree,4,Korean 100%,TOPIK 3 or above,March,,,,available departments (17).xlsx,Hanyang University,,
31,한양대학교,Hanyang University,Embassy Track,A,Seoul,물리학과,Physics,자연,Natural Sciences,Bachelor's degree,4,Korean 100%,TOPIK 3 or above,March,,,,available departments (17).xlsx,Hanyang University,,
32,한양대학교,Hanyang University,Embassy Track,A,Seoul,화학과,Chemistry,자연,Natural Sciences,Bachelor's degree,4,Korean 100%,TOPIK 3 or above,March,,,,available departments (17).xlsx,Hanyang University,,
33,한양대학교,Hanyang University,Embassy Track,A,Seoul,생명과학과,Life Science,자연,Natural Sciences,Bachelor's degree,4,Korean 100%,TOPIK 3 or above,March,,,,available departments (17).xlsx,Hanyang University,,
34,한양대학교,Hanyang University,Embassy Track,A,Seoul,정책학과,Policy Studies,사회,Social Sciences,Bachelor's degree,4,Korean 100%,TOPIK 3 or above,March,,,,available departments (17).xlsx,Hanyang University,,
35,한양대학교,Hanyang University,Embassy Track,A,Seoul,행정학과,Public Administration,사회,Social Sciences,Bachelor's degree,4,Korean 100%,TOPIK 3 or above,March,,,,available departments (17).xlsx,Hanyang University,,
36,한양대학교,Hanyang University,Embassy Track,A,Seoul,경제금융학부,Economics and Finance,사회,Social Sciences,Bachelor's degree,4,Korean 100%,TOPIK 3 or above,March,,,,available departments (17).xlsx,Hanyang University,,
37,한양대학교,Hanyang University,Embassy Track,A,Seoul,경영학부,Business Administration,사회,Social Sciences,Bachelor's degree,4,Korean 100%,TOPIK 3 or above,March,,,,available departments (17).xlsx,Hanyang University,,
38,한양대학교,Hanyang University,Embassy Track,A,Seoul,파이낸스경영학과,Financial Management,사회,Social Sciences,Bachelor's degree,4,Korean 100%,TOPIK 3 or above,March,,,,available departments (17).xlsx,Hanyang University,,
39,한양대학교,Hanyang University,Embassy Track,A,Seoul,의류학과,Clothing and Textiles,자연,Natural Sciences,Bachelor's degree,4,Korean 100%,TOPIK 3 or above,March,,,,available departments (17).xlsx,Hanyang University,,
40,한양대학교,Hanyang University,Embassy Track,A,Seoul,식품영양학과,Food and Nutrition,자연,Natural Sciences,Bachelor's degree,4,Korean 100%,TOPIK 3 or above,March,,,,available departments (17).xlsx,Hanyang University,,
41,한양대학교,Hanyang University,Embassy Track,A,Seoul,실내건축디자인학과,Interior Architecture Design,자연,Natural Sciences,Bachelor's degree,4,Korean 100%,TOPIK 3 or above,March,,,,available departments (17).xlsx,Hanyang University,,
42,한양대학교,Hanyang University,Embassy Track,A,Seoul,성악과,Voice,예체능,Arts & Sports,Bachelor's degree,4,Korean 100%,TOPIK 3 or above,March,,,,available departments (17).xlsx,Hanyang University,,
43,한양대학교,Hanyang University,Embassy Track,A,Seoul,작곡과,Composition,예체능,Arts & Sports,Bachelor's degree,4,Korean 100%,TOPIK 3 or above,March,,,,available departments (17).xlsx,Hanyang University,,
44,한양대학교,Hanyang University,Embassy Track,A,Seoul,피아노과,Piano,예체능,Arts & Sports,Bachelor's degree,4,Korean 100%,TOPIK 3 or above,March,,,,available departments (17).xlsx,Hanyang University,,
45,한양대학교,Hanyang University,Embassy Track,A,Seoul,관현악과,String and Wind Instrument,예체능,Arts & Sports,Bachelor's degree,4,Korean 100%,TOPIK 3 or above,March,,,,available departments (17).xlsx,Hanyang University,,
46,한양대학교,Hanyang University,Embassy Track,A,Seoul,국악과,Korean Traditional Music,예체능,Arts & Sports,Bachelor's degree,4,Korean 100%,TOPIK 3 or above,March,,,,available departments (17).xlsx,Hanyang University,,
47,한양대학교,Hanyang University,Embassy Track,A,Seoul,스포츠산업과학부_스포츠매니지먼트,Sport Industry and Science_Sports Management,예체능,Arts & Sports,Bachelor's degree,4,Korean 100%,TOPIK 3 or above,March,,,,available departments (17).xlsx,Hanyang University,,
48,한양대학교,Hanyang University,Embassy Track,A,Seoul,스포츠산업과학부_스포츠사이언스,Sport Industry and Science_Sports Science,예체능,Arts & Sports,Bachelor's degree,4,Korean 100%,TOPIK 3 or above,March,,,,available departments (17).xlsx,Hanyang University,,
49,한양대학교,Hanyang University,Embassy Track,A,Seoul,연극영화학과_영화전공,Theater and Film_Film,예체능,Arts & Sports,Bachelor's degree,4,Korean 100%,TOPIK 3 or above,March,,,,available departments (17).xlsx,Hanyang University,,
50,한양대학교,Hanyang University,Embassy Track,A,Seoul,연극영화학과_연출및스탭전공,Theater and Film_Play directing and Staff,예체능,Arts & Sports,Bachelor's degree,4,Korean 100%,TOPIK 3 or above,March,,,,available departments (17).xlsx,Hanyang University,,
51,한양대학교,Hanyang University,Embassy Track,A,Seoul,연극영화학과_연기전공,Theater and Film_Acting,예체능,Arts & Sports,Bachelor's degree,4,Korean 100%,TOPIK 3 or above,March,,,,available departments (17).xlsx,Hanyang University,,
52,한양대학교,Hanyang University,Embassy Track,A,Seoul,무용학과_한국무용,Dance_Korean Dance,예체능,Arts & Sports,Bachelor's degree,4,Korean 100%,TOPIK 3 or above,March,,,,available departments (17).xlsx,Hanyang University,,
53,한양대학교,Hanyang University,Embassy Track,A,Seoul,무용학과_현대무용,Dance_Modern Dance,예체능,Arts & Sports,Bachelor's degree,4,Korean 100%,TOPIK 3 or above,March,,,,available departments (17).xlsx,Hanyang University,,
54,한양대학교,Hanyang University,Embassy Track,A,Seoul,무용학과_발레,Dance_Ballet,예체능,Arts & Sports,Bachelor's degree,4,Korean 100%,TOPIK 3 or above,March,,,,available departments (17).xlsx,Hanyang University,,
55,한양대학교,Hanyang University,Embassy Track,A,Seoul,글로벌콘텐츠융합학부,Global Content Convergence,인문,Humanities,Bachelor's degree,4,Korean 100%,TOPIK 3 or above,March,,,,available departments (17).xlsx,Hanyang University,,
56,한양대학교,Hanyang University,Embassy Track,A,Seoul,데이터사이언스학부,Data Science,공학,Engneering,Bachelor's degree,4,English 100%,TOPIK 3 or above,March,,,,available departments (17).xlsx,Hanyang University,,
57,한양대학교,Hanyang University,Embassy Track,A,Seoul,경영학부_Global Management,Business Administration_Global Management,사회,Social Sciences,Bachelor's degree,4,English 100%,TOPIK 3 or above,March,,,,available departments (17).xlsx,Hanyang University,,
58,한양대학교,Hanyang University,Embassy Track,A,Seoul,국제학부,International Studies,인문,Humanities,Bachelor's degree,4,English 100%,TOPIK 3 or above,March,,,,available departments (17).xlsx,Hanyang University,,
No.,대학명,"University
(대학알리미 공시 명칭)",Application Track,Embassy Track Type,Campus Location,학과명,"Department
(대학알리미 공시 명칭)",학과계열,"Field of Study
(Division)",Degree Program,"Period
(years)",Medium of Instruction,Required TOPIK for Admission after Language Program,Program starts,Website URL for detailed information,Telephone for detailed information,,available departments (18).xlsx,Hongik University,,
1,홍익대학교,Hongik University,Embassy Track,A,Seoul,건축학부 건축학전공(5년제),Architecture(5-year program),공학,Engineering,Bachelor's degree,5,Korean 100%,"* TOPIK 3 : Take five Korean language courses in the first semster
* TOPIK 4 or above : Take regular courses",March or September,https://www.hongik.ac.kr/en/academics/intro-faculty-detail.do,+82-02-320-1106,,available departments (18).xlsx,Hongik University,,
2,홍익대학교,Hongik University,Embassy Track,A,Seoul,건축학부 실내건축학전공,Major in Interior Architecture,공학,Engineering,Bachelor's degree,4,Korean 100%,"* TOPIK 3 : Take five Korean language courses in the first semster
* TOPIK 4 or above : Take regular courses",March or September,https://www.hongik.ac.kr/en/academics/intro-faculty-detail.do,+82-02-320-1196,,available departments (18).xlsx,Hongik University,,
3,홍익대학교,Hongik University,Embassy Track,A,Seoul,도시공학과,Department of Urban Design and Planning,공학,Engineering,Bachelor's degree,4,Korean 100%,"* TOPIK 3 : Take five Korean language courses in the first semster
* TOPIK 4 or above : Take regular courses",March or September,https://www.hongik.ac.kr/en/academics/intro-faculty-detail.do,+82-02-320-1107,,available departments (18).xlsx,Hongik University,,
4,홍익대학교,Hongik University,Embassy Track,A,Seoul,경영학부,School of Business Administration,사회,Social Sciences,Bachelor's degree,4,Korean 100%,"* TOPIK 3 : Take five Korean language courses in the first semster
* TOPIK 4 or above : Take regular courses",March or September,https://www.hongik.ac.kr/en/academics/intro-faculty-detail.do,+82-02-320-1142,,available departments (18).xlsx,Hongik University,,
5,홍익대학교,Hongik University,Embassy Track,A,Seoul,건설환경공학과,Department of Civil and Environmental Engineering,공학,Engineering,Bachelor's degree,4,Korean 100%,"* TOPIK 3 : Take five Korean language courses in the first semster
* TOPIK 4 or above : Take regular courses",March or September,https://www.hongik.ac.kr/en/academics/intro-faculty-detail.do,+82-02-320-1108,,available departments (18).xlsx,Hongik University,,
6,홍익대학교,Hongik University,Embassy Track,A,Seoul,기계ㆍ시스템디자인공학과,Department of Mechanical and System Design Engineering,공학,Engineering,Bachelor's degree,4,Korean 100%,"* TOPIK 3 : Take five Korean language courses in the first semster
* TOPIK 4 or above : Take regular courses",March or September,https://www.hongik.ac.kr/en/academics/intro-faculty-detail.do,+82-02-320-1125,,available departments (18).xlsx,Hongik University,,
7,홍익대학교,Hongik University,Embassy Track,A,Seoul,산업・데이터공학과,Department of Industrial and Data Engineering,공학,Engineering,Bachelor's degree,4,Korean 100%,"* TOPIK 3 : Take five Korean language courses in the first semster
* TOPIK 4 or above : Take regular courses",March or September,https://www.hongik.ac.kr/en/academics/intro-faculty-detail.do,+82-02-320-1132,,available departments (18).xlsx,Hongik University,,
8,홍익대학교,Hongik University,Embassy Track,A,Seoul,신소재・화공시스템공학부,School of Chemical Engineering and Materials Science,공학,Engineering,Bachelor's degree,4,Korean 100%,"* TOPIK 3 : Take five Korean language courses in the first semster
* TOPIK 4 or above : Take regular courses",March or September,https://www.hongik.ac.kr/en/academics/intro-faculty-detail.do,+82-02-320-1127,"신소재공학전공/ 화학공학전공
Materials Science and Engineering/
Chemical Engineering",available departments (18).xlsx,Hongik University,,
9,홍익대학교,Hongik University,Embassy Track,A,Seoul,전자·전기공학부,School of Electronic and Electrical Engineering,공학,Engineering,Bachelor's degree,4,Korean 100%,"* TOPIK 3 : Take five Korean language courses in the first semster
* TOPIK 4 or above : Take regular courses",March or September,https://www.hongik.ac.kr/en/academics/intro-faculty-detail.do,+82-02-320-1120,,available departments (18).xlsx,Hongik University,,
10,홍익대학교,Hongik University,Embassy Track,A,Seoul,컴퓨터공학과,Department Of Computer Engineering,공학,Engineering,Bachelor's degree,4,Korean 100%,"* TOPIK 3 : Take five Korean language courses in the first semster
* TOPIK 4 or above : Take regular courses",March or September,https://www.hongik.ac.kr/en/academics/intro-faculty-detail.do,+82-02-320-1105,,available departments (18).xlsx,Hongik University,,
11,홍익대학교,Hongik University,Embassy Track,A,Seoul,경제학부,School of Economics,사회,Social Sciences,Bachelor's degree,4,Korean 100%,"* TOPIK 3 : Take five Korean language courses in the first semster
* TOPIK 4 or above : Take regular courses",March or September,https://www.hongik.ac.kr/en/academics/intro-faculty-detail.do,+82-02-320-1165,,available departments (18).xlsx,Hongik University,,
12,홍익대학교,Hongik University,Embassy Track,A,Seoul,공연예술학부(뮤지컬전공),Performing Arts(Major in Musical Theatre),예체능,Arts & Sports,Bachelor's degree,4,Korean 100%,"* TOPIK 3 : Take five Korean language courses in the first semster
* TOPIK 4 or above : Take regular courses",March or September,https://www.hongik.ac.kr/en/academics/intro-faculty-detail.do,+82-02-3668-3747,,available departments (18).xlsx,Hongik University,,
13,홍익대학교,Hongik University,Embassy Track,A,Seoul,공연예술학부(실용음악전공),Performing Arts(Major in Contemporary Music),예체능,Arts & Sports,Bachelor's degree,4,Korean 100%,"* TOPIK 3 : Take five Korean language courses in the first semster
* TOPIK 4 or above : Take regular courses",March or September,https://www.hongik.ac.kr/en/academics/intro-faculty-detail.do,+82-02-3668-3747,,available departments (18).xlsx,Hongik University,,
14,홍익대학교,Hongik University,Embassy Track,A,Seoul,국어국문학과,Department of Korean Language and Literature,인문,Humanities,Bachelor's degree,4,Korean 100%,"* TOPIK 3 : Take five Korean language courses in the first semster
* TOPIK 4 or above : Take regular courses",March or September,https://www.hongik.ac.kr/en/academics/intro-faculty-detail.do,+82-02-320-1158,,available departments (18).xlsx,Hongik University,,
15,홍익대학교,Hongik University,Embassy Track,A,Seoul,독어독문학과,Department of German Language and Literature,인문,Humanities,Bachelor's degree,4,Korean 100%,"* TOPIK 3 : Take five Korean language courses in the first semster
* TOPIK 4 or above : Take regular courses",March or September,https://www.hongik.ac.kr/en/academics/intro-faculty-detail.do,+82-02-320-1156,,available departments (18).xlsx,Hongik University,,
16,홍익대학교,Hongik University,Embassy Track,A,Seoul,불어불문학과,Department of French Language and Literature,인문,Humanities,Bachelor's degree,4,Korean 100%,"* TOPIK 3 : Take five Korean language courses in the first semster
* TOPIK 4 or above : Take regular courses",March or September,https://www.hongik.ac.kr/en/academics/intro-faculty-detail.do,+82-02-320-1157,,available departments (18).xlsx,Hongik University,,
17,홍익대학교,Hongik University,Embassy Track,A,Seoul,영어영문학과,Department of English Language and Literature,인문,Humanities,Bachelor's degree,4,Korean 100%,"* TOPIK 3 : Take five Korean language courses in the first semster
* TOPIK 4 or above : Take regular courses",March or September,https://www.hongik.ac.kr/en/academics/intro-faculty-detail.do,+82-02-320-1154,,available departments (18).xlsx,Hongik University,,
18,홍익대학교,Hongik University,Embassy Track,A,Seoul,금속조형디자인과,Department of Metalwork and Jewelry,예체능,Arts & Sports,Bachelor's degree,4,Korean 100%,"* TOPIK 3 : Take five Korean language courses in the first semster
* TOPIK 4 or above : Take regular courses",March or September,https://www.hongik.ac.kr/en/academics/intro-faculty-detail.do,+82-02-320-1217,,available departments (18).xlsx,Hongik University,,
19,홍익대학교,Hongik University,Embassy Track,A,Seoul,도예ㆍ유리과,Department of Ceramics and Glass,예체능,Arts & Sports,Bachelor's degree,4,Korean 100%,"* TOPIK 3 : Take five Korean language courses in the first semster
* TOPIK 4 or above : Take regular courses",March or September,https://www.hongik.ac.kr/en/academics/intro-faculty-detail.do,+82-02-320-1219,,available departments (18).xlsx,Hongik University,,
20,홍익대학교,Hongik University,Embassy Track,A,Seoul,동양화과,Department of Oriental Painting,예체능,Arts & Sports,Bachelor's degree,4,Korean 100%,"* TOPIK 3 : Take five Korean language courses in the first semster
* TOPIK 4 or above : Take regular courses",March or September,https://www.hongik.ac.kr/en/academics/intro-faculty-detail.do,+82-02-320-1205,,available departments (18).xlsx,Hongik University,,
21,홍익대학교,Hongik University,Embassy Track,A,Seoul,디자인학부,Division of Design,예체능,Arts & Sports,Bachelor's degree,4,Korean 101%,"* TOPIK 3 : Take five Korean language courses in the first semster
* TOPIK 4 or above : Take regular courses",March or September,https://www.hongik.ac.kr/en/academics/intro-faculty-detail.do,+82-02-320-1214~5,"시각디자인전공/ 산업디자인전공
Visual Communication Design/
Industrial Design",available departments (18).xlsx,Hongik University,,
22,홍익대학교,Hongik University,Embassy Track,A,Seoul,목조형가구학과,Department of Woodworking and Furniture Design,예체능,Arts & Sports,Bachelor's degree,4,Korean 100%,"* TOPIK 3 : Take five Korean language courses in the first semster
* TOPIK 4 or above : Take regular courses",March or September,https://www.hongik.ac.kr/en/academics/intro-faculty-detail.do,+82-02-320-1223,,available departments (18).xlsx,Hongik University,,
23,홍익대학교,Hongik University,Embassy Track,A,Seoul,섬유미술ㆍ패션디자인과,Department of Textile Art and Fashion Design,예체능,Arts & Sports,Bachelor's degree,4,Korean 100%,"* TOPIK 3 : Take five Korean language courses in the first semster
* TOPIK 4 or above : Take regular courses",March or September,https://www.hongik.ac.kr/en/academics/intro-faculty-detail.do,+82-02-320-1225,,available departments (18).xlsx,Hongik University,,
24,홍익대학교,Hongik University,Embassy Track,A,Seoul,예술학과,Department of Art History and Theory(Art Studies),예체능,Arts & Sports,Bachelor's degree,4,Korean 100%,"* TOPIK 3 : Take five Korean language courses in the first semster
* TOPIK 4 or above : Take regular courses",March or September,https://www.hongik.ac.kr/en/academics/intro-faculty-detail.do,+82-02-320-1227,,available departments (18).xlsx,Hongik University,,
25,홍익대학교,Hongik University,Embassy Track,A,Seoul,조소과,Department of Sculpture,예체능,Arts & Sports,Bachelor's degree,4,Korean 100%,"* TOPIK 3 : Take five Korean language courses in the first semster
* TOPIK 4 or above : Take regular courses",March or September,https://www.hongik.ac.kr/en/academics/intro-faculty-detail.do,+82-02-320-1213,,available departments (18).xlsx,Hongik University,,
26,홍익대학교,Hongik University,Embassy Track,A,Seoul,판화과,Department of Printmaking,예체능,Arts & Sports,Bachelor's degree,4,Korean 100%,"* TOPIK 3 : Take five Korean language courses in the first semster
* TOPIK 4 or above : Take regular courses",March or September,https://www.hongik.ac.kr/en/academics/intro-faculty-detail.do,+82-02-320-1208,,available departments (18).xlsx,Hongik University,,
27,홍익대학교,Hongik University,Embassy Track,A,Seoul,회화과,Department of Painting,예체능,Arts & Sports,Bachelor's degree,4,Korean 100%,"* TOPIK 3 : Take five Korean language courses in the first semster
* TOPIK 4 or above : Take regular courses",March or September,https://www.hongik.ac.kr/en/academics/intro-faculty-detail.do,+82-02-320-1206,,available departments (18).xlsx,Hongik University,,
28,홍익대학교,Hongik University,Embassy Track,A,Seoul,법학부,School of Law,사회,Social Sciences,Bachelor's degree,4,Korean 100%,"* TOPIK 3 : Take five Korean language courses in the first semster
* TOPIK 4 or above : Take regular courses",March or September,https://www.hongik.ac.kr/en/academics/intro-faculty-detail.do,+82-02-320-3152,,available departments (18).xlsx,Hongik University,,
29,홍익대학교,Hongik University,Embassy Track,A,Sejong,건축공학부,School of Architectural Engineering,공학,Engineering,Bachelor's degree,4 or 5,Korean 100%,"* TOPIK 3 : Take five Korean language courses in the first semster
* TOPIK 4 or above : Take regular courses",March or September,https://www.hongik.ac.kr/en/academics/intro-faculty-detail.do,+82-044-860-2796/ 2534,"건축디자인전공(5년제)/ 건축공학전공
Architecture Design (5-year program)/
Architecture Engineering",available departments (18).xlsx,Hongik University,,
30,홍익대학교,Hongik University,Embassy Track,A,Sejong,AI기계융합공학과,Department of AI Mechanical Design Engineering,공학,Engineering,Bachelor's degree,4,Korean 100%,"* TOPIK 3 : Take five Korean language courses in the first semster
* TOPIK 4 or above : Take regular courses",March or September,https://www.hongik.ac.kr/en/academics/intro-faculty-detail.do,+82-044-860-2538,,available departments (18).xlsx,Hongik University,,
31,홍익대학교,Hongik University,Embassy Track,A,Sejong,나노반도체공학과,Department of Materials and Science Engineering,공학,Engineering,Bachelor's degree,4,Korean 100%,"* TOPIK 3 : Take five Korean language courses in the first semster
* TOPIK 4 or above : Take regular courses",March or September,https://www.hongik.ac.kr/en/academics/intro-faculty-detail.do,+82-044-860-2515,,available departments (18).xlsx,Hongik University,,
32,홍익대학교,Hongik University,Embassy Track,A,Sejong,바이오화학융합공학과,Department of Biological and Chemical Engineering,공학,Engineering,Bachelor's degree,4,Korean 100%,"* TOPIK 3 : Take five Korean language courses in the first semster
* TOPIK 4 or above : Take regular courses",March or September,https://www.hongik.ac.kr/en/academics/intro-faculty-detail.do,+82-044-860-2219,,available departments (18).xlsx,Hongik University,,
33,홍익대학교,Hongik University,Embassy Track,A,Sejong,소프트웨어융합학과,Department of Software and Communications Engineering,공학,Engineering,Bachelor's degree,4,Korean 100%,"* TOPIK 3 : Take five Korean language courses in the first semster
* TOPIK 4 or above : Take regular courses",March or September,https://www.hongik.ac.kr/en/academics/intro-faculty-detail.do,+82-044-860-2392,,available departments (18).xlsx,Hongik University,,
34,홍익대학교,Hongik University,Embassy Track,A,Sejong,전자전기융합공학과,Department of Electronic & Electrical Convergence Engineering,공학,Engineering,Bachelor's degree,4,Korean 100%,"* TOPIK 3 : Take five Korean language courses in the first semster
* TOPIK 4 or above : Take regular courses",March or September,https://www.hongik.ac.kr/en/academics/intro-faculty-detail.do,+82-044-860-2529,,available departments (18).xlsx,Hongik University,,
35,홍익대학교,Hongik University,Embassy Track,A,Sejong,조선해양모빌리티공학과,"Department of Naval Architecture, Ocean and Mobility Engineering",공학,Engineering,Bachelor's degree,4,Korean 100%,"* TOPIK 3 : Take five Korean language courses in the first semster
* TOPIK 4 or above : Take regular courses",March or September,https://www.hongik.ac.kr/en/academics/intro-faculty-detail.do,+82-044-860-2545,,available departments (18).xlsx,Hongik University,,
36,홍익대학교,Hongik University,Embassy Track,A,Sejong,게임학부 게임그래픽디자인전공(미술계),Major in Game Graphics Design,예체능,Arts & Sports,Bachelor's degree,4,Korean 100%,"* TOPIK 3 : Take five Korean language courses in the first semster
* TOPIK 4 or above : Take regular courses",March or September,https://www.hongik.ac.kr/en/academics/intro-faculty-detail.do,+82-044-860-2689,,available departments (18).xlsx,Hongik University,,
37,홍익대학교,Hongik University,Embassy Track,A,Sejong,게임학부 게임소프트웨어전공(공학계),Major in Game Software,공학,Engineering,Bachelor's degree,4,Korean 100%,"* TOPIK 3 : Take five Korean language courses in the first semster
* TOPIK 4 or above : Take regular courses",March or September,https://www.hongik.ac.kr/en/academics/intro-faculty-detail.do,+82-044-860-2794,,available departments (18).xlsx,Hongik University,,
38,홍익대학교,Hongik University,Embassy Track,A,Sejong,광고홍보학부,School of Advertising and Public Relations,사회,Social Sciences,Bachelor's degree,4,Korean 100%,"* TOPIK 3 : Take five Korean language courses in the first semster
* TOPIK 4 or above : Take regular courses",March or September,https://www.hongik.ac.kr/en/academics/intro-faculty-detail.do,+82-044-860-2491,,available departments (18).xlsx,Hongik University,,
39,홍익대학교,Hongik University,Embassy Track,A,Sejong,상경학부,School of Business Management,사회,Social Sciences,Bachelor's degree,4,Korean 100%,"* TOPIK 3 : Take five Korean language courses in the first semster
* TOPIK 4 or above : Take regular courses",March or September,https://www.hongik.ac.kr/en/academics/intro-faculty-detail.do,+82-044-860-2361,"글로벌경영전공/ 회계학전공/ 금융보험학전공
International Management/ Accounting/
Finance and Insurance",available departments (18).xlsx,Hongik University,,
40,홍익대학교,Hongik University,Embassy Track,A,Sejong,디자인컨버전스학부,School of Design Convergence,예체능,Arts & Sports,Bachelor's degree,4,Korean 100%,"* TOPIK 3 : Take five Korean language courses in the first semster
* TOPIK 4 or above : Take regular courses",March or September,https://www.hongik.ac.kr/en/academics/intro-faculty-detail.do,+82-044-860-2505,,available departments (18).xlsx,Hongik University,,
41,홍익대학교,Hongik University,Embassy Track,A,Sejong,영상ㆍ애니메이션학부,School of Film and Animation,예체능,Arts & Sports,Bachelor's degree,4,Korean 100%,"* TOPIK 3 : Take five Korean language courses in the first semster
* TOPIK 4 or above : Take regular courses",March or September,https://www.hongik.ac.kr/en/academics/intro-faculty-detail.do,+82-044-860-2754,,available departments (18).xlsx,Hongik University,,
No.,대학명,"University
(대학알리미 공시 명칭)","Application
Track",Embassy Track Type,Campus Location,학과명,"Department
(대학알리미 공시 명칭)",학과계열,"Field of Study
(Division)",Degree Program,"Period
(years)",Medium of Instruction,Required TOPIK for Admission after Language Program,Program starts,Website URL for detailed information,Telephone for detailed information,Remarks,available departments (19).xlsx,Incheon National University,,
1,인천대학교,Incheon National University,Embassy Track,A,Incheon,국어국문학과,Dept. of Korean Language & Literature,인문,Humanities,Bachelor's degree,4,Korean 100%,TOPIK 4 or above,March or September,https://korean.inu.ac.kr/korean/index.do?epTicket=LOG,032-835-8110,,available departments (19).xlsx,Incheon National University,,
2,인천대학교,Incheon National University,Embassy Track,A,Incheon,영어영문학과,Dept. of English Language & Literature,인문,Humanities,Bachelor's degree,4,Korean 100%,TOPIK 3 or above,March or September,https://english.inu.ac.kr/ui/index.do?epTicket=LOG,032-835-8120,,available departments (19).xlsx,Incheon National University,,
3,인천대학교,Incheon National University,Embassy Track,A,Incheon,독어독문학과,Dept. of German Language & Literature,인문,Humanities,Bachelor's degree,4,Korean 100%,TOPIK 3 or above,March or September,https://german.inu.ac.kr/german/index.do?epTicket=LOG,032-835-8130,,available departments (19).xlsx,Incheon National University,,
4,인천대학교,Incheon National University,Embassy Track,A,Incheon,불어불문학과,Dept. of French Language & Literature,인문,Humanities,Bachelor's degree,4,Korean 100%,TOPIK 3 or above,March or September,https://inufrance.inu.ac.kr/inufrance/index.do?epTicket=LOG,032-835-8905,,available departments (19).xlsx,Incheon National University,,
5,인천대학교,Incheon National University,Embassy Track,A,Incheon,일본지역문화학과,Dept. of Japanese Regional Culture,인문,Humanities,Bachelor's degree,4,Korean 100%,TOPIK 3 or above,March or September,https://unjapan.inu.ac.kr/unjapan/index.do?epTicket=LOG,032-835-8150,,available departments (19).xlsx,Incheon National University,,
6,인천대학교,Incheon National University,Embassy Track,A,Incheon,중어중국학과,Dept. of Chinese Language & Cultural Studies,인문,Humanities,Bachelor's degree,4,Korean 100%,TOPIK 3 or above,March or September,https://inuchina.inu.ac.kr/inuchina/index.do?epTicket=LOG,032-835-8790,,available departments (19).xlsx,Incheon National University,,
7,인천대학교,Incheon National University,Embassy Track,A,Incheon,수학과,Dept. of Mathematics,자연,Natural Sciences,Bachelor's degree,4,Korean 100%,TOPIK 3 or above,March or September,https://math.inu.ac.kr/isu/index.do?epTicket=LOG,032-835-8210,,available departments (19).xlsx,Incheon National University,,
8,인천대학교,Incheon National University,Embassy Track,A,Incheon,물리학과,Dept. of Physics,자연,Natural Sciences,Bachelor's degree,4,Korean 100%,TOPIK 3 or above,March or September,https://physics.inu.ac.kr/physics/index.do?epTicket=LOG,032-835-8220,,available departments (19).xlsx,Incheon National University,,
9,인천대학교,Incheon National University,Embassy Track,A,Incheon,화학과,Dept. of Chemistry,자연,Natural Sciences,Bachelor's degree,4,Korean 100%,TOPIK 3 or above,March or September,https://chem.inu.ac.kr/chem/index.do?epTicket=LOG,032-835-8230,,available departments (19).xlsx,Incheon National University,,
10,인천대학교,Incheon National University,Embassy Track,A,Incheon,패션산업학과,Dept. of Fashion industry,예체능,Arts & Sports,Bachelor's degree,4,Korean 100%,TOPIK 3 or above,March or September,https://uifashion.inu.ac.kr/uifashion/index.do?epTicket=LOG,032-835-8260,,available departments (19).xlsx,Incheon National University,,
11,인천대학교,Incheon National University,Embassy Track,A,Incheon,해양학과,Dept. of Marine Science,자연,Natural Sciences,Bachelor's degree,4,Korean 100%,TOPIK 3 or above,March or September,https://marine.inu.ac.kr/marine/index.do?epTicket=LOG,032-835-8860,,available departments (19).xlsx,Incheon National University,,
12,인천대학교,Incheon National University,Embassy Track,A,Incheon,사회복지학과,Dept. of Social Welfare,사회,Social Sciences,Bachelor's degree,4,Korean 100%,TOPIK 3 or above,March or September,https://dsw.inu.ac.kr/dsw/index.do?epTicket=LOG,032-835-8311,,available departments (19).xlsx,Incheon National University,,
13,인천대학교,Incheon National University,Embassy Track,A,Incheon,미디어커뮤니케이션학과,Dept. of Media and Communication,사회,Social Sciences,Bachelor's degree,4,Korean 100%,TOPIK 4 or above,March or September,https://newdays.inu.ac.kr/shinbang/index.do?epTicket=LOG,032-835-8590,,available departments (19).xlsx,Incheon National University,,
14,인천대학교,Incheon National University,Embassy Track,A,Incheon,문헌정보학과,Dept. of Library and Information Science,사회,Social Sciences,Bachelor's degree,4,Korean 100%,TOPIK 3 or above,March or September,https://cls.inu.ac.kr/cls/index.do?epTicket=LOG,032-835-8750,,available departments (19).xlsx,Incheon National University,,
15,인천대학교,Incheon National University,Embassy Track,A,Incheon,창의인재개발학과,Dept. of Creative Human Resource Development,사회,Social Sciences,Bachelor's degree,4,Korean 100%,TOPIK 3 or above,March or September,https://hrd.inu.ac.kr/hrd/index.do?epTicket=LOG,032-835-8160,,available departments (19).xlsx,Incheon National University,,
16,인천대학교,Incheon National University,Embassy Track,A,Incheon,행정학과,Dept. of Public Administration,사회,Social Sciences,Bachelor's degree,4,Korean 100%,TOPIK 4 or above,March or September,https://uipa.inu.ac.kr/uipa/index.do?epTicket=LOG,032-835-8330,,available departments (19).xlsx,Incheon National University,,
17,인천대학교,Incheon National University,Embassy Track,A,Incheon,정치외교학과,Dept. of Political Science & International Studies,사회,Social Sciences,Bachelor's degree,4,Korean 100%,TOPIK 3 or above,March or September,https://politics.inu.ac.kr/politics/index.do?epTicket=LOG,032-835-8340,,available departments (19).xlsx,Incheon National University,,
18,인천대학교,Incheon National University,Embassy Track,A,Incheon,경제학과,Dept. of Economics,사회,Social Sciences,Bachelor's degree,4,Korean 100%,TOPIK 3 or above,March or September,https://econ.inu.ac.kr/econ/index.do?epTicket=LOG,032-835-8530,,available departments (19).xlsx,Incheon National University,,
19,인천대학교,Incheon National University,Embassy Track,A,Incheon,Global Trade & Service학부,School of Global Trade & Service,사회,Social Sciences,Bachelor's degree,4,Korean 100%,TOPIK 3 or above,March or September,https://trade.inu.ac.kr/trade/index.do?epTicket=LOG,032-835-8520,,available departments (19).xlsx,Incheon National University,,
20,인천대학교,Incheon National University,Embassy Track,A,Incheon,소비자학과,Dept. of Consumer Science ,사회,Social Sciences,Bachelor's degree,4,Korean 100%,TOPIK 3 or above,March or September,https://ccs.inu.ac.kr/ccs/index.do?epTicket=LOG,032-835-8913,,available departments (19).xlsx,Incheon National University,,
21,인천대학교,Incheon National University,Embassy Track,A,Incheon,기계공학과,Dept. of Mechanical Engineering,공학,Engineering,Bachelor's degree,4,Korean 100%,TOPIK 3 or above,March or September,https://me.inu.ac.kr/me/index.do?epTicket=LOG,032-835-8410,,available departments (19).xlsx,Incheon National University,,
22,인천대학교,Incheon National University,Embassy Track,A,Incheon,전기공학과,Dept. of Electrical Engineering,공학,Engineering,Bachelor's degree,4,Korean 100%,TOPIK 3 or above,March or September,https://elec.inu.ac.kr/elec/index.do?epTicket=LOG,032-835-8430,,available departments (19).xlsx,Incheon National University,,
23,인천대학교,Incheon National University,Embassy Track,A,Incheon,전자공학전공,Electronic Engineering,공학,Engineering,Bachelor's degree,4,Korean 100%,TOPIK 3 or above,March or September,https://ee.inu.ac.kr/electron/index.do?epTicket=LOG,032-835-8440,,available departments (19).xlsx,Incheon National University,,
24,인천대학교,Incheon National University,Embassy Track,A,Incheon,반도체융합전공,Semiconductor Convergence,공학,Engineering,Bachelor's degree,4,Korean 100%,TOPIK 3 or above,March or September,https://ee.inu.ac.kr/electron/11659/subview.do,032-835-8440,,available departments (19).xlsx,Incheon National University,,
25,인천대학교,Incheon National University,Embassy Track,A,Incheon,산업경영공학과,Dept. of Industrial and Management Engineering,공학,Engineering,Bachelor's degree,4,Korean 100%,TOPIK 3 or above,March or September,https://ime.inu.ac.kr/ime/index.do?epTicket=LOG,032-835-8926,,available departments (19).xlsx,Incheon National University,,
26,인천대학교,Incheon National University,Embassy Track,A,Incheon,신소재공학과,Dept. of Materials Science and Engineering,공학,Engineering,Bachelor's degree,4,Korean 100%,TOPIK 3 or above,March or September,https://mse.inu.ac.kr/mse/index.do?epTicket=LOG,032-835-8270,,available departments (19).xlsx,Incheon National University,,
27,인천대학교,Incheon National University,Embassy Track,A,Incheon,안전공학과,Dept. of Safety Engineering,공학,Engineering,Bachelor's degree,4,Korean 100%,TOPIK 3 or above,March or September,https://safety.inu.ac.kr/safety/index.do?epTicket=LOG,032-835-8290,,available departments (19).xlsx,Incheon National University,,
28,인천대학교,Incheon National University,Embassy Track,A,Incheon,에너지화학공학과,Dept. of Energy and Chemical Engineering,공학,Engineering,Bachelor's degree,4,Korean 100%,TOPIK 3 or above,March or September,https://energy.inu.ac.kr/energy/index.do?epTicket=LOG,032-835-8670,,available departments (19).xlsx,Incheon National University,,
29,인천대학교,Incheon National University,Embassy Track,A,Incheon,바이오-로봇시스템공학과,Dept. of Biomedical & Robotics Engineering,공학,Engineering,Bachelor's degree,4,Korean 100%,TOPIK 3 or above,March or September,https://bio-robot.inu.ac.kr/meca/index.do?epTicket=LOG,032-835-8690,,available departments (19).xlsx,Incheon National University,,
30,인천대학교,Incheon National University,Embassy Track,A,Incheon,컴퓨터공학전공,Computer Science and Engineering,공학,Engineering,Bachelor's degree,4,Korean 100%,TOPIK 4 or above,March only,https://cse.inu.ac.kr/isis/index.do?epTicket=LOG,032-835-8941,March only,available departments (19).xlsx,Incheon National University,,
31,인천대학교,Incheon National University,Embassy Track,A,Incheon,인공지능전공,Artificial Intelligence,공학,Engineering,Bachelor's degree,4,Korean 100%,TOPIK 4 or above,March only,https://cse.inu.ac.kr/isis/index.do?epTicket=LOG,032-835-8941,March only,available departments (19).xlsx,Incheon National University,,
32,인천대학교,Incheon National University,Embassy Track,A,Incheon,인공지능정보통신공학부,Division of AI and ICT,공학,Engineering,Bachelor's degree,4,Korean 100%,TOPIK 3 or above,March or September,https://ite.inu.ac.kr/ite/index.do?epTicket=LOG,032-835-8930,,available departments (19).xlsx,Incheon National University,,
33,인천대학교,Incheon National University,Embassy Track,A,Incheon,인공지능시스템공학과,Dept. of Artificial Intelligence Systems Engineering,공학,Engineering,Bachelor's degree,4,Korean 100%,TOPIK 3 or above,March or September,https://ese.inu.ac.kr/ese/index.do?epTicket=LOG,032-835-8760,,available departments (19).xlsx,Incheon National University,,
34,인천대학교,Incheon National University,Embassy Track,A,Incheon,경영학부,School of Business Administration,사회,Social Sciences,Bachelor's degree,4,Korean 100%,TOPIK 3 or above,March or September,https://biz.inu.ac.kr/biz/index.do?epTicket=LOG,032-835-8510,,available departments (19).xlsx,Incheon National University,,
35,인천대학교,Incheon National University,Embassy Track,A,Incheon,데이터과학과,Dept. of Data Science,자연,Natural Sciences,Bachelor's degree,4,Korean 100%,TOPIK 4 or above,March or September,https://datascience.inu.ac.kr/datascience/index.do?epTicket=LOG,032-835-8955,,available departments (19).xlsx,Incheon National University,,
36,인천대학교,Incheon National University,Embassy Track,A,Incheon,세무회계학과,Dept. of Tax & Accounting,사회,Social Sciences,Bachelor's degree,4,Korean 100%,TOPIK 3 or above,March or September,https://tax.inu.ac.kr/tax/index.do?epTicket=LOG,032-835-8720,,available departments (19).xlsx,Incheon National University,,
37,인천대학교,Incheon National University,Embassy Track,A,Incheon,한국화전공,Korean Painting,예체능,Arts & Sports,Bachelor's degree,4,Korean 100%,TOPIK 3 or above,March or September,https://finearts.inu.ac.kr/finearts/index.do?epTicket=LOG,032-835-8936,,available departments (19).xlsx,Incheon National University,,
38,인천대학교,Incheon National University,Embassy Track,A,Incheon,서양화전공,Western Painting,예체능,Arts & Sports,Bachelor's degree,4,Korean 100%,TOPIK 3 or above,March or September,https://finearts.inu.ac.kr/finearts/index.do?epTicket=LOG,032-835-8936,,available departments (19).xlsx,Incheon National University,,
39,인천대학교,Incheon National University,Embassy Track,A,Incheon,디자인학부,Division of Design,예체능,Arts & Sports,Bachelor's degree,4,Korean 100%,TOPIK 3 or above,March or September,https://design.inu.ac.kr/design/index.do?epTicket=LOG,032-835-8555,,available departments (19).xlsx,Incheon National University,,
40,인천대학교,Incheon National University,Embassy Track,A,Incheon,공연예술학과,Dept. of Performing Arts,예체능,Arts & Sports,Bachelor's degree,4,Korean 100%,TOPIK 3 or above,March or September,https://uipa10.inu.ac.kr/uipa10/index.do?epTicket=LOG,032-835-8620,,available departments (19).xlsx,Incheon National University,,
41,인천대학교,Incheon National University,Embassy Track,A,Incheon,스포츠과학부,Division of Sports Science,예체능,Arts & Sports,Bachelor's degree,4,Korean 100%,TOPIK 3 or above,March or September,https://sports.inu.ac.kr/,032-835-8570,,available departments (19).xlsx,Incheon National University,,
42,인천대학교,Incheon National University,Embassy Track,A,Incheon,스포츠의학부,Division of Sports Medicine,예체능,Arts & Sports,Bachelor's degree,4,Korean 100%,TOPIK 3 or above,March or September,https://uiex.inu.ac.kr/uiex/index.do?epTicket=LOG,032-835-8580,,available departments (19).xlsx,Incheon National University,,
43,인천대학교,Incheon National University,Embassy Track,A,Incheon,도시행정학과,Dept. of Urban Policy and Administration,사회,Social Sciences,Bachelor's degree,4,Korean 100%,TOPIK 3 or above,March or September,https://urban.inu.ac.kr/urban/index.do?epTicket=LOG,032-835-8740,,available departments (19).xlsx,Incheon National University,,
44,인천대학교,Incheon National University,Embassy Track,A,Incheon,건설환경공학전공 ,Civil & Environmental Engineering,공학,Engineering,Bachelor's degree,4,Korean 100%,TOPIK 3 or above,March or September,https://civil.inu.ac.kr/civil/index.do?epTicket=LOG,032-835-8460,,available departments (19).xlsx,Incheon National University,,
45,인천대학교,Incheon National University,Embassy Track,A,Incheon,환경공학전공,Environmental Technology,공학,Engineering,Bachelor's degree,4,Korean 100%,TOPIK 3 or above,March or September,https://et.inu.ac.kr/et/index.do?epTicket=LOG,032-835-8982,,available departments (19).xlsx,Incheon National University,,
46,인천대학교,Incheon National University,Embassy Track,A,Incheon,도시공학과,Dept. of Urban Engineering,공학,Engineering,Bachelor's degree,4,Korean 100%,TOPIK 3 or above,March or September,https://scity.inu.ac.kr/ucv/index.do?epTicket=LOG,032-835-8786,,available departments (19).xlsx,Incheon National University,,
47,인천대학교,Incheon National University,Embassy Track,A,Incheon,건축공학전공,Architectural Engineering,공학,Engineering,Bachelor's degree,4,Korean 100%,TOPIK 3 or above,March or September,https://archi.inu.ac.kr/archi/index.do?epTicket=LOG,032-835-8470,,available departments (19).xlsx,Incheon National University,,
48,인천대학교,Incheon National University,Embassy Track,A,Incheon,도시건축학전공,Architecture and Urban Design,공학,Engineering,Bachelor's degree,4,Korean 100%,TOPIK 3 or above,March or September,https://archi.inu.ac.kr/archi/index.do?epTicket=LOG,032-835-8470,,available departments (19).xlsx,Incheon National University,,
49,인천대학교,Incheon National University,Embassy Track,A,Incheon,생명과학전공,Biological Sciences,자연,Natural Sciences,Bachelor's degree,4,Korean 100%,TOPIK 3 or above,March or September,https://life.inu.ac.kr/life/index.do?epTicket=LOG,032-835-8240,,available departments (19).xlsx,Incheon National University,,
50,인천대학교,Incheon National University,Embassy Track,A,Incheon,분자의생명전공,Molecular and medical science,자연,Natural Sciences,Bachelor's degree,4,Korean 100%,TOPIK 3 or above,March or September,https://molbio.inu.ac.kr/molbio/index.do?epTicket=LOG,032-835-8912,,available departments (19).xlsx,Incheon National University,,
51,인천대학교,Incheon National University,Embassy Track,A,Incheon,생명공학전공,Bioengineering,공학,Engineering,Bachelor's degree,4,Korean 100%,TOPIK 3 or above,March only,https://bioeng.inu.ac.kr/engineeringlife/index.do?epTicket=LOG,032-835-8833,March only,available departments (19).xlsx,Incheon National University,,
52,인천대학교,Incheon National University,Embassy Track,A,Incheon,나노바이오공학전공,Nano-Bioengineering,공학,Engineering,Bachelor's degree,4,Korean 100%,TOPIK 3 or above,March only,https://nanobio.inu.ac.kr/nanobio/index.do?epTicket=LOG,032-835-8680,March only,available departments (19).xlsx,Incheon National University,,
53,인천대학교,Incheon National University,Embassy Track,A,Incheon,스마트물류공학전공,Smart Logistics Engineering ,사회,Social Sciences,Bachelor's degree,4,Korean 100%,TOPIK 3 or above,March or September,https://slog.inu.ac.kr/slog/index.do?epTicket=LOG,032-835-8181,,available departments (19).xlsx,Incheon National University,,
54,인천대학교,Incheon National University,Embassy Track,A,Incheon,법학부,Dept. of Law,인문,Humanities,Bachelor's degree,4,Korean 100%,TOPIK 3 or above,March or September,https://law.inu.ac.kr/law/index.do?epTicket=LOG,032-835-8320,,available departments (19).xlsx,Incheon National University,,
No.,대학명,"University
(대학알리미 공시 명칭)","Application
Track",Embassy Track Type,Campus Location,"모집단위
(학과, 학부 등)","Department
(대학알리미 공시 명칭)",학과계열,"Field of Study
(Division)",Degree Program,"Period
(years)",Medium of Instruction,Required TOPIK for Admission after Language Program,Program starts,Website URL for detailed information,Telephone for detailed information,Remarks,available departments (2).xlsx,Sogang University,,
1,서강대학교,Sogang University,Embassy Track,A,Seoul(Sinchon),국어국문학과,Korean Language & Literature ,인문,Humanities,Bachelor's degree,4,Korean/English,TOPIK 3 or above,March only,http://ekorea.sogang.ac.kr/,,,available departments (2).xlsx,Sogang University,,
2,서강대학교,Sogang University,Embassy Track,A,Seoul(Sinchon),사학과,History ,인문,Humanities,Bachelor's degree,4,Korean/English,TOPIK 3 or above,March only,http://ehistory.sogang.ac.kr/,,,available departments (2).xlsx,Sogang University,,
3,서강대학교,Sogang University,Embassy Track,A,Seoul(Sinchon),철학과,Philosophy ,인문,Humanities,Bachelor's degree,4,Korean/English,TOPIK 3 or above,March only,http://ephilosophy.sogang.ac/,,,available departments (2).xlsx,Sogang University,,
4,서강대학교,Sogang University,Embassy Track,A,Seoul(Sinchon),종교학과,Religious Studies,인문,Humanities,Bachelor's degree,4,Korean/English,TOPIK 3 or above,March only,http://ereligion.sogang.ac.k/,,,available departments (2).xlsx,Sogang University,,
5,서강대학교,Sogang University,Embassy Track,A,Seoul(Sinchon),영미어문전공,English Literature & Linguistics,인문,Humanities,Bachelor's degree,4,Korean/English,TOPIK 3 or above,March only,https://english.sogang.ac.kr/english/index_new.html,,,available departments (2).xlsx,Sogang University,,
6,서강대학교,Sogang University,Embassy Track,A,Seoul(Sinchon),유럽문화학과,European Languages & Culture,인문,Humanities,Bachelor's degree,4,Korean/English,TOPIK 3 or above,March only,https://eu.sogang.ac.kr/eu/index.html,,,available departments (2).xlsx,Sogang University,,
7,서강대학교,Sogang University,Embassy Track,A,Seoul(Sinchon),중국문화학과,Chinese Culture,인문,Humanities,Bachelor's degree,4,Korean/English,TOPIK 3 or above,March only,https://echina.sogang.ac.kr/echina/index_new.html,,,available departments (2).xlsx,Sogang University,,
8,서강대학교,Sogang University,Embassy Track,A,Seoul(Sinchon),사회학과,Sociology,사회,Social Sciences,Bachelor's degree,4,Korean/English,TOPIK 3 or above,March only,https://sociology.sogang.ac.kr/sociology/index_new.html,,,available departments (2).xlsx,Sogang University,,
9,서강대학교,Sogang University,Embassy Track,A,Seoul(Sinchon),정치외교학과,Political Science,사회,Social Sciences,Bachelor's degree,4,Korean/English,TOPIK 3 or above,March only,https://scc.sogang.ac.kr/politics/index_new.html,,,available departments (2).xlsx,Sogang University,,
10,서강대학교,Sogang University,Embassy Track,A,Seoul(Sinchon),심리학과,Psychology,사회,Social Sciences,Bachelor's degree,4,Korean/English,TOPIK 3 or above,March only,https://psychology.sogang.ac.kr/psychology/index_new.html,,,available departments (2).xlsx,Sogang University,,
11,서강대학교,Sogang University,Embassy Track,A,Seoul(Sinchon),경제학과,Economics,사회,Social Sciences,Bachelor's degree,4,Korean/English,TOPIK 3 or above,March only,https://econeng.sogang.ac.kr/econeng/index_new.html,,,available departments (2).xlsx,Sogang University,,
12,서강대학교,Sogang University,Embassy Track,A,Seoul(Sinchon),경영학부,Business Administration,사회,Social Sciences,Bachelor's degree,4,Korean/English,TOPIK 3 or above,March only,https://isbs.sogang.ac.kr/isbs/index_new.html,,,available departments (2).xlsx,Sogang University,,
13,서강대학교,Sogang University,Embassy Track,A,Seoul(Sinchon),글로벌한국학부(한국언어문화전공),Global Korean Studies (Korean Language and Culture),인문,Humanities,Bachelor's degree,4,Korean/English,TOPIK 3 or above,March only,https://gks.sogang.ac.kr/korean/,,,available departments (2).xlsx,Sogang University,,
14,서강대학교,Sogang University,Embassy Track,A,Seoul(Sinchon),글로벌융합학부,Global Interdisciplinary Studies,인문,Humanities,Bachelor's degree,4,Korean/English,TOPIK 3 or above,March only,https://lic.sogang.ac.kr/lic/lic_02_03.html,,,available departments (2).xlsx,Sogang University,,
15,서강대학교,Sogang University,Embassy Track,A,Seoul(Sinchon),신문방송학과,Communication,사회,Social Sciences,Bachelor's degree,4,Korean/English,TOPIK 3 or above,March only,https://jas.sogang.ac.kr/jas/index_new.html,,,available departments (2).xlsx,Sogang University,,
16,서강대학교,Sogang University,Embassy Track,A,Seoul(Sinchon),미디어&엔터테인먼트학과,Media & Entertainment,사회,Social Sciences,Bachelor's degree,4,Korean/English,TOPIK 3 or above,March only,https://mae.sogang.ac.kr/mae/index_new.html,,,available departments (2).xlsx,Sogang University,,
17,서강대학교,Sogang University,Embassy Track,A,Seoul(Sinchon),아트&테크놀로지학과,Art & Technology,공학,Engineering,Bachelor's degree,4,Korean/English,TOPIK 3 or above,March only,http://creative.sogang.ac.kr/,,,available departments (2).xlsx,Sogang University,,
18,서강대학교,Sogang University,Embassy Track,A,Seoul(Sinchon),수학과,Mathematics,자연,Natural Sciences,Bachelor's degree,4,Korean/English,TOPIK 3 or above,March only,https://math.sogang.ac.kr/math/index_new.html,,,available departments (2).xlsx,Sogang University,,
19,서강대학교,Sogang University,Embassy Track,A,Seoul(Sinchon),물리학과,Physics,자연,Natural Sciences,Bachelor's degree,4,Korean/English,TOPIK 3 or above,March only,https://physicse.sogang.ac.kr/physicse/index_new.html,,,available departments (2).xlsx,Sogang University,,
20,서강대학교,Sogang University,Embassy Track,A,Seoul(Sinchon),화학과,Chemistry,자연,Natural Sciences,Bachelor's degree,4,Korean/English,TOPIK 3 or above,March only,https://chemistry.sogang.ac.kr/chemistry/index_new.html,,,available departments (2).xlsx,Sogang University,,
21,서강대학교,Sogang University,Embassy Track,A,Seoul(Sinchon),생명과학과,Life Sciences,자연,Natural Sciences,Bachelor's degree,4,Korean/English,TOPIK 3 or above,March only,http://lifescien.sogang.ac.kr/en.index.php,,,available departments (2).xlsx,Sogang University,,
22,서강대학교,Sogang University,Embassy Track,A,Seoul(Sinchon),전자공학과,Electronic Engineering,공학,Engineering,Bachelor's degree,4,Korean/English,TOPIK 3 or above,March only,https://ee.sogang.ac.kr/kor/main/,,,available departments (2).xlsx,Sogang University,,
23,서강대학교,Sogang University,Embassy Track,A,Seoul(Sinchon),화공생명공학과,Chemical & Biomolecular Engineering,공학,Engineering,Bachelor's degree,4,Korean/English,TOPIK 3 or above,March only,http://chemeng.sogang.ac.kr/kor/index.php,,,available departments (2).xlsx,Sogang University,,
24,서강대학교,Sogang University,Embassy Track,A,Seoul(Sinchon),기계공학과,Mechanical Engineering,공학,Engineering,Bachelor's degree,4,Korean/English,TOPIK 3 or above,March only,http://me.sogang.ac.kr/english/index.php,,,available departments (2).xlsx,Sogang University,,
25,서강대학교,Sogang University,Embassy Track,A,Seoul(Sinchon),반도체공학과,Semiconductor Engineering,공학,Engineering,Bachelor's degree,4,Korean/English,TOPIK 3 or above,March only,https://se.sogang.ac.kr/,,,available departments (2).xlsx,Sogang University,,
26,서강대학교,Sogang University,Embassy Track,A,Seoul(Sinchon),컴퓨터공학과,Computer Science & Englineering,공학,Engineering,Bachelor's degree,4,Korean/English,TOPIK 3 or above,March only,https://ecs.sogang.ac.kr/ecs/index_new.html,,,available departments (2).xlsx,Sogang University,,
27,서강대학교,Sogang University,Embassy Track,A,Seoul(Sinchon),인공지능학과,Artificial Intelligence,인공지능(AI),Artificial Intelligence(AI),Bachelor's degree,4,Korean/English,TOPIK 3 or above,March only,https://ai.sogang.ac.kr/ai/index_new.html,,,available departments (2).xlsx,Sogang University,,
No.,대학명,"University
(대학알리미 공시 명칭)","Application
Track",Embassy Track Type,Campus Location,학과명,"Department
(대학알리미 공시 명칭)",학과계열,"Field of Study
(Division)",Degree Program,"Period
(years)",Medium of Instruction,Required TOPIK for Admission after Language Program,Program starts,Website URL for detailed information,Telephone for detailed information,Remarks,available departments (20).xlsx,Inha University,,
1,인하대학교,INHA UNIVERSITY,Embassy Track,A,INCHEON,기계공학과,Mechanical Engineering,공학,Engneering,Bachelor's degree,4,Korean 100%,TOPIK 3 or above,March or September,https://mech.inha.ac.kr/mech/index.do,+82-32-860-7300,,available departments (20).xlsx,Inha University,,
2,인하대학교,INHA UNIVERSITY,Embassy Track,A,INCHEON,항공우주공학과,Aerospace Engineering,공학,Engneering,Bachelor's degree,4,Korean 100%,TOPIK 3 or above,March or September,https://aerospace.inha.ac.kr/aerospace/index.do,+82-32-720-9010,,available departments (20).xlsx,Inha University,,
3,인하대학교,INHA UNIVERSITY,Embassy Track,A,INCHEON,조선해양공학과,Naval Architecture & Ocean Engineering,공학,Engneering,Bachelor's degree,4,Korean 100%,TOPIK 3 or above,March or September,https://naoe.inha.ac.kr/naoe/index.do,+82-32-860-7330　,,available departments (20).xlsx,Inha University,,
4,인하대학교,INHA UNIVERSITY,Embassy Track,A,INCHEON,산업경영공학과,Industrial Engineering,공학,Engneering,Bachelor's degree,4,Korean 100%,TOPIK 3 or above,March or September,https://ie.inha.ac.kr/ie/index.do,+82-32-860-7360　,,available departments (20).xlsx,Inha University,,
5,인하대학교,INHA UNIVERSITY,Embassy Track,A,INCHEON,화학공학전공,Chemical Engineering,공학,Engneering,Bachelor's degree,4,Korean 100%,TOPIK 3 or above,March or September,https://chemeng.inha.ac.kr/chemeng/index.do,+82-32-860-7460,Department of Chemical Engineering has been renamed to the Chemical Engineering Major under the 2027 University Academic Regulations. The major is part of the School of Chemical and Energy Engineering.,available departments (20).xlsx,Inha University,,
6,인하대학교,INHA UNIVERSITY,Embassy Track,A,INCHEON,이차전지공학전공,Secondary Battery Convergence,공학,Engneering,Bachelor's degree,4,Korean 100%,TOPIK 3 or above,March or September,https://ibattery.inha.ac.kr/ibattery/index.do,+82-32-860-8820,Department of Secondary Battery Engineering has been renamed to the Secondary Battery Convergence Major under the 2027 University Academic Regulations. The major is part of the School of Chemical and Energy Engineering.,available departments (20).xlsx,Inha University,,
7,인하대학교,INHA UNIVERSITY,Embassy Track,A,INCHEON,고분자공학과,Polymer Science & Engineering,공학,Engneering,Bachelor's degree,4,Korean 100%,TOPIK 3 or above,March or September,https://inhapoly.inha.ac.kr/inhapoly/index.do,+82-32-860-7480,,available departments (20).xlsx,Inha University,,
8,인하대학교,INHA UNIVERSITY,Embassy Track,A,INCHEON,신소재공학과,Materials Science and Engineering,공학,Engneering,Bachelor's degree,4,Korean 100%,TOPIK 3 or above,March or September,https://dmse.inha.ac.kr/dmse/index.do,+82-32-860-7520,,available departments (20).xlsx,Inha University,,
9,인하대학교,INHA UNIVERSITY,Embassy Track,A,INCHEON,사회인프라공학과,Civil Engineering,공학,Engneering,Bachelor's degree,4,Korean 100%,TOPIK 3 or above,March or September,https://civil.inha.ac.kr/civil/index.do,+82-32-860-7560,,available departments (20).xlsx,Inha University,,
10,인하대학교,INHA UNIVERSITY,Embassy Track,A,INCHEON,환경공학과,Environmental Engineering,공학,Engneering,Bachelor's degree,4,Korean 100%,TOPIK 3 or above,March or September,https://environment.inha.ac.kr/environment/index.do,+82-32-860-7500,,available departments (20).xlsx,Inha University,,
11,인하대학교,INHA UNIVERSITY,Embassy Track,A,INCHEON,공간정보공학과,Geoinformatic Engineering,공학,Engneering,Bachelor's degree,4,Korean 100%,TOPIK 3 or above,March or September,https://geoinfo.inha.ac.kr/geoinfo/index.do,+82-32-860-7600,,available departments (20).xlsx,Inha University,,
12,인하대학교,INHA UNIVERSITY,Embassy Track,A,INCHEON,에너지자원공학과,Energy Resource Engineering,공학,Engneering,Bachelor's degree,4,Korean 100%,TOPIK 3 or above,March or September,https://eneres.inha.ac.kr/eneres/index.do,+82-32-860-7550,,available departments (20).xlsx,Inha University,,
13,인하대학교,INHA UNIVERSITY,Embassy Track,A,INCHEON,전기전자공학부,Electrical and Electronic Engineering,공학,Engneering,Bachelor's degree,4,Korean 100%,TOPIK 3 or above,March or September,https://electrical.inha.ac.kr/electrical/index.do,+82-32-860-7390,,available departments (20).xlsx,Inha University,,
14,인하대학교,INHA UNIVERSITY,Embassy Track,A,INCHEON,반도체시스템공학과,Semiconductor Systems Engineering,공학,Engneering,Bachelor's degree,4,Korean 100%,TOPIK 3 or above,March or September,https://sse.inha.ac.kr/sse/index.do,+82-32-860-9561,,available departments (20).xlsx,Inha University,,
15,인하대학교,INHA UNIVERSITY,Embassy Track,A,INCHEON,인공지능공학과,Artificial Intelligence Engineering,인공지능(AI),Artificial Intelligence(AI),Bachelor's degree,4,Korean 100%,TOPIK 3 or above,March or September,https://doai.inha.ac.kr/doai/index.do,+82-32-860-9444, ,available departments (20).xlsx,Inha University,,
16,인하대학교,INHA UNIVERSITY,Embassy Track,A,INCHEON,데이터사이언스학과,Data Science,공학,Engneering,Bachelor's degree,4,Korean 100%,TOPIK 3 or above,March or September,https://datascience.inha.ac.kr/datascience/index.do,+82-32-860-9201,,available departments (20).xlsx,Inha University,,
17,인하대학교,INHA UNIVERSITY,Embassy Track,A,INCHEON,스마트모빌리티공학과,Smart Mobility,공학,Engneering,Bachelor's degree,4,Korean 100%,TOPIK 3 or above,March or September,https://sme.inha.ac.kr/sme/index.do,+82-32-720-9080,,available departments (20).xlsx,Inha University,,
18,인하대학교,INHA UNIVERSITY,Embassy Track,A,INCHEON,디자인테크놀로지학과,Design Technology,공학,Engneering,Bachelor's degree,4,Korean 100%,TOPIK 3 or above,March or September,https://designtech.inha.ac.kr/designtech/index.do,+82-32-860-9445,Portfolio required for performance evaluation,available departments (20).xlsx,Inha University,,
19,인하대학교,INHA UNIVERSITY,Embassy Track,A,INCHEON,컴퓨터공학과,Computer Engineering,공학,Engneering,Bachelor's degree,4,Korean 100%,TOPIK 3 or above,March or September,https://cse.inha.ac.kr/cse/index.do,+82-32-860-7440,,available departments (20).xlsx,Inha University,,
20,인하대학교,INHA UNIVERSITY,Embassy Track,A,INCHEON,생명공학과,Biological Engineering,공학,Engneering,Bachelor's degree,4,Korean 100%,TOPIK 3 or above,March or September,https://bio.inha.ac.kr/bio/index.do,+82-32-860-7295,,available departments (20).xlsx,Inha University,,
21,인하대학교,INHA UNIVERSITY,Embassy Track,A,INCHEON,생명과학과,Biological Sciences,자연,Natural Sciences,Bachelor's degree,4,Korean 100%,TOPIK 3 or above,March or September,https://biology.inha.ac.kr/biology/index.do,+82-32-860-7690,,available departments (20).xlsx,Inha University,,
22,인하대학교,INHA UNIVERSITY,Embassy Track,A,INCHEON,첨단바이오의약학과,Advanced Biopharmaceuticals,자연,Natural Sciences,Bachelor's degree,4,Korean 100%,TOPIK 3 or above,March or September,https://biomedical.inha.ac.kr/biomedical/index.do,+82-32-860-7296,,available departments (20).xlsx,Inha University,,
23,인하대학교,INHA UNIVERSITY,Embassy Track,A,INCHEON,바이오식품공학과,Bio Food Engineering,공학,Engneering,Bachelor's degree,4,Korean 100%,TOPIK 3 or above,March or September,https://biosyst.inha.ac.kr/biosyst/index.do,+82-32-860-8865,,available departments (20).xlsx,Inha University,,
24,인하대학교,INHA UNIVERSITY,Embassy Track,A,INCHEON,수학과,Mathematics,자연,Natural Sciences,Bachelor's degree,4,Korean 100%,TOPIK 3 or above,March or September,https://math.inha.ac.kr/math/index.do,+82-32-860-7620,,available departments (20).xlsx,Inha University,,
25,인하대학교,INHA UNIVERSITY,Embassy Track,A,INCHEON,통계학과,Statistics,자연,Natural Sciences,Bachelor's degree,4,Korean 100%,TOPIK 3 or above,March or September,https://statistics.inha.ac.kr/statistics/index.do,+82-32-860-7640,,available departments (20).xlsx,Inha University,,
26,인하대학교,INHA UNIVERSITY,Embassy Track,A,INCHEON,물리학과,Physics,자연,Natural Sciences,Bachelor's degree,4,Korean 100%,TOPIK 3 or above,March or September,https://physics.inha.ac.kr/physics/index.do,+82-32-860-7618,,available departments (20).xlsx,Inha University,,
27,인하대학교,INHA UNIVERSITY,Embassy Track,A,INCHEON,화학과,Chemistry,자연,Natural Sciences,Bachelor's degree,4,Korean 100%,TOPIK 3 or above,March or September,https://chemistry.inha.ac.kr/chemistry/index.do,+82-32-860-8907,,available departments (20).xlsx,Inha University,,
28,인하대학교,INHA UNIVERSITY,Embassy Track,A,INCHEON,해양과학과,Ocean Sciences,자연,Natural Sciences,Bachelor's degree,4,Korean 100%,TOPIK 3 or above,March or September,http://ocean.inha.ac.kr/,+82-32-860-7700　,,available departments (20).xlsx,Inha University,,
29,인하대학교,INHA UNIVERSITY,Embassy Track,A,INCHEON,식품영양학과,Food & Nutrition,자연,Natural Sciences,Bachelor's degree,4,Korean 100%,TOPIK 3 or above,March or September,https://foodnutri.inha.ac.kr/foodnutri/index.do,+82-32-860-8120,,available departments (20).xlsx,Inha University,,
30,인하대학교,INHA UNIVERSITY,Embassy Track,A,INCHEON,경영학부(경영학과),Business Administration (Business Administration),인문,Humanities,Bachelor's degree,4,Korean 100%,TOPIK 3 or above,March or September,https://biz.inha.ac.kr/biz/index.do,+82-32-860-7828,,available departments (20).xlsx,Inha University,,
31,인하대학교,INHA UNIVERSITY,Embassy Track,A,INCHEON,경영학부(파이낸스경영학과),Business Administration (Finance and Management),인문,Humanities,Bachelor's degree,4,Korean 100%,TOPIK 3 or above,March or September,https://gfiba.inha.ac.kr/gfiba/index.do,+82-32-860-7823,,available departments (20).xlsx,Inha University,,
32,인하대학교,INHA UNIVERSITY,Embassy Track,A,INCHEON,아태물류학부,Asia Pacific School of Logistics,인문,Humanities,Bachelor's degree,4,Korean 100%,TOPIK 3 or above,March or September,https://apsl.inha.ac.kr/logistics/index.do,+82-32-860-8229,,available departments (20).xlsx,Inha University,,
33,인하대학교,INHA UNIVERSITY,Embassy Track,A,INCHEON,국제통상학과,International Trade,인문,Humanities,Bachelor's degree,4,Korean 100%,TOPIK 3 or above,March or September,https://star.inha.ac.kr/star/index.do,+82-32-860-7790,,available departments (20).xlsx,Inha University,,
34,인하대학교,INHA UNIVERSITY,Embassy Track,A,INCHEON,행정학과,Public Administration,사회,Social Sciences,Bachelor's degree,4,Korean 100%,TOPIK 3 or above,March or September,https://publicad.inha.ac.kr/publicad/index.do,+82-32-860-7940,,available departments (20).xlsx,Inha University,,
35,인하대학교,INHA UNIVERSITY,Embassy Track,A,INCHEON,정치외교학과,Political Science and International Relations,사회,Social Sciences,Bachelor's degree,4,Korean 100%,TOPIK 3 or above,March or September,https://political.inha.ac.kr/political/index.do,+82-32-860-7960,,available departments (20).xlsx,Inha University,,
36,인하대학교,INHA UNIVERSITY,Embassy Track,A,INCHEON,미디어커뮤니케이션학과,Department of Media and Communication,사회,Social Sciences,Bachelor's degree,4,Korean 100%,TOPIK 3 or above,March or September,https://comm.inha.ac.kr/comm/index.do,+82-32-860-8790　,,available departments (20).xlsx,Inha University,,
37,인하대학교,INHA UNIVERSITY,Embassy Track,A,INCHEON,경제학과,Economics,사회,Social Sciences,Bachelor's degree,4,Korean 100%,TOPIK 3 or above,March or September,https://econ.inha.ac.kr/econ/index.do,+82-32-860-7770,,available departments (20).xlsx,Inha University,,
38,인하대학교,INHA UNIVERSITY,Embassy Track,A,INCHEON,소비자학과,Consumer Science,사회,Social Sciences,Bachelor's degree,4,Korean 100%,TOPIK 3 or above,March or September,https://consumer.inha.ac.kr/consumer/index.do,+82-32-860-8110,,available departments (20).xlsx,Inha University,,
39,인하대학교,INHA UNIVERSITY,Embassy Track,A,INCHEON,아동심리학과,Child Studies,사회,Social Sciences,Bachelor's degree,4,Korean 100%,TOPIK 3 or above,March or September,https://child.inha.ac.kr/child/index.do,+82-32-860-8140,,available departments (20).xlsx,Inha University,,
40,인하대학교,INHA UNIVERSITY,Embassy Track,A,INCHEON,사회복지학과,Social Welfare Studies,사회,Social Sciences,Bachelor's degree,4,Korean 100%,TOPIK 3 or above,March or September,https://welfare.inha.ac.kr/welfare/index.do,+82-32-860-8605,,available departments (20).xlsx,Inha University,,
41,인하대학교,INHA UNIVERSITY,Embassy Track,A,INCHEON,한국어문학과,Korean Language and Literature,인문,Humanities,Bachelor's degree,4,Korean 100%,TOPIK 3 or above,March or September,https://korean.inha.ac.kr/korean/index.do,+82-32-860-7990　,,available departments (20).xlsx,Inha University,,
42,인하대학교,INHA UNIVERSITY,Embassy Track,A,INCHEON,사학과,History,인문,Humanities,Bachelor's degree,4,Korean 100%,TOPIK 3 or above,March or September,https://history.inha.ac.kr/history/index.do,+82-32-860-8070,,available departments (20).xlsx,Inha University,,
43,인하대학교,INHA UNIVERSITY,Embassy Track,A,INCHEON,철학과,Philosophy,인문,Humanities,Bachelor's degree,4,Korean 100%,TOPIK 3 or above,March or September,https://philosophy.inha.ac.kr/philosophy/index.do,+82-32-860-8080,,available departments (20).xlsx,Inha University,,
44,인하대학교,INHA UNIVERSITY,Embassy Track,A,INCHEON,중국학과,China Studies,인문,Humanities,Bachelor's degree,4,Korean 100%,TOPIK 3 or above,March or September,https://chinese.inha.ac.kr/sites/chinese/index.do,+82-32-860-8050,,available departments (20).xlsx,Inha University,,
45,인하대학교,INHA UNIVERSITY,Embassy Track,A,INCHEON,일본언어문화학과,Japanese Language and Culture,인문,Humanities,Bachelor's degree,4,Korean 100%,TOPIK 3 or above,March or September,https://japan.inha.ac.kr/japan/index.do,+82-32-860-8060　,,available departments (20).xlsx,Inha University,,
46,인하대학교,INHA UNIVERSITY,Embassy Track,A,INCHEON,영미유럽인문융합학부,English and European Humanities Convergence,인문,Humanities,Bachelor's degree,4,Korean 100%,TOPIK 3 or above,March or September,https://ees.inha.ac.kr/ees/index.do,+82-32-860-8010,,available departments (20).xlsx,Inha University,,
47,인하대학교,INHA UNIVERSITY,Embassy Track,A,INCHEON,문화콘텐츠문화경영학과,Cultural Contents & Management,인문,Humanities,Bachelor's degree,4,Korean 100%,TOPIK 3 or above,March or September,https://culturecm.inha.ac.kr/culturecm/index.do,+82-32-860-8900,,available departments (20).xlsx,Inha University,,
48,인하대학교,INHA UNIVERSITY,Embassy Track,A,INCHEON,조형예술학과,Fine Arts,예체능,Arts & Sports,Bachelor's degree,4,Korean 100%,TOPIK 3 or above,March or September,https://finearts.inha.ac.kr/finearts/index.do,+82-32-860-8160,Portfolio required for performance evaluation,available departments (20).xlsx,Inha University,,
49,인하대학교,INHA UNIVERSITY,Embassy Track,A,INCHEON,디자인융합학과,Design Convergence,예체능,Arts & Sports,Bachelor's degree,4,Korean 100%,TOPIK 3 or above,March or September,https://design.inha.ac.kr/design/index.do,+82-32-860-8170　,Portfolio required for performance evaluation,available departments (20).xlsx,Inha University,,
50,인하대학교,INHA UNIVERSITY,Embassy Track,A,INCHEON,스포츠과학과,Kinesiology,예체능,Arts & Sports,Bachelor's degree,4,Korean 100%,TOPIK 3 or above,March or September,https://sport.inha.ac.kr/sport/index.do,+82-32-860-8180　,Portfolio required for performance evaluation,available departments (20).xlsx,Inha University,,
51,인하대학교,INHA UNIVERSITY,Embassy Track,A,INCHEON,연극영화학과,Theater and Film Studies,예체능,Arts & Sports,Bachelor's degree,4,Korean 100%,TOPIK 3 or above,March or September,https://theatrefilm.inha.ac.kr/theatrefilm/index.do,+82-32-860-8240　,Portfolio required for performance evaluation,available departments (20).xlsx,Inha University,,
52,인하대학교,INHA UNIVERSITY,Embassy Track,A,INCHEON,의류디자인학과,Fashion Design and Textiles,예체능,Arts & Sports,Bachelor's degree,4,Korean 100%,TOPIK 3 or above,March or September,https://fashion.inha.ac.kr/fashion/index.do,+82-32-860-8130,Portfolio required for performance evaluation,available departments (20).xlsx,Inha University,,
53,인하대학교,INHA UNIVERSITY,Embassy Track,A,INCHEON,IBT학과,International Business & Trade,인문,Humanities,Bachelor's degree,4,English 100%,"TOPIK 3 or above and
TOEFL 71 or IELTS 5.5 or above",March or September,https://sgcs.inha.ac.kr/sgcs/index.do,+82-32-860-9122　,"GKS applicants to SGCS, including those applying to English-track programs, must obtain TOPIK Level 3 and additionally submit IELTS 5.5 or TOEFL iBT 71 or above.",available departments (20).xlsx,Inha University,,
54,인하대학교,INHA UNIVERSITY,Embassy Track,A,INCHEON,ISE학과,Integrated System Engineering,공학,Engneering,Bachelor's degree,4,English 100%,"TOPIK 3 or above and
TOEFL 71 or IELTS 5.5 or above",March or September,https://sgcs.inha.ac.kr/sgcs/index.do,+82-32-860-9121　,"GKS applicants to SGCS, including those applying to English-track programs, must obtain TOPIK Level 3 and additionally submit IELTS 5.5 or TOEFL iBT 71 or above.",available departments (20).xlsx,Inha University,,
55,인하대학교,INHA UNIVERSITY,Embassy Track,A,INCHEON,KLC학과,Korean Language & Culture,인문,Humanities,Bachelor's degree,4,Korean 100%,TOPIK 3 or above,March or September,https://sgcs.inha.ac.kr/sgcs/index.do,+82-32-860-9124,,available departments (20).xlsx,Inha University,,
No.,대학명,"University
(대학알리미 공시 명칭)","Application
Track",Embassy Track Type,Campus Location,학과명,"Department
(대학알리미 공시 명칭)",학과계열,"Field of Study
(Division)",Degree Program,"Period
(years)",Medium of Instruction,Required TOPIK for Admission after Language Program,Program starts,Website URL for detailed information,Telephone for detailed information,Remarks,available departments (21).xlsx,Kookmin University,,
1,국민대학교,Kookmin University,Embassy Track,A,Seoul,한국어문학부 ,School of Korean Language & Literature,인문,Humanities,Bachelor's degree,4,Korean 100%,TOPIK 3 or above,March or September,https://english.kookmin.ac.kr/academics/undergraduates/globals,+82-2-910-4360,"-전공: 국어국문학전공, 글로벌한국어전공
-Major: Korean Language & Literature, Korean as a Global Language",available departments (21).xlsx,Kookmin University,,
2,국민대학교,Kookmin University,Embassy Track,A,Seoul,영어영문학부,School of English Language & Literature,인문,Humanities,Bachelor's degree,4,Korean 100%,TOPIK 3 or above,March or September,https://english.kookmin.ac.kr/academics/undergraduates/globals,+82-2-910-4370,,available departments (21).xlsx,Kookmin University,,
3,국민대학교,Kookmin University,Embassy Track,A,Seoul,중어중문학과,Chinese Language & Literature,인문,Humanities,Bachelor's degree,4,Korean 100%,TOPIK 3 or above,March or September,https://english.kookmin.ac.kr/academics/undergraduates/globals,+82-2-910-4390,,available departments (21).xlsx,Kookmin University,,
4,국민대학교,Kookmin University,Embassy Track,A,Seoul,한국역사학과,Department of Korean History,인문,Humanities,Bachelor's degree,4,Korean 100%,TOPIK 3 or above,March or September,https://english.kookmin.ac.kr/academics/undergraduates/globals,+82-2-910-4400,,available departments (21).xlsx,Kookmin University,,
5,국민대학교,Kookmin University,Embassy Track,A,Seoul,행정학과,Department of Public Administration ,인문,Humanities,Bachelor's degree,4,Korean 100%,TOPIK 3 or above,March or September,https://english.kookmin.ac.kr/academics/undergraduates/social_sciences,+82-2-910-4430,,available departments (21).xlsx,Kookmin University,,
6,국민대학교,Kookmin University,Embassy Track,A,Seoul,정치외교학과,Department of Political Science & Diplomacy,인문,Humanities,Bachelor's degree,4,Korean 100%,TOPIK 3 or above,March or September,https://english.kookmin.ac.kr/academics/undergraduates/social_sciences,+82-2-910-4450,,available departments (21).xlsx,Kookmin University,,
7,국민대학교,Kookmin University,Embassy Track,A,Seoul,사회학과,Department of Sociology,인문,Humanities,Bachelor's degree,4,Korean 100%,TOPIK 3 or above,March or September,https://english.kookmin.ac.kr/academics/undergraduates/social_sciences,+82-2-910-4470,,available departments (21).xlsx,Kookmin University,,
8,국민대학교,Kookmin University,Embassy Track,A,Seoul,미디어·광고학부,School of Media & Advertising,인문,Humanities,Bachelor's degree,4,Korean 100%,TOPIK 3 or above,March or September,https://english.kookmin.ac.kr/academics/undergraduates/social_sciences,+82-2-910-4260,"-전공: 미디어전공, 광고홍보학전공
-Major: Media & Communication, Advertising & Public Relations",available departments (21).xlsx,Kookmin University,,
9,국민대학교,Kookmin University,Embassy Track,A,Seoul,교육학과,Department of Education,인문,Humanities,Bachelor's degree,4,Korean 100%,TOPIK 3 or above,March or September,https://english.kookmin.ac.kr/academics/undergraduates/social_sciences,+82-2-910-4730,연 3명 이내 (Within 3 students per Academic Year),available departments (21).xlsx,Kookmin University,,
10,국민대학교,Kookmin University,Embassy Track,A,Seoul,러시아·유라시아학과,Department of Russian & Eurasian Studies,인문,Humanities,Bachelor's degree,4,Korean 100%,TOPIK 3 or above,March or September,https://english.kookmin.ac.kr/academics/undergraduates/social_sciences,+82-2-910-4380,,available departments (21).xlsx,Kookmin University,,
11,국민대학교,Kookmin University,Embassy Track,A,Seoul,동아시아국제학부,East Asian International Studies,인문,Humanities,Bachelor's degree,4,Korean 100%,TOPIK 3 or above,March or September,https://seais.kookmin.ac.kr/SEAIS/index.do,+82-2-910-4520,"-전공: 일본학전공, 중국학전공
-Major: Japanese Studies, Chinese Studies",available departments (21).xlsx,Kookmin University,,
12,국민대학교,Kookmin University,Embassy Track,A,Seoul,법학부,School of Law,인문,Humanities,Bachelor's degree,4,Korean 100%,TOPIK 3 or above,March or September,https://english.kookmin.ac.kr/academics/undergraduates/law,+82-2-910-4483,,available departments (21).xlsx,Kookmin University,,
13,국민대학교,Kookmin University,Embassy Track,A,Seoul,경제학과,Department of Economics,인문,Humanities,Bachelor's degree,4,Korean 100%,TOPIK 3 or above,March or September,https://english.kookmin.ac.kr/academics/undergraduates/economics,+82-2-910-4514,,available departments (21).xlsx,Kookmin University,,
14,국민대학교,Kookmin University,Embassy Track,A,Seoul,국제통상학과,Department of Commerce & Finance,인문,Humanities,Bachelor's degree,4,Korean 100%,TOPIK 3 or above,March or September,https://english.kookmin.ac.kr/academics/undergraduates/economics,+82-2-910-4515,,available departments (21).xlsx,Kookmin University,,
15,국민대학교,Kookmin University,Embassy Track,A,Seoul,경영학부 경영학전공,School of Business Administration - Business Administration Major,인문,Humanities,Bachelor's degree,4,Korean 100%,TOPIK 3 or above,March or September,https://english.kookmin.ac.kr/academics/undergraduates/business,+82-2-910-4151,,available departments (21).xlsx,Kookmin University,,
16,국민대학교,Kookmin University,Embassy Track,A,Seoul,경영정보학부,School of Management Information Systems,인문,Humanities,Bachelor's degree,4,Korean 100%,TOPIK 3 or above,March or September,https://english.kookmin.ac.kr/academics/undergraduates/business,+82-2-910-4560,,available departments (21).xlsx,Kookmin University,,
17,국민대학교,Kookmin University,Embassy Track,A,Seoul,AI빅데이터융합경영학과,"Department of AI, Big Data & Management",인문,Humanities,Bachelor's degree,4,Korean 100%,TOPIK 3 or above,March or September,https://english.kookmin.ac.kr/academics/undergraduates/business,+82-2-910-5204,,available departments (21).xlsx,Kookmin University,,
18,국민대학교,Kookmin University,Embassy Track,A,Seoul,신소재공학부,School of Advanced Materials Engineering,공학,Engineering,Bachelor's degree,4,Korean 100%,TOPIK 3 or above,March or September,https://english.kookmin.ac.kr/academics/undergraduates/engineering,+82-2-910-4660,"-전공: 에너지·모빌리티재료전공, 전자화학재료전공
-Major: Energy & Mobility Materials Major, Electronic & Functional Materials Major",available departments (21).xlsx,Kookmin University,,
19,국민대학교,Kookmin University,Embassy Track,A,Seoul,기계공학부,School of Mechanical Engineering,공학,Engineering,Bachelor's degree,4,Korean 100%,TOPIK 3 or above,March or September,https://english.kookmin.ac.kr/academics/undergraduates/engineering,+82-2-910-4670,,available departments (21).xlsx,Kookmin University,,
20,국민대학교,Kookmin University,Embassy Track,A,Seoul,건설시스템공학부,School of Civil & Environmental Engineering,공학,Engineering,Bachelor's degree,4,Korean 100%,TOPIK 3 or above,March or September,https://english.kookmin.ac.kr/academics/undergraduates/engineering,+82-2-910-4690,,available departments (21).xlsx,Kookmin University,,
21,국민대학교,Kookmin University,Embassy Track,A,Seoul,전자공학부,School of Electrical Engineering,공학,Engineering,Bachelor's degree,4,Korean 100%,TOPIK 3 or above,March or September,https://english.kookmin.ac.kr/academics/undergraduates/engineering,+82-2-910-4700,"-전공: 지능형반도체융합전자전공, 지능형ICT융합전공, 모빌리티전력전자융합전공
-Major: Semiconductor & Electronics, Smart ICT Convergence, Mobility & Electrical Engineering",available departments (21).xlsx,Kookmin University,,
22,국민대학교,Kookmin University,Embassy Track,A,Seoul,인공지능학부,School of Artificial Intelligence,공학,Engineering,Bachelor's degree,4,Korean 100%,TOPIK 3 or above,March or September,https://english.kookmin.ac.kr/academics/undergraduates/cs,+82-2-910-4790,,available departments (21).xlsx,Kookmin University,,
23,국민대학교,Kookmin University,Embassy Track,A,Seoul,자동차모빌리티대학,Automotive & Mobility,공학,Engineering,Bachelor's degree,4,Korean 100%,TOPIK 3 or above,March or September,https://english.kookmin.ac.kr/academics/undergraduates/automotive,+82-2-910-5503,,available departments (21).xlsx,Kookmin University,,
24,국민대학교,Kookmin University,Embassy Track,A,Seoul,미래모빌리티학과,Department of Future Mobility,공학,Engineering,Bachelor's degree,4,Korean 100%,TOPIK 3 or above,March or September,https://auto.kookmin.ac.kr/major/future_mobility/fm_info,+82-2-910-5502,,available departments (21).xlsx,Kookmin University,,
25,국민대학교,Kookmin University,Embassy Track,A,Seoul,산림환경시스템학과,"Department of Forestry, Environment & Systems",자연,Natural Sciences,Bachelor's degree,4,Korean 100%,TOPIK 3 or above,March or September,https://english.kookmin.ac.kr/academics/undergraduates/technology,+82-2-910-4810,,available departments (21).xlsx,Kookmin University,,
26,국민대학교,Kookmin University,Embassy Track,A,Seoul,임산생명공학과,Department of Forest Products & Biotechnology,자연,Natural Sciences,Bachelor's degree,4,Korean 100%,TOPIK 3 or above,March or September,https://english.kookmin.ac.kr/academics/undergraduates/technology,+82-2-910-4820,,available departments (21).xlsx,Kookmin University,,
27,국민대학교,Kookmin University,Embassy Track,A,Seoul,나노전자물리학과,Department of Nano & Electronic Physics,자연,Natural Sciences,Bachelor's degree,4,Korean 100%,TOPIK 3 or above,March or September,https://english.kookmin.ac.kr/academics/undergraduates/technology,+82-2-910-4750,,available departments (21).xlsx,Kookmin University,,
28,국민대학교,Kookmin University,Embassy Track,A,Seoul,응용화학부,School of Applied Chemistry,자연,Natural Sciences,Bachelor's degree,4,Korean 100%,TOPIK 3 or above,March or September,https://english.kookmin.ac.kr/academics/undergraduates/technology,+82-2-910-4760,"-전공: 나노소재, 바이오의약
-Major: Nano & Materials, Biopharmaceutical Chemistry",available departments (21).xlsx,Kookmin University,,
29,국민대학교,Kookmin University,Embassy Track,A,Seoul,식품영양학과,Department of Food & Nutrition,자연,Natural Sciences,Bachelor's degree,4,Korean 100%,TOPIK 3 or above,March or September,https://english.kookmin.ac.kr/academics/undergraduates/technology,+82-2-910-4770,,available departments (21).xlsx,Kookmin University,,
30,국민대학교,Kookmin University,Embassy Track,A,Seoul,정보보안암호수학과,"Department of Information Security, Cryptology & Mathematics",자연,Natural Sciences,Bachelor's degree,4,Korean 100%,TOPIK 3 or above,March or September,https://english.kookmin.ac.kr/academics/undergraduates/technology,+82-2-910-4740,,available departments (21).xlsx,Kookmin University,,
31,국민대학교,Kookmin University,Embassy Track,A,Seoul,융합바이오공학과,Department of Integrative Biotechonology,자연,Natural Sciences,Bachelor's degree,4,Korean 100%,TOPIK 3 or above,March or September,https://english.kookmin.ac.kr/academics/undergraduates/technology,+82-2-910-5730,,available departments (21).xlsx,Kookmin University,,
32,국민대학교,Kookmin University,Embassy Track,A,Seoul,건축학부,School of Architecture,공학,Engineering,Bachelor's degree,5,Korean 100%,TOPIK 3 or above,March or September,https://english.kookmin.ac.kr/academics/undergraduates/architecture,+82-2-910-6527,,available departments (21).xlsx,Kookmin University,,
33,국민대학교,Kookmin University,Embassy Track,A,Seoul,공업디자인학과,Department of Industrial Design,예체능,Arts & Sports,Bachelor's degree,4,Korean 100%,TOPIK 3 or above,March or September,https://english.kookmin.ac.kr/academics/undergraduates/design,+82-2-910-4600,,available departments (21).xlsx,Kookmin University,,
34,국민대학교,Kookmin University,Embassy Track,A,Seoul,시각디자인학과,Department of Visual Communication Design,예체능,Arts & Sports,Bachelor's degree,4,Korean 100%,TOPIK 3 or above,March or September,https://english.kookmin.ac.kr/academics/undergraduates/design,+82-2-910-4610,,available departments (21).xlsx,Kookmin University,,
35,국민대학교,Kookmin University,Embassy Track,A,Seoul,금속공예학과,Department of Metalwork & Jewelry,예체능,Arts & Sports,Bachelor's degree,4,Korean 100%,TOPIK 3 or above,March or September,https://english.kookmin.ac.kr/academics/undergraduates/design,+82-2-910-4631,,available departments (21).xlsx,Kookmin University,,
36,국민대학교,Kookmin University,Embassy Track,A,Seoul,도자공예학과,Department of Ceramics,예체능,Arts & Sports,Bachelor's degree,4,Korean 100%,TOPIK 3 or above,March or September,https://english.kookmin.ac.kr/academics/undergraduates/design,+82-2-910-4620,,available departments (21).xlsx,Kookmin University,,
37,국민대학교,Kookmin University,Embassy Track,A,Seoul,의상디자인학과,Department of Fashion Design,예체능,Arts & Sports,Bachelor's degree,4,Korean 100%,TOPIK 3 or above,March or September,https://english.kookmin.ac.kr/academics/undergraduates/design,+82-2-910-4630,,available departments (21).xlsx,Kookmin University,,
38,국민대학교,Kookmin University,Embassy Track,A,Seoul,공간디자인학과,Department of Spatial Design,예체능,Arts & Sports,Bachelor's degree,4,Korean 100%,TOPIK 3 or above,March or September,https://english.kookmin.ac.kr/academics/undergraduates/design,+82-2-910-4640,,available departments (21).xlsx,Kookmin University,,
39,국민대학교,Kookmin University,Embassy Track,A,Seoul,영상디자인학과,Department of Entertainment Design,예체능,Arts & Sports,Bachelor's degree,4,Korean 100%,TOPIK 3 or above,March or September,https://english.kookmin.ac.kr/academics/undergraduates/design,+82-2-910-5650,,available departments (21).xlsx,Kookmin University,,
40,국민대학교,Kookmin University,Embassy Track,A,Seoul,자동차·운송디자인학과,Department of Automotive & Transportation Design,예체능,Arts & Sports,Bachelor's degree,4,Korean 100%,TOPIK 3 or above,March or September,https://english.kookmin.ac.kr/academics/undergraduates/design,+82-2-910-5791,,available departments (21).xlsx,Kookmin University,,
41,국민대학교,Kookmin University,Embassy Track,A,Seoul,AI디자인학과,Department of AI Design,예체능,Arts & Sports,Bachelor's degree,4,Korean 100%,TOPIK 3 or above,March or September,https://english.kookmin.ac.kr/academics/undergraduates/design,+82-2-910-5280,,available departments (21).xlsx,Kookmin University,,
42,국민대학교,Kookmin University,Embassy Track,A,Seoul,음악학부,School of Music,예체능,Arts & Sports,Bachelor's degree,4,Korean 100%,TOPIK 3 or above,March or September,https://english.kookmin.ac.kr/academics/undergraduates/arts,+82-2-910-4464,"-전공: 성악(남, 여), 피아노, 관현악(바이올린, 비올라, 첼로, 콘트라베이스, 플룻, 오보에, 클라리넷, 바순, 색소폰, 호른, 트럼펫, 튜바, 배스트롬본, 테너트롬본, 퍼커션)
-Major: Voice(Male, Female), Piano, Orchestral Instrument (Violin, Viola, Cello, Contra Bass, Flute, Oboe, Clarinet, Bassoon, Saxophone, Horn, Trumpet, Tuba, Bass Trombone, Tenor Trombone, Percussion)",available departments (21).xlsx,Kookmin University,,
43,국민대학교,Kookmin University,Embassy Track,A,Seoul,미술학부,School of Fine Art,예체능,Arts & Sports,Bachelor's degree,4,Korean 100%,TOPIK 3 or above,March or September,https://english.kookmin.ac.kr/academics/undergraduates/arts,+82-2-910-4465,"-전공: 회화, 입체미술
-Major: Painting, Sculpture",available departments (21).xlsx,Kookmin University,,
44,국민대학교,Kookmin University,Embassy Track,A,Seoul,공연예술학부,School of Performing Art,예체능,Arts & Sports,Bachelor's degree,4,Korean 100%,TOPIK 3 or above,March or September,https://english.kookmin.ac.kr/academics/undergraduates/arts,+82-2-910-4466,"-전공: 연극, 영화, 무용(발레, 한국무용, 현대무용)
-Major: Theatre, Cinema, Dance(Ballet, Korean Dance, Modern Dance)",available departments (21).xlsx,Kookmin University,,
45,국민대학교,Kookmin University,Embassy Track,A,Seoul,스포츠교육학과,Department of Sports Education,예체능,Arts & Sports,Bachelor's degree,4,Korean 100%,TOPIK 3 or above,March or September,https://english.kookmin.ac.kr/academics/undergraduates/physical,+82-2-910-6651,,available departments (21).xlsx,Kookmin University,,
46,국민대학교,Kookmin University,Embassy Track,A,Seoul,스포츠산업레저학과,Department of Sports Industry & Leisure,예체능,Arts & Sports,Bachelor's degree,4,Korean 100%,TOPIK 3 or above,March or September,https://english.kookmin.ac.kr/academics/undergraduates/physical,+82-2-910-6652,,available departments (21).xlsx,Kookmin University,,
47,국민대학교,Kookmin University,Embassy Track,A,Seoul,스포츠건강재활학과,Department of Sports Health & Rehabilitation,예체능,Arts & Sports,Bachelor's degree,4,Korean 100%,TOPIK 3 or above,March or September,https://english.kookmin.ac.kr/academics/undergraduates/physical,+82-2-910-6653,,available departments (21).xlsx,Kookmin University,,
,대학명,"University
(대학알리미 공시 명칭)","Application
Track",Embassy Track Type,Univ. Track Applicable Programs,Campus Location,학과명,"Department
(대학알리미 공시 명칭)",학과계열,"Field of Study
(Division)",Degree Program,"Period
(years)",Medium of Instruction,Required TOPIK for Admission after Language Program,Program starts,Website URL for detailed information,Telephone for detailed information,available departments (22).xlsx,Korea University,No.,Remarks
,고려대학교,Korea University,Embassy Track,A,,Seoul,경영대학,Korea University Business School,인문·사회,Humanities and Social Science,Bachelor's,4,Korean / English,TOPIK 3 or above,March or September,https://oia.korea.ac.kr/oia2026/Schools-Department.do,+82-2-3290-5156~7,available departments (22).xlsx,Korea University,1,
,고려대학교,Korea University,Embassy Track,A,,Seoul,국어국문학과,Korean Language and Literature,인문·사회,Humanities and Social Science,Bachelor's,4,Korean / English,TOPIK 3 or above,March or September,https://oia.korea.ac.kr/oia2026/Schools-Department.do,+82-2-3290-5156~7,available departments (22).xlsx,Korea University,2,
,고려대학교,Korea University,Embassy Track,A,,Seoul,철학과,Philosophy,인문·사회,Humanities and Social Science,Bachelor's,4,Korean / English,TOPIK 3 or above,March or September,https://oia.korea.ac.kr/oia2026/Schools-Department.do,+82-2-3290-5156~7,available departments (22).xlsx,Korea University,3,
,고려대학교,Korea University,Embassy Track,A,,Seoul,한국사학과,Korean History,인문·사회,Humanities and Social Science,Bachelor's,4,Korean / English,TOPIK 3 or above,March or September,https://oia.korea.ac.kr/oia2026/Schools-Department.do,+82-2-3290-5156~7,available departments (22).xlsx,Korea University,4,
,고려대학교,Korea University,Embassy Track,A,,Seoul,사학과,History,인문·사회,Humanities and Social Science,Bachelor's,4,Korean / English,TOPIK 3 or above,March or September,https://oia.korea.ac.kr/oia2026/Schools-Department.do,+82-2-3290-5156~7,available departments (22).xlsx,Korea University,5,
,고려대학교,Korea University,Embassy Track,A,,Seoul,사회학과,Sociology,인문·사회,Humanities and Social Science,Bachelor's,4,Korean / English,TOPIK 3 or above,March or September,https://oia.korea.ac.kr/oia2026/Schools-Department.do,+82-2-3290-5156~7,available departments (22).xlsx,Korea University,6,
,고려대학교,Korea University,Embassy Track,A,,Seoul,한문학과,Sinographic Literatures,인문·사회,Humanities and Social Science,Bachelor's,4,Korean / English,TOPIK 3 or above,March or September,https://oia.korea.ac.kr/oia2026/Schools-Department.do,+82-2-3290-5156~7,available departments (22).xlsx,Korea University,7,
,고려대학교,Korea University,Embassy Track,A,,Seoul,영어영문학과,English Language and Literature,인문·사회,Humanities and Social Science,Bachelor's,4,Korean / English,TOPIK 3 or above,March or September,https://oia.korea.ac.kr/oia2026/Schools-Department.do,+82-2-3290-5156~7,available departments (22).xlsx,Korea University,8,
,고려대학교,Korea University,Embassy Track,A,,Seoul,독어독문학과,German Language and Literature,인문·사회,Humanities and Social Science,Bachelor's,4,Korean / English,TOPIK 3 or above,March or September,https://oia.korea.ac.kr/oia2026/Schools-Department.do,+82-2-3290-5156~7,available departments (22).xlsx,Korea University,9,
,고려대학교,Korea University,Embassy Track,A,,Seoul,불어불문학과,French Language and Literature,인문·사회,Humanities and Social Science,Bachelor's,4,Korean / English,TOPIK 3 or above,March or September,https://oia.korea.ac.kr/oia2026/Schools-Department.do,+82-2-3290-5156~7,available departments (22).xlsx,Korea University,10,
,고려대학교,Korea University,Embassy Track,A,,Seoul,중어중문학과,Chinese Language and Literature,인문·사회,Humanities and Social Science,Bachelor's,4,Korean / English,TOPIK 3 or above,March or September,https://oia.korea.ac.kr/oia2026/Schools-Department.do,+82-2-3290-5156~7,available departments (22).xlsx,Korea University,11,
,고려대학교,Korea University,Embassy Track,A,,Seoul,노어노문학과,Russian Language and Literature,인문·사회,Humanities and Social Science,Bachelor's,4,Korean / English,TOPIK 3 or above,March or September,https://oia.korea.ac.kr/oia2026/Schools-Department.do,+82-2-3290-5156~7,available departments (22).xlsx,Korea University,12,
,고려대학교,Korea University,Embassy Track,A,,Seoul,일어일문학과,Japanese Language and Literature,인문·사회,Humanities and Social Science,Bachelor's,4,Korean / English,TOPIK 3 or above,March or September,https://oia.korea.ac.kr/oia2026/Schools-Department.do,+82-2-3290-5156~7,available departments (22).xlsx,Korea University,13,
,고려대학교,Korea University,Embassy Track,A,,Seoul,서어서문학과,Spanish Language and Literature,인문·사회,Humanities and Social Science,Bachelor's,4,Korean / English,TOPIK 3 or above,March or September,https://oia.korea.ac.kr/oia2026/Schools-Department.do,+82-2-3290-5156~7,available departments (22).xlsx,Korea University,14,
,고려대학교,Korea University,Embassy Track,A,,Seoul,언어학과,Linguistics,인문·사회,Humanities and Social Science,Bachelor's,4,Korean / English,TOPIK 3 or above,March or September,https://oia.korea.ac.kr/oia2026/Schools-Department.do,+82-2-3290-5156~7,available departments (22).xlsx,Korea University,15,
,고려대학교,Korea University,Embassy Track,A,,Seoul,생명과학부,Life Sciences,자연,Natural Sciences,Bachelor's,4,Korean / English,TOPIK 3 or above,March or September,https://oia.korea.ac.kr/oia2026/Schools-Department.do,+82-2-3290-5156~7,available departments (22).xlsx,Korea University,16,
,고려대학교,Korea University,Embassy Track,A,,Seoul,생명공학부,Biotechnology,자연,Natural Sciences,Bachelor's,4,Korean / English,TOPIK 3 or above,March or September,https://oia.korea.ac.kr/oia2026/Schools-Department.do,+82-2-3290-5156~7,available departments (22).xlsx,Korea University,17,
,고려대학교,Korea University,Embassy Track,A,,Seoul,식품공학과,Food Bioscience and Technology,자연,Natural Sciences,Bachelor's,4,Korean / English,TOPIK 3 or above,March or September,https://oia.korea.ac.kr/oia2026/Schools-Department.do,+82-2-3290-5156~7,available departments (22).xlsx,Korea University,18,
,고려대학교,Korea University,Embassy Track,A,,Seoul,환경생태공학부,Environmental Science and Ecological Engineering,자연,Natural Sciences,Bachelor's,4,Korean / English,TOPIK 3 or above,March or September,https://oia.korea.ac.kr/oia2026/Schools-Department.do,+82-2-3290-5156~7,available departments (22).xlsx,Korea University,19,
,고려대학교,Korea University,Embassy Track,A,,Seoul,식품자원경제학과,Food and Resource Economics,인문·사회,Humanities and Social Science,Bachelor's,4,Korean / English,TOPIK 3 or above,March or September,https://oia.korea.ac.kr/oia2026/Schools-Department.do,+82-2-3290-5156~7,available departments (22).xlsx,Korea University,20,
,고려대학교,Korea University,Embassy Track,A,,Seoul,정치외교학과,Political Science and International Relations,인문·사회,Humanities and Social Science,Bachelor's,4,Korean / English,TOPIK 3 or above,March or September,https://oia.korea.ac.kr/oia2026/Schools-Department.do,+82-2-3290-5156~7,available departments (22).xlsx,Korea University,21,
,고려대학교,Korea University,Embassy Track,A,,Seoul,경제학과,Economics,인문·사회,Humanities and Social Science,Bachelor's,4,Korean / English,TOPIK 3 or above,March or September,https://oia.korea.ac.kr/oia2026/Schools-Department.do,+82-2-3290-5156~7,available departments (22).xlsx,Korea University,22,
,고려대학교,Korea University,Embassy Track,A,,Seoul,통계학과,Statistics,인문·사회,Humanities and Social Science,Bachelor's,4,Korean / English,TOPIK 3 or above,March or September,https://oia.korea.ac.kr/oia2026/Schools-Department.do,+82-2-3290-5156~7,available departments (22).xlsx,Korea University,23,
,고려대학교,Korea University,Embassy Track,A,,Seoul,행정학과,Public Administration,인문·사회,Humanities and Social Science,Bachelor's,4,Korean / English,TOPIK 3 or above,March or September,https://oia.korea.ac.kr/oia2026/Schools-Department.do,+82-2-3290-5156~7,available departments (22).xlsx,Korea University,24,
,고려대학교,Korea University,Embassy Track,A,,Seoul,수학과,Mathematics,자연,Natural Sciences,Bachelor's,4,Korean / English,TOPIK 3 or above,March or September,https://oia.korea.ac.kr/oia2026/Schools-Department.do,+82-2-3290-5156~7,available departments (22).xlsx,Korea University,25,
,고려대학교,Korea University,Embassy Track,A,,Seoul,물리학과,Physics,자연,Natural Sciences,Bachelor's,4,Korean / English,TOPIK 3 or above,March or September,https://oia.korea.ac.kr/oia2026/Schools-Department.do,+82-2-3290-5156~7,available departments (22).xlsx,Korea University,26,
,고려대학교,Korea University,Embassy Track,A,,Seoul,화학과,Chemistry,자연,Natural Sciences,Bachelor's,4,Korean / English,TOPIK 3 or above,March or September,https://oia.korea.ac.kr/oia2026/Schools-Department.do,+82-2-3290-5156~7,available departments (22).xlsx,Korea University,27,
,고려대학교,Korea University,Embassy Track,A,,Seoul,지구환경과학과,Earth and Environmental Science,자연,Natural Sciences,Bachelor's,4,Korean / English,TOPIK 3 or above,March or September,https://oia.korea.ac.kr/oia2026/Schools-Department.do,+82-2-3290-5156~7,available departments (22).xlsx,Korea University,28,
,고려대학교,Korea University,Embassy Track,A,,Seoul,화공생명공학과,Chemical & Biological Engineering ,공학,Engineering,Bachelor's,4,Korean / English,TOPIK 3 or above,March or September,https://oia.korea.ac.kr/oia2026/Schools-Department.do,+82-2-3290-5156~7,available departments (22).xlsx,Korea University,29,
,고려대학교,Korea University,Embassy Track,A,,Seoul,신소재공학부,Materials Science & Engineering,공학,Engineering,Bachelor's,4,Korean / English,TOPIK 3 or above,March or September,https://oia.korea.ac.kr/oia2026/Schools-Department.do,+82-2-3290-5156~7,available departments (22).xlsx,Korea University,30,
,고려대학교,Korea University,Embassy Track,A,,Seoul,건축사회환경공학부,"Civil, Environmental, & Architectural Engineering",공학,Engineering,Bachelor's,4,Korean / English,TOPIK 3 or above,March or September,https://oia.korea.ac.kr/oia2026/Schools-Department.do,+82-2-3290-5156~7,available departments (22).xlsx,Korea University,31,
,고려대학교,Korea University,Embassy Track,A,,Seoul,건축학과,Architecture,공학,Engineering,Bachelor's,5,Korean / English,TOPIK 3 or above,March or September,https://oia.korea.ac.kr/oia2026/Schools-Department.do,+82-2-3290-5156~7,available departments (22).xlsx,Korea University,32,
,고려대학교,Korea University,Embassy Track,A,,Seoul,기계공학부,Mechanical Engineering,공학,Engineering,Bachelor's,4,Korean / English,TOPIK 3 or above,March or September,https://oia.korea.ac.kr/oia2026/Schools-Department.do,+82-2-3290-5156~7,available departments (22).xlsx,Korea University,33,
,고려대학교,Korea University,Embassy Track,A,,Seoul,산업경영공학부,Industrial Management Engineering,공학,Engineering,Bachelor's,4,Korean / English,TOPIK 3 or above,March or September,https://oia.korea.ac.kr/oia2026/Schools-Department.do,+82-2-3290-5156~7,available departments (22).xlsx,Korea University,34,
,고려대학교,Korea University,Embassy Track,A,,Seoul,전기전자공학부,Electrical Engineering,공학,Engineering,Bachelor's,4,Korean / English,TOPIK 3 or above,March or September,https://oia.korea.ac.kr/oia2026/Schools-Department.do,+82-2-3290-5156~7,available departments (22).xlsx,Korea University,35,
,고려대학교,Korea University,Embassy Track,A,,Seoul,융합에너지공학과,Integrative Energy Engineering,공학,Engineering,Bachelor's,4,Korean / English,TOPIK 3 or above,March or September,https://oia.korea.ac.kr/oia2026/Schools-Department.do,+82-2-3290-5156~7,available departments (22).xlsx,Korea University,36,
,고려대학교,Korea University,Embassy Track,A,,Seoul,컴퓨터학과,Computer science and Engineering,공학,Engineering,Bachelor's,4,Korean / English,TOPIK 3 or above,March or September,https://oia.korea.ac.kr/oia2026/Schools-Department.do,+82-2-3290-5156~7,available departments (22).xlsx,Korea University,37,
,고려대학교,Korea University,Embassy Track,A,,Seoul,데이터과학과,Data Science,공학,Engineering,Bachelor's,4,Korean / English,TOPIK 3 or above,March or September,https://oia.korea.ac.kr/oia2026/Schools-Department.do,+82-2-3290-5156~7,available departments (22).xlsx,Korea University,38,
,고려대학교,Korea University,Embassy Track,A,,Seoul,인공지능학과,Artificial Intelligence,공학,Engineering,Bachelor's,4,Korean / English,TOPIK 3 or above,March or September,https://oia.korea.ac.kr/oia2026/Schools-Department.do,+82-2-3290-5156~7,available departments (22).xlsx,Korea University,39,
,고려대학교,Korea University,Embassy Track,A,,Seoul,디자인조형학부,School of Art & Design,예체능,Arts & Sports,Bachelor's,4,Korean / English,TOPIK 3 or above,March or September,https://oia.korea.ac.kr/oia2026/Schools-Department.do,+82-2-3290-5156~7,available departments (22).xlsx,Korea University,40,
,고려대학교,Korea University,Embassy Track,A,,Seoul,국제학부,College of International Studies,인문·사회,Humanities and Social Science,Bachelor's,4,English 100%,TOPIK 3 or above,March or September,https://oia.korea.ac.kr/oia2026/Schools-Department.do,+82-2-3290-5156~7,available departments (22).xlsx,Korea University,41,
,고려대학교,Korea University,Embassy Track,A,,Seoul,글로벌한국융합학부,Global Korean Studies,인문·사회,Humanities and Social Science,Bachelor's,4,Korean / English,TOPIK 3 or above,March or September,https://oia.korea.ac.kr/oia2026/Schools-Department.do,+82-2-3290-5156~7,available departments (22).xlsx,Korea University,42,
,고려대학교,Korea University,Embassy Track,A,,Seoul,미디어학부,School of Media & Communciation,인문·사회,Humanities and Social Science,Bachelor's,4,Korean / English,TOPIK 3 or above,March or September,https://oia.korea.ac.kr/oia2026/Schools-Department.do,+82-2-3290-5156~7,available departments (22).xlsx,Korea University,43,
,고려대학교,Korea University,Embassy Track,A,,Seoul,글로벌엔터테인먼트학부,Global Entertainment,인문·사회,Humanities and Social Science,Bachelor's,4,Korean / English,TOPIK 3 or above,March or September,https://oia.korea.ac.kr/oia2026/Schools-Department.do,+82-2-3290-5156~7,available departments (22).xlsx,Korea University,44,
,고려대학교,Korea University,Embassy Track,A,,Seoul,바이오의공학부,Biomedical Engineering,공학,Engineering,Bachelor's,4,Korean / English,TOPIK 3 or above,March or September,https://oia.korea.ac.kr/oia2026/Schools-Department.do,+82-2-3290-5156~7,available departments (22).xlsx,Korea University,45,
,고려대학교,Korea University,Embassy Track,A,,Seoul,바이오시스템의과학부,Biosystems & Biomedical Science,자연,Natural Sciences,Bachelor's,4,Korean / English,TOPIK 3 or above,March or September,https://oia.korea.ac.kr/oia2026/Schools-Department.do,+82-2-3290-5156~7,available departments (22).xlsx,Korea University,46,
,고려대학교,Korea University,Embassy Track,A,,Seoul,보건환경융합과학부,Health Environmental Science,자연,Natural Sciences,Bachelor's,4,Korean / English,TOPIK 3 or above,March or September,https://oia.korea.ac.kr/oia2026/Schools-Department.do,+82-2-3290-5156~7,available departments (22).xlsx,Korea University,47,
,고려대학교,Korea University,Embassy Track,A,,Seoul,보건정책관리학부,Health Policy & Management,인문·사회,Humanities and Social Science,Bachelor's,4,Korean / English,TOPIK 3 or above,March or September,https://oia.korea.ac.kr/oia2026/Schools-Department.do,+82-2-3290-5156~7,available departments (22).xlsx,Korea University,48,
,고려대학교,Korea University,Embassy Track,A,,Seoul,자유전공학부,School of Interdisciplinary Studies,인문·사회,Humanities and Social Science,Bachelor's,4,Korean / English,TOPIK 3 or above,March or September,https://oia.korea.ac.kr/oia2026/Schools-Department.do,+82-2-3290-5156~7,available departments (22).xlsx,Korea University,49,
,고려대학교,Korea University,Embassy Track,A,,Seoul,스마트보안학부,School of Smart Security,공학,Engineering,Bachelor's,4,Korean / English,TOPIK 3 or above,March or September,https://oia.korea.ac.kr/oia2026/Schools-Department.do,+82-2-3290-5156~7,available departments (22).xlsx,Korea University,50,
,고려대학교,Korea University,Embassy Track,A,,Seoul,심리학부,School of Psychology ,인문·사회,Humanities and Social Science,Bachelor's,4,Korean / English,TOPIK 3 or above,March or September,https://oia.korea.ac.kr/oia2026/Schools-Department.do,+82-2-3290-5156~7,available departments (22).xlsx,Korea University,51,
,고려대학교,Korea University,Embassy Track,A,,Seoul,학부대학,University College,인문·사회,Humanities and Social Science,Bachelor's,4,Korean / English,TOPIK 3 or above,March or September,https://univ.korea.ac.kr/uc/about/univcollege.do,+82-2-3290-5156~7,available departments (22).xlsx,Korea University,52,"University College's one-year curriculum includes General Studies, Intensive Korean, and the ‘Incubating Program.’ 
Students select and enter their department after the first year."
,대학명,"University
(대학알리미 공시 명칭)","Application
Track",Embassy Track Type,Univ. Track Applicable Programs,Campus Location,학과명,"Department
(대학알리미 공시 명칭)",학과계열,"Field of Study
(Division)",Degree Program,"Period
(years)",Medium of Instruction,Required TOPIK for Admission after Language Program,Program starts,Website URL for detailed information,Telephone for detailed information,available departments (22).xlsx,Korea University2,No.,Remarks
,고려대학교,Korea University,Embassy Track,A,,Seoul,글로벌자율학부,Global Open Major,인문·사회,Humanities and Social Science,Bachelor's,4,Korean / English,TOPIK 3 or above,March or September,"KOR: https://int.korea.ac.kr/kuis_ko/about/brochure.do
ENG: https://int.korea.edu/kuis/about/brochure.do  ",+82-2-3290-5156~7,available departments (22).xlsx,Korea University2,1,"Before entering Year 2, a specific major will be determined at the end of the freshmen year based on the student’s language ability in Year 1."
No.,대학명,"University
(대학알리미 공시 명칭)","Application
Track",Embassy Track Type,Campus Location,학과명,"Department
(대학알리미 공시 명칭)",학과계열,"Field of Study
(Division)",Degree Program,"Period
(years)",Medium of Instruction,Required TOPIK for Admission after Language Program,Program starts,Website URL for detailed information,Telephone for detailed information,Remarks,available departments (23).xlsx,Kyungdong University,,
1,경동대학교,Kyungdong University,Embassy Track,A,Gyeonggi / Yangju,국제융합학부,School of Global Convergence Studies,인문,Humanities,Bachelor's degree,4,Korean 100%,TOPIK 3 or above,March or September,https://kduniv.ac.kr,+82-10-8838-5814,,available departments (23).xlsx,Kyungdong University,,
No.,대학명,"University
(대학알리미 공시 명칭)","Application
Track",Embassy Track Type,Campus Location,학과명,"Department
(대학알리미 공시 명칭)",학과계열,"Field of Study
(Division)",Degree Program,"Period
(years)",Medium of Instruction,Required TOPIK for Admission after Language Program,Program starts,Website URL for detailed information,Telephone for detailed information,Remarks,available departments (24).xlsx,KyungHee University,,
1,경희대학교,Kyung Hee University,Embassy Track,A,Seoul,국어국문학과,Department of Korean Language and Literature,인문,Humanities,Bachelor's degree,4,Korean 100%,TOPIK 3 or above,March or September,http://gukmun.khu.ac.kr/,+82-02-961-0223,,available departments (24).xlsx,KyungHee University,,
2,경희대학교,Kyung Hee University,Embassy Track,A,Seoul,사학과,Department of History,인문,Humanities,Bachelor's degree,4,Korean 100%,TOPIK 3 or above,March or September,http://history.khu.ac.kr/,82-02-961-0227,,available departments (24).xlsx,KyungHee University,,
3,경희대학교,Kyung Hee University,Embassy Track,A,Seoul,철학과,Department of Philosohpy,인문,Humanities,Bachelor's degree,4,Korean 100%,TOPIK 3 or above,March or September,http://sophia.khu.ac.kr,82-02-961-0228,,available departments (24).xlsx,KyungHee University,,
4,경희대학교,Kyung Hee University,Embassy Track,A,Seoul,영어영문학과,Department of English Language and Linguistics,인문,Humanities,Bachelor's degree,4,Korean 50%/ English50%,TOPIK 3 or above,March or September,http://khenglish.khu.ac.kr,82-02-961-0224,,available departments (24).xlsx,KyungHee University,,
5,경희대학교,Kyung Hee University,Embassy Track,A,Seoul,응용영어통번역학과,Department of Applied English Interpretation and Translation,인문,Humanities,Bachelor's degree,4,Korean 50%/ English50%,TOPIK 3 or above,March or September,http://aelts.khu.ac.kr,82-02-961-0890,,available departments (24).xlsx,KyungHee University,,
6,경희대학교,Kyung Hee University,Embassy Track,A,Seoul,자율전공학부-글로벌비지니스,Department of Global Eminence-Global Business,사회,Social Sciences,Bachelor's degree,4,Korean 100%,TOPIK 3 or above,March or September,http://globaleminence.khu.ac.kr,82-02-961-0944,,available departments (24).xlsx,KyungHee University,,
7,경희대학교,Kyung Hee University,Embassy Track,A,Seoul,정치외교학과,Department of Political Science,사회,Social Sciences,Bachelor's degree,4,Korean 100%,TOPIK 3 or above,March or September,http://politics.khu.ac.kr,,,available departments (24).xlsx,KyungHee University,,
8,경희대학교,Kyung Hee University,Embassy Track,A,Seoul,행정학과,Department of Public Administration,사회,Social Sciences,Bachelor's degree,4,Korean 100%,TOPIK 3 or above,March or September,https://pa.khu.ac.kr/,,,available departments (24).xlsx,KyungHee University,,
9,경희대학교,Kyung Hee University,Embassy Track,A,Seoul,사회학과,Department of Sociology,사회,Social Sciences,Bachelor's degree,4,Korean 100%,TOPIK 3 or above,March or September,https://soc.khu.ac.kr/,,,available departments (24).xlsx,KyungHee University,,
10,경희대학교,Kyung Hee University,Embassy Track,A,Seoul,경제학과,Department of Economics,사회,Social Sciences,Bachelor's degree,4,Korean 100%,TOPIK 3 or above,March or September,https://econ.khu.ac.kr/,,,available departments (24).xlsx,KyungHee University,,
11,경희대학교,Kyung Hee University,Embassy Track,A,Seoul,무역학과,Department of International Business and Trade,사회,Social Sciences,Bachelor's degree,4,Korean 100%,TOPIK 3 or above,March or September,http://trade.khu.ac.kr/,,,available departments (24).xlsx,KyungHee University,,
12,경희대학교,Kyung Hee University,Embassy Track,A,Seoul,미디어학과,Department of Media,사회,Social Sciences,Bachelor's degree,4,Korean 100%,TOPIK 3 or above,March or September,https://mediacom.khu.ac.kr,,,available departments (24).xlsx,KyungHee University,,
13,경희대학교,Kyung Hee University,Embassy Track,A,Seoul,경영회계계열,Division of Management and Accounting,사회,Social Sciences,Bachelor's degree,4,Korean 100%,TOPIK 3 or above,March or September,https://kbiz.khu.ac.kr/,82-02-961-0626,"1. Department of Business Administration
2. Department of Accounting",available departments (24).xlsx,KyungHee University,,
14,경희대학교,Kyung Hee University,Embassy Track,A,Seoul,경영학과[영어트랙],Department of Business Administration [English Track],사회,Social Sciences,Bachelor's degree,4,English 100%,"TOPIK 3 or above+
English proficiency",March or September,https://kbiz.khu.ac.kr/,82-02-961-0626,"English Track program: An admission unit separate from Korean Track program. English proficiency is required to apply and the majority of 
required classes to graduate will be conducted in English",available departments (24).xlsx,KyungHee University,,
15,경희대학교,Kyung Hee University,Embassy Track,A,Seoul,Hospitality경영학과,Department of Hospitality Management,사회,Social Sciences,Bachelor's degree,4,Korean 100%,TOPIK 3 or above,March or September,https://hot.khu.ac.kr/,82-02-961-0843,,available departments (24).xlsx,KyungHee University,,
16,경희대학교,Kyung Hee University,Embassy Track,A,Seoul,글로벌Hospitality관광학과[영어트랙],"Department of Global Hospitality & Tourism 
Management [English Track]",사회,Social Sciences,Bachelor's degree,4,English 100%,TOPIK 3 or above+ English proficiency,March or September,https://hot.khu.ac.kr/,82-02-961-0843,"English Track program: An admission unit separate from Korean Track program. English proficiency is required to apply and the majority of 
required classes to graduate will be conducted in English",available departments (24).xlsx,KyungHee University,,
17,경희대학교,Kyung Hee University,Embassy Track,A,Seoul,조리&푸드디자인학과,Department of Culinary Arts & Food Design Managemen,사회,Social Sciences,Bachelor's degree,4,Korean 100%,TOPIK 3 or above,March or September,https://hot.khu.ac.kr/,82-02-961-0830,,available departments (24).xlsx,KyungHee University,,
18,경희대학교,Kyung Hee University,Embassy Track,A,Seoul,관광엔터테인먼트학부,School of Tourism and Entertainment,사회,Social Sciences,Bachelor's degree,4,Korean 100%,TOPIK 3 or above,March or September,https://hot.khu.ac.kr/,82-02-961-0823,"1. Department of Tourism Science
2. Department of Culture&Entertainment",available departments (24).xlsx,KyungHee University,,
19,경희대학교,Kyung Hee University,Embassy Track,A,Seoul,아동가족학과,Department of Child and Family Studies ,사회,Social Sciences,Bachelor's degree,4,Korean 100%,TOPIK 3 or above,March or September,https://che.khu.ac.kr,82-02-961-0550,,available departments (24).xlsx,KyungHee University,,
20,경희대학교,Kyung Hee University,Embassy Track,A,Seoul,주거환경학과,Department of Housing and Interior Design,사회,Social Sciences,Bachelor's degree,4,Korean 100%,TOPIK 3 or above,March or September,https://che.khu.ac.kr,82-02-961-0550,,available departments (24).xlsx,KyungHee University,,
21,경희대학교,Kyung Hee University,Embassy Track,A,Seoul,의상학과,Department of Clothing and Textiles,사회,Social Sciences,Bachelor's degree,4,Korean 100%,TOPIK 3 or above,March or September,https://che.khu.ac.kr,82-02-961-0550,,available departments (24).xlsx,KyungHee University,,
22,경희대학교,Kyung Hee University,Embassy Track,A,Seoul,식품영양학과,Department of Food and Nutrition,자연,Natural Sciences,Bachelor's degree,4,Korean 100%,TOPIK 3 or above,March or September,https://che.khu.ac.kr,82-02-961-0550,,available departments (24).xlsx,KyungHee University,,
23,경희대학교,Kyung Hee University,Embassy Track,A,Seoul,수학과,Department of Mathematics,자연,Natural Sciences,Bachelor's degree,4,Korean 100%,TOPIK 3 or above,March or September,https://maths.khu.ac.kr/,,,available departments (24).xlsx,KyungHee University,,
24,경희대학교,Kyung Hee University,Embassy Track,A,Seoul,물리학과,Department of Physics,자연,Natural Sciences,Bachelor's degree,4,Korean 100%,TOPIK 3 or above,March or September,https://phy.khu.ac.kr/,,,available departments (24).xlsx,KyungHee University,,
25,경희대학교,Kyung Hee University,Embassy Track,A,Seoul,화학과,Department of Chemistry,자연,Natural Sciences,Bachelor's degree,4,Korean 100%,TOPIK 3 or above,March or September,https://chem.khu.ac.kr/,,,available departments (24).xlsx,KyungHee University,,
26,경희대학교,Kyung Hee University,Embassy Track,A,Seoul,생물학과,Department of Biology,자연,Natural Sciences,Bachelor's degree,4,Korean 100%,TOPIK 3 or above,March or September,https://biology.khu.ac.kr/,82-02-961-0244,,available departments (24).xlsx,KyungHee University,,
27,경희대학교,Kyung Hee University,Embassy Track,A,Seoul,지리학과,Department of Geography,사회,Social Sciences,Bachelor's degree,4,Korean 100%,TOPIK 3 or above,March or September,https://geo.khu.ac.kr/,,,available departments (24).xlsx,KyungHee University,,
28,경희대학교,Kyung Hee University,Embassy Track,A,Seoul,미래정보디스플레이학부,Department of Future Information Display,자연,Natural Sciences,Bachelor's degree,4,Korean 100%,TOPIK 3 or above,March or September,https://display.khu.ac.kr/,,,available departments (24).xlsx,KyungHee University,,
29,경희대학교,Kyung Hee University,Embassy Track,A,Global,기계공학부,School of Mechanical Engineering,공학,Engineering,Bachelor's degree,4,Korean 100%,TOPIK 3 or above,March or September,https://eng.khu.ac.kr/me,82-031-201-2504,"1. Mechanical Engineering Major
2. AI Robotics Engineering Major
3. Aerospace Mobility Major",available departments (24).xlsx,KyungHee University,,
30,경희대학교,Kyung Hee University,Embassy Track,A,Global,산업경영공학과,Department of Industrial & Management Engineering,공학,Engineering,Bachelor's degree,4,Korean 100%,TOPIK 3 or above,March or September,https://eng.khu.ac.kr/ie,82-031-201-2552,,available departments (24).xlsx,KyungHee University,,
31,경희대학교,Kyung Hee University,Embassy Track,A,Global,원자력공학과,Department of Nuclear Engineering,공학,Engineering,Bachelor's degree,4,Korean 100%,TOPIK 3 or above,March or September,https://eng.khu.ac.kr/ne,82-031-201-2558,,available departments (24).xlsx,KyungHee University,,
32,경희대학교,Kyung Hee University,Embassy Track,A,Global,화학공학과,Department of Chemical Engineering,공학,Engineering,Bachelor's degree,4,Korean 100%,TOPIK 3 or above,March or September,http://eng.khu.ac.kr/chemeng,82-031-201-2529,,available departments (24).xlsx,KyungHee University,,
33,경희대학교,Kyung Hee University,Embassy Track,A,Global,신소재공학과,Department of Advanced Materials Engineering,공학,Engineering,Bachelor's degree,4,Korean 100%,TOPIK 3 or above,March or September,http://eng.khu.ac.kr/amie,82-031-201-2989,,available departments (24).xlsx,KyungHee University,,
34,경희대학교,Kyung Hee University,Embassy Track,A,Global,사회기반시스템공학과,Department of Civil Engineering,공학,Engineering,Bachelor's degree,4,Korean 100%,TOPIK 3 or above,March or September,http://eng.khu.ac.kr/civileng,82-031-201-2545,,available departments (24).xlsx,KyungHee University,,
35,경희대학교,Kyung Hee University,Embassy Track,A,Global,건축공학과,Department of Architectural Engineering,공학,Engineering,Bachelor's degree,4,Korean 100%,TOPIK 3 or above,March or September,http://eng.khu.ac.kr/archieng,82-031-201-2536,,available departments (24).xlsx,KyungHee University,,
36,경희대학교,Kyung Hee University,Embassy Track,A,Global,환경학 및 환경공학과,Department of Environmental Science and Engineering,공학,Engineering,Bachelor's degree,4,Korean 100%,TOPIK 3 or above,March or September,http://eng.khu.ac.kr/env,82-031-201-2426,,available departments (24).xlsx,KyungHee University,,
37,경희대학교,Kyung Hee University,Embassy Track,A,Global,전자공학부 반도체공학과,Department of Semiconductor Engineering,공학,Engineering,Bachelor's degree,4,Korean 100%,TOPIK 3 or above,March or September,https://eni.khu.ac.kr/eni/user/contents/view.do?menuNo=2000040,,,available departments (24).xlsx,KyungHee University,,
38,경희대학교,Kyung Hee University,Embassy Track,A,Global,전자공학부 전자공학과,Department of Electronic Engineering,공학,Engineering,Bachelor's degree,4,Korean 100%,TOPIK 3 or above,March or September,https://ee.khu.ac.kr/ee/user/main/view.do,,,available departments (24).xlsx,KyungHee University,,
39,경희대학교,Kyung Hee University,Embassy Track,A,Global,생체의공학과,Department of Biomedical Engineering,공학,Engineering,Bachelor's degree,4,Korean 100%,TOPIK 3 or above,March or September,https://bme.khu.ac.kr/bme/user/main/view.do,,,available departments (24).xlsx,KyungHee University,,
40,경희대학교,Kyung Hee University,Embassy Track,A,Global,컴퓨터공학부 컴퓨터공학과,Department of Computer Engineering,공학,Engineering,Bachelor's degree,4,Korean 100%,TOPIK 3 or above,March or September,https://ce.khu.ac.kr/ce/user/main/view.do,,,available departments (24).xlsx,KyungHee University,,
41,경희대학교,Kyung Hee University,Embassy Track,A,Global,컴퓨터공학부 인공지능학과,Department of Artificial Intelligence,공학,Engineering,Bachelor's degree,4,Korean 100%,TOPIK 3 or above,March or September,https://ce.khu.ac.kr/ce/user/main/view.do,,,available departments (24).xlsx,KyungHee University,,
42,경희대학교,Kyung Hee University,Embassy Track,A,Global,소프트웨어융합학과,Department of Software Convergence,공학,Engineering,Bachelor's degree,4,Korean 100%,TOPIK 3 or above,March or September,https://ce.khu.ac.kr/ce/user/contents/view.do?menuNo=1600055,,,available departments (24).xlsx,KyungHee University,,
43,경희대학교,Kyung Hee University,Embassy Track,A,Global,응용수학과,Department of Applied Mathematics,자연,Natural Sciences,Bachelor's degree,4,Korean 100%,TOPIK 3 or above,March or September,https://math.khu.ac.kr/math/user/main/view.do,,,available departments (24).xlsx,KyungHee University,,
44,경희대학교,Kyung Hee University,Embassy Track,A,Global,응용물리학과,Department of Applied Physics,자연,Natural Sciences,Bachelor's degree,4,Korean 100%,TOPIK 3 or above,March or September,https://physics.khu.ac.kr/physics/user/main/view.do,,,available departments (24).xlsx,KyungHee University,,
45,경희대학교,Kyung Hee University,Embassy Track,A,Global,응용화학과,Department of Applied Chemistry,자연,Natural Sciences,Bachelor's degree,4,Korean 100%,TOPIK 3 or above,March or September,https://applchem.khu.ac.kr/applchem/user/main/view.do,,,available departments (24).xlsx,KyungHee University,,
46,경희대학교,Kyung Hee University,Embassy Track,A,Global,우주과학과,Department of Astronomy and Space Science,자연,Natural Sciences,Bachelor's degree,4,Korean 100%,TOPIK 3 or above,March or September,https://space.khu.ac.kr/space/user/main/view.do,82-031-201-2440,,available departments (24).xlsx,KyungHee University,,
47,경희대학교,Kyung Hee University,Embassy Track,A,Global,유전생명공학과,Department of Genetics and Biotechnology,자연,Natural Sciences,Bachelor's degree,4,Korean 100%,TOPIK 3 or above,March or September,https://genetech.khu.ac.kr/genetech/user/main/view.do,82-031-201-2433,,available departments (24).xlsx,KyungHee University,,
48,경희대학교,Kyung Hee University,Embassy Track,A,Global,식품생명공학과,Department of Food Science & BIO Technology,자연,Natural Sciences,Bachelor's degree,4,Korean 100%,TOPIK 3 or above,March or September,https://fst.khu.ac.kr/fst/user/main/view.do,82-031-201-2623,,available departments (24).xlsx,KyungHee University,,
49,경희대학교,Kyung Hee University,Embassy Track,A,Global,융합바이오∙신소재공학과,Department of Convergent Biotechnology and Advanced Materials Science,자연,Natural Sciences,Bachelor's degree,4,Korean 100%,TOPIK 3 or above,March or September,https://ecosystem.khu.ac.kr/ecosystem/user/main/view.do,82-031-201-2601,,available departments (24).xlsx,KyungHee University,,
50,경희대학교,Kyung Hee University,Embassy Track,A,Global,스마트팜과학과,Department of Smart-Farm Science,자연,Natural Sciences,Bachelor's degree,4,Korean 100%,TOPIK 3 or above,March or September,https://smartfarmsci.khu.ac.kr/smartfarm/user/main/view.do,,,available departments (24).xlsx,KyungHee University,,
51,경희대학교,Kyung Hee University,Embassy Track,A,Global,프랑스어과,Department of French,인문,Humanities,Bachelor's degree,4,Korean 100%,TOPIK 3 or above,March or September,http://france.khu.ac.kr/,82-031-201-2212,,available departments (24).xlsx,KyungHee University,,
52,경희대학교,Kyung Hee University,Embassy Track,A,Global,스페인어학과,Department of Spanish,인문,Humanities,Bachelor's degree,4,Korean 100%,TOPIK 3 or above,March or September,http://spanish.khu.ac.kr/,82-031-201-2232,,available departments (24).xlsx,KyungHee University,,
53,경희대학교,Kyung Hee University,Embassy Track,A,Global,러시아어학과,Department of Russian,인문,Humanities,Bachelor's degree,4,Korean 100%,TOPIK 3 or above,March or September,http://russia.khu.ac.kr/,82-031-201-2225,,available departments (24).xlsx,KyungHee University,,
54,경희대학교,Kyung Hee University,Embassy Track,A,Global,중국어학과,Department of Chinese,인문,Humanities,Bachelor's degree,4,Korean 100%,TOPIK 3 or above,March or September,http://zhongwen.khu.ac.kr/,82-031-201-2219,,available departments (24).xlsx,KyungHee University,,
55,경희대학교,Kyung Hee University,Embassy Track,A,Global,일본어학과,Department of Japanese,인문,Humanities,Bachelor's degree,4,Korean 100%,TOPIK 3 or above,March or September,http://japanese.khu.ac.kr/,82-031-201-2226,,available departments (24).xlsx,KyungHee University,,
56,경희대학교,Kyung Hee University,Embassy Track,A,Global,한국어학과,Department of Korean,인문,Humanities,Bachelor's degree,4,Korean 100%,TOPIK 3 or above,March or September,http://korean.khu.ac.kr/,82-031-201-2239,"1. Korean
2. Korean Contents Studies ",available departments (24).xlsx,KyungHee University,,
57,경희대학교,Kyung Hee University,Embassy Track,A,Global,글로벌커뮤니케이션학부,School of Global Communication,인문,Humanities,Bachelor's degree,4,Korean 100%,TOPIK 3 or above,March or September,http://deptofenglish.khu.ac.kr/,82-031-201-2204,"1. British-American Language and Literature
2. British-American Culture",available departments (24).xlsx,KyungHee University,,
58,경희대학교,Kyung Hee University,Embassy Track,A,Global,산업디자인학과,Department of Industrial Design,예체능,Arts & Sports,Bachelor's degree,4,Korean 100%,TOPIK 3 or above,March or September,http://id.khu.ac.kr/html/,82-031-201-2672,,available departments (24).xlsx,KyungHee University,,
59,경희대학교,Kyung Hee University,Embassy Track,A,Global,시각디자인학과,Department of Visual Design,예체능,Arts & Sports,Bachelor's degree,4,Korean 100%,TOPIK 3 or above,March or September,http://vd.khu.ac.kr/html/,82-031-201-2672,,available departments (24).xlsx,KyungHee University,,
60,경희대학교,Kyung Hee University,Embassy Track,A,Global,환경조경디자인학과,Department of Landscape Architecture,예체능,Arts & Sports,Bachelor's degree,4,Korean 100%,TOPIK 3 or above,March or September,http://la.khu.ac.kr/,82-031-201-2672,,available departments (24).xlsx,KyungHee University,,
61,경희대학교,Kyung Hee University,Embassy Track,A,Global,의류디자인학과,Department of Textile and Clothing Design,예체능,Arts & Sports,Bachelor's degree,4,Korean 100%,TOPIK 3 or above,March or September,http://tc.khu.ac.kr/html/,82-031-201-2672,,available departments (24).xlsx,KyungHee University,,
62,경희대학교,Kyung Hee University,Embassy Track,A,Global,디지털콘텐츠학과,Department of Digital Contents,예체능,Arts & Sports,Bachelor's degree,4,Korean 100%,TOPIK 3 or above,March or September,http://dc.khu.ac.kr/html/,82-031-201-2672,,available departments (24).xlsx,KyungHee University,,
63,경희대학교,Kyung Hee University,Embassy Track,A,Global,도예학과,Department of Ceramics,예체능,Arts & Sports,Bachelor's degree,4,Korean 100%,TOPIK 3 or above,March or September,http://ca.khu.ac.kr/html/,82-031-201-2637,,available departments (24).xlsx,KyungHee University,,
64,경희대학교,Kyung Hee University,Embassy Track,A,Global,연극영화학과,Department of Theater & Film,예체능,Arts & Sports,Bachelor's degree,4,Korean 100%,TOPIK 3 or above,March or September,http://ft.khu.ac.kr/html/,82-031-201-2672,,available departments (24).xlsx,KyungHee University,,
65,경희대학교,Kyung Hee University,Embassy Track,A,Global,체육학과,Department of Physical Education,예체능,Arts & Sports,Bachelor's degree,4,Korean 100%,TOPIK 3 or above,March or September,http://sports.khu.ac.kr/,82-031-201-2700~2,,available departments (24).xlsx,KyungHee University,,
66,경희대학교,Kyung Hee University,Embassy Track,A,Global,스포츠의학과,Department of Sports Medicine,예체능,Arts & Sports,Bachelor's degree,4,Korean 100%,TOPIK 3 or above,March or September,http://sports.khu.ac.kr/02/03_01.php,82-031-201-2700~2,,available departments (24).xlsx,KyungHee University,,
67,경희대학교,Kyung Hee University,Embassy Track,A,Global,골프산업학과,Department of Golf Industry,예체능,Arts & Sports,Bachelor's degree,4,Korean 100%,TOPIK 3 or above,March or September,http://sports.khu.ac.kr/02/04_01.php,82-031-201-2700~2,,available departments (24).xlsx,KyungHee University,,
68,경희대학교,Kyung Hee University,Embassy Track,A,Global,태권도학과,Department of Taekwondo,예체능,Arts & Sports,Bachelor's degree,4,Korean 100%,TOPIK 3 or above,March or September,http://sports.khu.ac.kr/02/04_01.php,82-031-201-2700~2,* must submits the certificate of Taekwondo level 2 or higher,available departments (24).xlsx,KyungHee University,,
69,경희대학교,Kyung Hee University,Embassy Track,A,Global,스포츠지도학과,Department of Coaching,예체능,Arts & Sports,Bachelor's degree,4,Korean 100%,TOPIK 3 or above,March or September,http://sports.khu.ac.kr/02/04_01.php,82-031-201-2700~2,,available departments (24).xlsx,KyungHee University,,
"* English Track program: An admission unit separate from Korean Track program. English proficiency is required to apply and the majority of 
required classes to graduate will be conducted in English",,,,,,,,,,,,,,,,,,available departments (24).xlsx,KyungHee University,,
No.,대학명,"University
(대학알리미 공시 명칭)","Application
Track",Embassy Track Type,Campus Location,학과명,"Department
(대학알리미 공시 명칭)",학과계열,"Field of Study
(Division)",Degree Program,"Period
(years)",Medium of Instruction,Required TOPIK for Admission after Language Program,Program starts,Website URL for detailed information,Telephone for detailed information,Remarks,available departments (25).xlsx,Myongji University,,
1,명지대학교,Myongji University,Embassy Track,A,Seoul,국어국문학전공,Department of Korean Language & Literature,인문,Humanities,Bachelor's degree,4,Korean 100%,TOPIK 3 or above,March or September,https://enter.mju.ac.kr/,+82-2-300-1513,,available departments (25).xlsx,Myongji University,,
2,명지대학교,Myongji University,Embassy Track,A,Seoul,영어영문학전공,Department of English Language & Literature,인문,Humanities,Bachelor's degree,4,Korean 100%,TOPIK 3 or above,March or September,https://enter.mju.ac.kr/,+82-2-300-1513,,available departments (25).xlsx,Myongji University,,
3,명지대학교,Myongji University,Embassy Track,A,Seoul,미술사학·역사학전공,Major in Art History and History,인문,Humanities,Bachelor's degree,4,Korean 100%,TOPIK 3 or above,March or September,https://enter.mju.ac.kr/,+82-2-300-1513,,available departments (25).xlsx,Myongji University,,
4,명지대학교,Myongji University,Embassy Track,A,Seoul,문헌정보학전공,Department of Library & Information Science,인문,Humanities,Bachelor's degree,4,Korean 100%,TOPIK 3 or above,March or September,https://enter.mju.ac.kr/,+82-2-300-1513,,available departments (25).xlsx,Myongji University,,
5,명지대학교,Myongji University,Embassy Track,A,Seoul,중어중문학전공,Department of Chinese Language & Literature,인문,Humanities,Bachelor's degree,4,Korean 100%,TOPIK 3 or above,March or September,https://enter.mju.ac.kr/,+82-2-300-1513,,available departments (25).xlsx,Myongji University,,
6,명지대학교,Myongji University,Embassy Track,A,Seoul,일어일문학전공,Department of Japanese Language & Literature,인문,Humanities,Bachelor's degree,4,Korean 100%,TOPIK 3 or above,March or September,https://enter.mju.ac.kr/,+82-2-300-1513,,available departments (25).xlsx,Myongji University,,
7,명지대학교,Myongji University,Embassy Track,A,Seoul,아랍지역학전공,Department of Arab Areas,인문,Humanities,Bachelor's degree,4,Korean 100%,TOPIK 3 or above,March or September,https://enter.mju.ac.kr/,+82-2-300-1513,,available departments (25).xlsx,Myongji University,,
8,명지대학교,Myongji University,Embassy Track,A,Seoul,글로벌한국어학전공,Department of Global Korean Language,인문,Humanities,Bachelor's degree,4,Korean 100%,TOPIK 3 or above,March or September,https://enter.mju.ac.kr/,+82-2-300-1513,International Students Only,available departments (25).xlsx,Myongji University,,
9,명지대학교,Myongji University,Embassy Track,A,Seoul,행정학전공,Public Administration Major ,사회,Social Sciences,Bachelor's degree,4,Korean 100%,TOPIK 3 or above,March or September,https://enter.mju.ac.kr/,+82-2-300-1513,,available departments (25).xlsx,Myongji University,,
10,명지대학교,Myongji University,Embassy Track,A,Seoul,정치외교학전공,Political Science and Diplomacy Major ,사회,Social Sciences,Bachelor's degree,4,Korean 100%,TOPIK 3 or above,March or September,https://enter.mju.ac.kr/,+82-2-300-1513,,available departments (25).xlsx,Myongji University,,
11,명지대학교,Myongji University,Embassy Track,A,Seoul,경제학전공,Economics major,사회,Social Sciences,Bachelor's degree,4,Korean 100%,TOPIK 3 or above,March or September,https://enter.mju.ac.kr/,+82-2-300-1513,,available departments (25).xlsx,Myongji University,,
12,명지대학교,Myongji University,Embassy Track,A,Seoul,국제통상학전공,International Business and Trade Major,사회,Social Sciences,Bachelor's degree,4,Korean 100%,TOPIK 3 or above,March or September,https://enter.mju.ac.kr/,+82-2-300-1513,,available departments (25).xlsx,Myongji University,,
13,명지대학교,Myongji University,Embassy Track,A,Seoul,응용통계학전공,Applied Statistics Major,사회,Social Sciences,Bachelor's degree,4,Korean 100%,TOPIK 3 or above,March or September,https://enter.mju.ac.kr/,+82-2-300-1513,,available departments (25).xlsx,Myongji University,,
14,명지대학교,Myongji University,Embassy Track,A,Seoul,법학과,Department of Law,사회,Social Sciences,Bachelor's degree,4,Korean 100%,TOPIK 3 or above,March or September,https://enter.mju.ac.kr/,+82-2-300-1513,,available departments (25).xlsx,Myongji University,,
15,명지대학교,Myongji University,Embassy Track,A,Seoul,경영학전공,Business Administration Major,사회,Social Sciences,Bachelor's degree,4,Korean 100%,TOPIK 3 or above,March or September,https://enter.mju.ac.kr/,+82-2-300-1513,,available departments (25).xlsx,Myongji University,,
16,명지대학교,Myongji University,Embassy Track,A,Seoul,AI경영정보학과,Department of Business Administration & Information,인공지능(AI),Artificial Intelligence(AI),Bachelor's degree,4,Korean 100%,TOPIK 3 or above,March or September,https://enter.mju.ac.kr/,+82-2-300-1513,,available departments (25).xlsx,Myongji University,,
17,명지대학교,Myongji University,Embassy Track,A,Seoul,디지털미디어학부,Division of Digital Media,사회,Social Sciences,Bachelor's degree,4,Korean 100%,TOPIK 3 or above,March or September,https://enter.mju.ac.kr/,+82-2-300-1513,,available departments (25).xlsx,Myongji University,,
18,명지대학교,Myongji University,Embassy Track,A,Seoul,청소년지도학전공,Youth Education and Leadership Major,사회,Social Sciences,Bachelor's degree,4,Korean 100%,TOPIK 3 or above,March or September,https://enter.mju.ac.kr/,+82-2-300-1513,,available departments (25).xlsx,Myongji University,,
19,명지대학교,Myongji University,Embassy Track,A,Seoul,아동학전공,Child Development and Education Major ,사회,Social Sciences,Bachelor's degree,4,Korean 100%,TOPIK 3 or above,March or September,https://enter.mju.ac.kr/,+82-2-300-1513,,available departments (25).xlsx,Myongji University,,
20,명지대학교,Myongji University,Embassy Track,A,Seoul,응용소프트웨어전공,Department of Applied Software,인공지능(AI),Artificial Intelligence(AI),Bachelor's degree,4,Korean 100%,TOPIK 3 or above,March or September,https://enter.mju.ac.kr/,+82-2-300-1513,,available departments (25).xlsx,Myongji University,,
21,명지대학교,Myongji University,Embassy Track,A,Seoul,데이터사이언스전공,Department of Data Science,인공지능(AI),Artificial Intelligence(AI),Bachelor's degree,4,Korean 100%,TOPIK 3 or above,March or September,https://enter.mju.ac.kr/,+82-2-300-1513,,available departments (25).xlsx,Myongji University,,
22,명지대학교,Myongji University,Embassy Track,A,Seoul,인공지능전공,Department of Artificial Intelligence ,인공지능(AI),Artificial Intelligence(AI),Bachelor's degree,4,Korean 100%,TOPIK 3 or above,March or September,https://enter.mju.ac.kr/,+82-2-300-1513,,available departments (25).xlsx,Myongji University,,
23,명지대학교,Myongji University,Embassy Track,A,Seoul,디지털콘텐츠디자인학과,Department of Digital Contents Design,인공지능(AI),Artificial Intelligence(AI),Bachelor's degree,4,Korean 100%,TOPIK 3 or above,March only,https://enter.mju.ac.kr/,+82-2-300-1513,,available departments (25).xlsx,Myongji University,,
24,명지대학교,Myongji University,Embassy Track,A,Gyeonggi / Yongin,화학나노학전공,Major of Nano & Chemistry,자연,Natural Sciences,Bachelor's degree,4,Korean 100%,TOPIK 3 or above,March or September,https://enter.mju.ac.kr/,+82-2-300-1513,,available departments (25).xlsx,Myongji University,,
25,명지대학교,Myongji University,Embassy Track,A,Gyeonggi / Yongin,융합에너지학전공,Major of Integrative Energy,자연,Natural Sciences,Bachelor's degree,4,Korean 100%,TOPIK 3 or above,March or September,https://enter.mju.ac.kr/,+82-2-300-1513,,available departments (25).xlsx,Myongji University,,
26,명지대학교,Myongji University,Embassy Track,A,Gyeonggi / Yongin,식품영양학전공,Major of Food & Nutrition,자연,Natural Sciences,Bachelor's degree,4,Korean 100%,TOPIK 3 or above,March or September,https://enter.mju.ac.kr/,+82-2-300-1513,,available departments (25).xlsx,Myongji University,,
27,명지대학교,Myongji University,Embassy Track,A,Gyeonggi / Yongin,시스템생명과학전공,,자연,Natural Sciences,Bachelor's degree,4,Korean 100%,TOPIK 3 or above,March or September,https://enter.mju.ac.kr/,+82-2-300-1513,,available departments (25).xlsx,Myongji University,,
28,명지대학교,Myongji University,Embassy Track,A,Gyeonggi / Yongin,기계공학전공,Mechanical Engineering Major,공학,Engineering,Bachelor's degree,4,Korean 100%,TOPIK 3 or above,March or September,https://enter.mju.ac.kr/,+82-2-300-1513,,available departments (25).xlsx,Myongji University,,
29,명지대학교,Myongji University,Embassy Track,A,Gyeonggi / Yongin,로봇공학전공,Major in Robot Engineering,공학,Engineering,Bachelor's degree,4,Korean 100%,TOPIK 3 or above,March or September,https://enter.mju.ac.kr/,+82-2-300-1513,,available departments (25).xlsx,Myongji University,,
30,명지대학교,Myongji University,Embassy Track,A,Gyeonggi / Yongin,건설환경공학전공,Major in Constructional Environmental Engineering,공학,Engineering,Bachelor's degree,4,Korean 100%,TOPIK 3 or above,March or September,https://enter.mju.ac.kr/,+82-2-300-1513,,available departments (25).xlsx,Myongji University,,
31,명지대학교,Myongji University,Embassy Track,A,Gyeonggi / Yongin,환경시스템공학전공,Environmental System Engineering,공학,Engineering,Bachelor's degree,4,Korean 100%,TOPIK 3 or above,March or September,https://enter.mju.ac.kr/,+82-2-300-1513,,available departments (25).xlsx,Myongji University,,
32,명지대학교,Myongji University,Embassy Track,A,Gyeonggi / Yongin,스마트모빌리티공학전공,Smart Mobility Part,공학,Engineering,Bachelor's degree,4,Korean 100%,TOPIK 3 or above,March or September,https://enter.mju.ac.kr/,+82-2-300-1513,,available departments (25).xlsx,Myongji University,,
33,명지대학교,Myongji University,Embassy Track,A,Gyeonggi / Yongin,글로벌스마트인프라공학전공,Smart Systems College of Engineering,공학,Engineering,Bachelor's degree,4,English 100%,TOEFL iBT 71 / IELTS 5.5 or above,September only,https://enter.mju.ac.kr/,+82-2-300-1513,International Students Only,available departments (25).xlsx,Myongji University,,
34,명지대학교,Myongji University,Embassy Track,A,Gyeonggi / Yongin,화학공학전공,Major of Chemical Engineering,공학,Engineering,Bachelor's degree,4,Korean 100%,TOPIK 3 or above,March or September,https://enter.mju.ac.kr/,+82-2-300-1513,,available departments (25).xlsx,Myongji University,,
35,명지대학교,Myongji University,Embassy Track,A,Gyeonggi / Yongin,신소재공학전공,Major in New Materials Engineering,공학,Engineering,Bachelor's degree,4,Korean 100%,TOPIK 3 or above,March or September,https://enter.mju.ac.kr/,+82-2-300-1513,,available departments (25).xlsx,Myongji University,,
36,명지대학교,Myongji University,Embassy Track,A,Gyeonggi / Yongin,반도체공학부,Semiconductor Engineering Department,공학,Engineering,Bachelor's degree,4,Korean 100%,TOPIK 3 or above,March or September,https://enter.mju.ac.kr/,+82-2-300-1513,,available departments (25).xlsx,Myongji University,,
37,명지대학교,Myongji University,Embassy Track,A,Gyeonggi / Yongin,전기공학전공,Major of Electrical Engineering,공학,Engineering,Bachelor's degree,4,Korean 100%,TOPIK 3 or above,March or September,https://enter.mju.ac.kr/,+82-2-300-1513,,available departments (25).xlsx,Myongji University,,
38,명지대학교,Myongji University,Embassy Track,A,Gyeonggi / Yongin,전자공학전공,Major of Electronic Engineering,공학,Engineering,Bachelor's degree,4,Korean 100%,TOPIK 3 or above,March or September,https://enter.mju.ac.kr/,+82-2-300-1513,,available departments (25).xlsx,Myongji University,,
39,명지대학교,Myongji University,Embassy Track,A,Gyeonggi / Yongin,AI컴퓨터공학전공,Major of Computer Engineering,인공지능(AI),Artificial Intelligence(AI),Bachelor's degree,4,Korean 100%,TOPIK 3 or above,March or September,https://enter.mju.ac.kr/,+82-2-300-1513,,available departments (25).xlsx,Myongji University,,
40,명지대학교,Myongji University,Embassy Track,A,Gyeonggi / Yongin,AI응용시스템전공,Major in Information and Communications Engineering,인공지능(AI),Artificial Intelligence(AI),Bachelor's degree,4,Korean 100%,TOPIK 3 or above,March or September,https://enter.mju.ac.kr/,+82-2-300-1513,,available departments (25).xlsx,Myongji University,,
41,명지대학교,Myongji University,Embassy Track,A,Gyeonggi / Yongin,산업경영공학과,Department of Industrial Management Engineering,공학,Engineering,Bachelor's degree,4,Korean 100%,TOPIK 3 or above,March or September,https://enter.mju.ac.kr/,+82-2-300-1513,,available departments (25).xlsx,Myongji University,,
No.,대학명,"University
(대학알리미 공시 명칭)","Application
Track",Embassy Track Type,Campus Location,학과명,"Department
(대학알리미 공시 명칭)",학과계열,"Field of Study
(Division)",Degree Program,"Period
(years)",Medium of Instruction,Required TOPIK for Admission after Language Program,Program starts,Website URL for detailed information,Telephone for detailed information,Remarks,available departments (26).xlsx,POSTECH,,
1,포항공과대학교,Pohang University of Science and Technology,Embassy Track,A,Gyeongbuk / Pohang,무은재학부,Mueunjae School of Undergraduate Studies,공학,Engineering,Bachelor's degree,4,English 100%,TOPIK 3 or above,March or September,https://adm-iu.postech.ac.kr/,"+82-54-279-3626, 3629","* All freshmen are admitted to Mueunjae School without a declared major. During their first three semesters, students may explore all 11 majors before selecting the one that best suits their interests. 
(the 11 majors are listed in the overview of university) 
 / 모든 신입생은 전공이 정해지지 않은 무은재학부로 입학 하며, 처음 3학기 동안 11개의 전공을 탐색한 후 자신에게 가장 적합한 전공을 선택할 수 있음
(전공 정보는 Overview 내 기재)

* Applicants with official English proficiency test scores will be given preference.",available departments (26).xlsx,POSTECH,,
No.,대학명,"University
(대학알리미 공시 명칭)","Application
Track",Embassy Track Type,Campus Location,학과명,"Department
(대학알리미 공시 명칭)",학과계열,"Field of Study
(Division)",Degree Program,"Period
(years)",Medium of Instruction,Required TOPIK for Admission after Language Program,Program starts,Website URL for detailed information,Telephone for detailed information,Remarks,available departments (27).xlsx,SeoKyeong University,,
1,서경대학교,Seokyeong University,Embassy Track,A,Seooul,글로벌관광경영학과,Department of Global Tourism Management,사회,Social Sciences,Bachelor's degree,4,Korean 100%,TOPIK 3 or above,March or September,https://drive.google.com/file/d/1E9pPLq5KI88iqTuLPT6Vbqj41UePMano/viewhttp://,+82-02-940-2958,For International Students Only,available departments (27).xlsx,SeoKyeong University,,
2,서경대학교,Seokyeong University,Embassy Track,A,Seooul,글로벌헤어&메이크업디자인학과,Department of Global Hair & Makeup Design,예체능,Arts & Sports,Bachelor's degree,4,Korean 100%,TOPIK 3 or above,March or September,https://drive.google.com/file/d/1DKLSGO4xGJZTm7xhnUMjzkFWz0OorRZk/view?pli=1,+82-02-940-2958,For International Students Only,available departments (27).xlsx,SeoKyeong University,,
3,서경대학교,Seokyeong University,Embassy Track,A,Seooul,글로벌뷰티테라피&코스메틱학과,Department of Global Beauty Therapy & Cosmetics,예체능,Arts & Sports,Bachelor's degree,4,Korean 100%,TOPIK 3 or above,March or September,https://drive.google.com/file/d/1K32fCXodijzOd0j2FRgy0qfzDcIH_wIS/view,+82-02-940-2958,For International Students Only,available departments (27).xlsx,SeoKyeong University,,
4,서경대학교,Seokyeong University,Embassy Track,A,Seooul,글로벌융합경영전공,Major in Global Convergence Management,사회,Social Sciences,Bachelor's degree,4,Korean 100%,TOPIK 3 or above,March or September,https://gbs.skuniv.ac.kr/gbs_about,+82-02-940-2958,,available departments (27).xlsx,SeoKyeong University,,
5,서경대학교,Seokyeong University,Embassy Track,A,Seooul,한불문화융복합번역전공,Major in Korean & Chinese Integrated Translation,인문,Humanities,Bachelor's degree,4,Korean 100%,TOPIK 3 or above,March or September,,+82-02-940-2958,,available departments (27).xlsx,SeoKyeong University,,
6,서경대학교,Seokyeong University,Embassy Track,A,Seooul,실용무용전공,Major in Practical Dance,예체능,Arts & Sports,Bachelor's degree,4,Korean 100%,TOPIK 3 or above,March or September,https://drive.google.com/file/d/1pj0fMLp3AE4ckbgBevVfjGOd-35RHIx1/view,+82-02-940-2958,For International Students Only,available departments (27).xlsx,SeoKyeong University,,
7,서경대학교,Seokyeong University,Embassy Track,A,Seooul,스포츠앤테크놀러지전공,Major in Sports Technology,예체능,Arts & Sports,Bachelor's degree,4,Korean 100%,TOPIK 3 or above,March or September,,+82-02-940-2958,,available departments (27).xlsx,SeoKyeong University,,
8,서경대학교,Seokyeong University,Embassy Track,A,Seooul,골프매니지먼트전공,Major in Golf Management,예체능,Arts & Sports,Bachelor's degree,4,Korean 100%,TOPIK 3 or above,March or September,,+82-02-940-2958,,available departments (27).xlsx,SeoKyeong University,,
9,서경대학교,Seokyeong University,Embassy Track,A,Seooul,글로벌댄스스포츠전공,Major in Global Dance & Sports,예체능,Arts & Sports,Bachelor's degree,4,Korean 100%,TOPIK 3 or above,March or September,,+82-02-940-2958,,available departments (27).xlsx,SeoKyeong University,,
10,서경대학교,Seokyeong University,Embassy Track,A,Seooul,모델연기,Modeling,예체능,Arts & Sports,Bachelor's degree,4,Korean 100%,TOPIK 3 or above,March or September,"

",+82-02-940-2958,,available departments (27).xlsx,SeoKyeong University,,
11,서경대학교,Seokyeong University,Embassy Track,A,Seooul,무대 패션, Stage Fashion ,예체능,Arts & Sports,Bachelor's degree,4,Korean 100%,TOPIK 3 or above,March or September,"https://drive.google.com/file/d/1WF9lkQdteRt6ZkLEOrISBsFH9P8Gm2Z1/view
",+82-02-940-2958,,available departments (27).xlsx,SeoKyeong University,,
12,서경대학교,Seokyeong University,Embassy Track,A,Seooul,뮤지컬,Musical ,예체능,Arts & Sports,Bachelor's degree,4,Korean 100%,TOPIK 3 or above,March or September,"https://drive.google.com/file/d/1VNOw5lqhltMMH_FP-1ucDGSwVbUababt/view
",+82-02-940-2958,,available departments (27).xlsx,SeoKyeong University,,
13,서경대학교,Seokyeong University,Embassy Track,A,Seooul,무대기술,Stage Technology,예체능,Arts & Sports,Bachelor's degree,4,Korean 100%,TOPIK 3 or above,March or September,,+82-02-940-2958,,available departments (27).xlsx,SeoKyeong University,,
14,서경대학교,Seokyeong University,Embassy Track,A,Seooul,연기, Acting ,예체능,Arts & Sports,Bachelor's degree,4,Korean 100%,TOPIK 3 or above,March or September,,+82-02-940-2958,,available departments (27).xlsx,SeoKyeong University,,
15,서경대학교,Seokyeong University,Embassy Track,A,Seooul,연출,Directing,예체능,Arts & Sports,Bachelor's degree,4,Korean 100%,TOPIK 3 or above,March or September,,+82-02-940-2958,,available departments (27).xlsx,SeoKyeong University,,
16,서경대학교,Seokyeong University,Embassy Track,A,Seooul,작곡 ,Composition,예체능,Arts & Sports,Bachelor's degree,4,Korean 100%,TOPIK 3 or above,March ,"https://drive.google.com/file/d/1atdW18iwwpYcqBIQ4fxEZZb3qbloNOUA/view
",+82-02-940-2958,For International Students Only,available departments (27).xlsx,SeoKyeong University,,
17,서경대학교,Seokyeong University,Embassy Track,A,Seooul,보컬,Vocal,예체능,Arts & Sports,Bachelor's degree,4,Korean 100%,TOPIK 3 or above,March ,"https://drive.google.com/file/d/1atdW18iwwpYcqBIQ4fxEZZb3qbloNOUA/view
",+82-02-940-2958,For International Students Only,available departments (27).xlsx,SeoKyeong University,,
18,서경대학교,Seokyeong University,Embassy Track,A,Seooul,기악,Instrumental,예체능,Arts & Sports,Bachelor's degree,4,Korean 100%,TOPIK 3 or above,March ,"https://drive.google.com/file/d/1atdW18iwwpYcqBIQ4fxEZZb3qbloNOUA/view
",+82-02-940-2958,For International Students Only,available departments (27).xlsx,SeoKyeong University,,
19,서경대학교,Seokyeong University,Embassy Track,A,Seooul,싱어송라이터,Singer-Songwriter,예체능,Arts & Sports,Bachelor's degree,4,Korean 100%,TOPIK 3 or above,March ,"https://drive.google.com/file/d/1atdW18iwwpYcqBIQ4fxEZZb3qbloNOUA/view
",+82-02-940-2958,For International Students Only,available departments (27).xlsx,SeoKyeong University,,
20,서경대학교,Seokyeong University,Embassy Track,A,Seooul,LF_라이프스타일디자인,Major in LF (Lifestyle) Design,예체능,Arts & Sports,Bachelor's degree,4,Korean 100%,TOPIK 3 or above,March ,"https://drive.google.com/file/d/1atdW18iwwpYcqBIQ4fxEZZb3qbloNOUA/view
",+82-02-940-2958,For International Students Only,available departments (27).xlsx,SeoKyeong University,,
21,서경대학교,Seokyeong University,Embassy Track,A,Seooul,VD_비주얼디자인,VD_Visual Design,예체능,Arts & Sports,Bachelor's degree,4,Korean 100%,TOPIK 3 or above,March or September,https://drive.google.com/file/d/1nh_9DX65qFH77bVCrQo1XO4BpDl0k_Zx/view,+82-02-940-2958,,available departments (27).xlsx,SeoKyeong University,,
22,서경대학교,Seokyeong University,Embassy Track,A,Seooul,영화영상학과,Department of Film & Visual Arts,예체능,Arts & Sports,Bachelor's degree,4,Korean 100%,TOPIK 3 or above,March or September,,+82-02-940-2958,,available departments (27).xlsx,SeoKyeong University,,
23,서경대학교,Seokyeong University,Embassy Track,A,Seooul,광고홍보영상학과,Department of Advertising & PR Video,예체능,Arts & Sports,Bachelor's degree,4,Korean 100%,TOPIK 3 or above,March or September,,+82-02-940-2958,,available departments (27).xlsx,SeoKyeong University,,
No.,대학명,"University
(대학알리미 공시 명칭)","Application
Track",Embassy Track Type,Campus Location,학과명,"Department
(대학알리미 공시 명칭)",학과계열,"Field of Study
(Division)",Degree Program,"Period
(years)",Medium of Instruction,Required TOPIK for Admission after Language Program,Program starts,Website URL for detailed information,Telephone for detailed information,Remarks,available departments (28).xlsx,SeoulTech,,
1,서울과학기술대학교,Seoul National University of Science and Technology,Embassy Track,A,Seoul,"글로벌자유전공학부
(공과계열)",Global School of Liberal Studies(Engineering Track),공학,Engineering,Bachelor's degree,4,Korean 100%,TOPIK 3 or above,March or September,https://ic.seoultech.ac.kr/glo_free/global_free,+82-2-970-6245,"Students will select one of the following departments upon completing the first year.
<Available Departments>
- School of Mechanical Systems Engineering (Intelligent Robotics Engineering)
- School of Mechanical Systems Engineering (Automotive Engineering)
- Dept. of Mechanical Engineering
- Dept. of Safety Engineering
- Dept. of Materials Science and Engineering
- Dept. of Civil Engineering
- School of Architecture (Architectural Engineering Program)",available departments (28).xlsx,SeoulTech,,
2,서울과학기술대학교,Seoul National University of Science and Technology,Embassy Track,A,Seoul,"글로벌자유전공학부
(정보통신계열)",Global School of Liberal Studies(Information and Communication Track),공학,Engineering,Bachelor's degree,4,Korean 100%,TOPIK 3 or above,March or September,https://ic.seoultech.ac.kr/glo_free/global_free,+82-2-970-6245,"Students will select one of the following departments upon completing the first year.
<Available Departments>
- Dept. of Electrical and Information Engineering
- Dept. of Electronic Engineering
- Dept. of Smart ICT Convergence Engineering
- Dept. of Applied Artificial Intelligence",available departments (28).xlsx,SeoulTech,,
3,서울과학기술대학교,Seoul National University of Science and Technology,Embassy Track,A,Seoul,"글로벌자유전공학부
(에너지바이오계열)",Global School of Liberal Studies(Energy and Biotechnology Track),자연,Natural Sciences,Bachelor's degree,4,Korean 100%,TOPIK 3 or above,March or September,https://ic.seoultech.ac.kr/glo_free/global_free,+82-2-970-6245,"Students will select one of the following departments upon completing the first year.
<Available Departments>
- Dept. of Chemical and Biomolecular Engineering
- Dept. of Environmental Engineering
- Dept. of Food Science and Biotechnology
- Dept. of Fine Chemistry
- Dept. of Optometry
- Dept. of Future Energy Convergence",available departments (28).xlsx,SeoulTech,,
4,서울과학기술대학교,Seoul National University of Science and Technology,Embassy Track,A,Seoul,"글로벌자유전공학부
(디자인계열)",Global School of Liberal Studies(Design Track),예체능,Arts & Sports,Bachelor's degree,4,Korean 100%,TOPIK 3 or above,March or September,https://ic.seoultech.ac.kr/glo_free/global_free,+82-2-970-6245,"Students will select one of the following departments upon completing the first year.
<Available Departments>
- Dept. of Industrial Design
- Dept. of Visual Communication Design",available departments (28).xlsx,SeoulTech,,
5,서울과학기술대학교,Seoul National University of Science and Technology,Embassy Track,A,Seoul,"글로벌자유전공학부
(인문사회계열)",Global School of Liberal Studies(Humanities and Social Sciences Track),인문,Humanities,Bachelor's degree,4,Korean 100%,TOPIK 3 or above,March or September,https://ic.seoultech.ac.kr/glo_free/global_free,+82-2-970-6245,"Students will select one of the following departments upon completing the first year.
<Available Departments>
- Dept. of Public Administration
- Dept. of English Language and Literature
- Dept. of Business Administration(Global Technology Management)
- Dept. of Korean Language and Culture Studies
- Dept. of AI·Media",available departments (28).xlsx,SeoulTech,,
6,서울과학기술대학교,Seoul National University of Science and Technology,Embassy Track,A,Seoul,"글로벌자유전공학부
(컴퓨터공학계열)",Global School of Liberal Studies(Computer Science and Engineering Track),공학,Engineering,Bachelor's degree,4,Korean 100%,TOPIK 3 or above,March or September,https://ic.seoultech.ac.kr/glo_free/global_free,+82-2-970-6245,"Students will select one of the following departments upon completing the first year.
<Available Departments>
- Dept. of Computer Science and Engineering",available departments (28).xlsx,SeoulTech,,
7,서울과학기술대학교,Seoul National University of Science and Technology,Embassy Track,A,Seoul,건축학부 건축학전공,School of Architecture (Architecture Program),공학,Engineering,Bachelor's degree,5,Korean 100%,TOPIK 3 or above,March or September,https://archidesign.seoultech.ac.kr/en/,+82-02-970-6562,5-year course,available departments (28).xlsx,SeoulTech,,
8,서울과학기술대학교,Seoul National University of Science and Technology,Embassy Track,A,Seoul,스포츠과학과,Department of Sports Sciences,예체능,Arts & Sports,Bachelor's degree,4,Korean 100%,TOPIK 3 or above,March or September,https://sports.seoultech.ac.kr/en/,+82-02-970-6367,,available departments (28).xlsx,SeoulTech,,
9,서울과학기술대학교,Seoul National University of Science and Technology,Embassy Track,A,Seoul,도예학과,Department of Ceramic Art & Design,예체능,Arts & Sports,Bachelor's degree,4,Korean 100%,TOPIK 3 or above,March or September,https://ceramics.seoultech.ac.kr/en/,+82-02-970-6618,Portfolio Required,available departments (28).xlsx,SeoulTech,,
10,서울과학기술대학교,Seoul National University of Science and Technology,Embassy Track,A,Seoul,금속공예디자인학과,Department of Metal Art & Design,예체능,Arts & Sports,Bachelor's degree,4,Korean 100%,TOPIK 3 or above,March or September,https://metalartdesign.seoultech.ac.kr/en/,+82-02-970-6664,Portfolio Required,available departments (28).xlsx,SeoulTech,,
11,서울과학기술대학교,Seoul National University of Science and Technology,Embassy Track,A,Seoul,조형예술학과,Department of Fine Arts,예체능,Arts & Sports,Bachelor's degree,4,Korean 100%,TOPIK 3 or above,March or September,https://fineart.seoultech.ac.kr/,+82-02-970-6635,Portfolio Required,available departments (28).xlsx,SeoulTech,,
12,서울과학기술대학교,Seoul National University of Science and Technology,Embassy Track,A,Seoul,문예창작학과,Department of Creative Writing,인문,Humanities,Bachelor's degree,4,Korean 100%,TOPIK 6,March or September,https://writing-creative.seoultech.ac.kr/en/,+82-02-970-6291,,available departments (28).xlsx,SeoulTech,,
13,서울과학기술대학교,Seoul National University of Science and Technology,Embassy Track,A,Seoul,경영학과 경영학전공,"Department of Business Administration
(Business Administration)",사회,Social Sciences,Bachelor's degree,4,Korean 100%,TOPIK 3 or above,March or September,https://biz.seoultech.ac.kr/en/ams/introduction,+82-02-970-6477,AMS Program(Asian Management Studies),available departments (28).xlsx,SeoulTech,,
No.,대학명,"University
(대학알리미 공시 명칭)","Application
Track",Embassy Track Type,Campus Location,학과명,"Department
(대학알리미 공시 명칭)",학과계열,"Field of Study
(Division)",Degree Program,"Period
(years)",Medium of Instruction,Required TOPIK for Admission after Language Program,Program starts,Website URL for detailed information,Telephone for detailed information,Remarks,available departments (3).xlsx,Soongsil University,,
1,숭실대학교,"Soongsil
University",Embassy Track,A,Seoul / Dongjak,기독교학과,Department of Christian Studies,인문,Humanities,Bachelor's degree,4,Korean 100%,TOPIK 3 or above,March or September,https://docs.ssu.ac.kr/,,,available departments (3).xlsx,Soongsil University,,
2,숭실대학교,"Soongsil
University",Embassy Track,A,Seoul / Dongjak,국어국문학과,Department of Korean Language & Literature,인문,Humanities,Bachelor's degree,4,Korean 100%,TOPIK 3 or above,March or September,https://korlan.ssu.ac.kr/,,,available departments (3).xlsx,Soongsil University,,
3,숭실대학교,"Soongsil
University",Embassy Track,A,Seoul / Dongjak,영어영문학과,Department of English Language & Literature,인문,Humanities,Bachelor's degree,4,Korean 100%,TOPIK 3 or above,March or September,https://englan.ssu.ac.kr/,,,available departments (3).xlsx,Soongsil University,,
4,숭실대학교,"Soongsil
University",Embassy Track,A,Seoul / Dongjak,독어독문학과,Department of German Language & Literature,인문,Humanities,Bachelor's degree,4,Korean 100%,TOPIK 3 or above,March or September,https://gerlan.ssu.ac.kr/,,,available departments (3).xlsx,Soongsil University,,
5,숭실대학교,"Soongsil
University",Embassy Track,A,Seoul / Dongjak,불어불문학과,Department of French Language & Literature,인문,Humanities,Bachelor's degree,4,Korean 100%,TOPIK 3 or above,March or September,https://france.ssu.ac.kr/,,,available departments (3).xlsx,Soongsil University,,
6,숭실대학교,"Soongsil
University",Embassy Track,A,Seoul / Dongjak,중어중문학과,Department of Chinese Language & Literature,인문,Humanities,Bachelor's degree,4,Korean 100%,TOPIK 3 or above,March or September,https://chilan.ssu.ac.kr/,,,available departments (3).xlsx,Soongsil University,,
7,숭실대학교,"Soongsil
University",Embassy Track,A,Seoul / Dongjak,일어일문학과,Department of Japanese Language & Literature,인문,Humanities,Bachelor's degree,4,Korean 100%,TOPIK 3 or above,March or September,https://japanstu.ssu.ac.kr/,,,available departments (3).xlsx,Soongsil University,,
8,숭실대학교,"Soongsil
University",Embassy Track,A,Seoul / Dongjak,철학과,Department of Philosophy,인문,Humanities,Bachelor's degree,4,Korean 100%,TOPIK 3 or above,March or September,https://philo.ssu.ac.kr/,,,available departments (3).xlsx,Soongsil University,,
9,숭실대학교,"Soongsil
University",Embassy Track,A,Seoul / Dongjak,사학과,Department of History,인문,Humanities,Bachelor's degree,4,Korean 100%,TOPIK 3 or above,March or September,https://history.ssu.ac.kr/,,,available departments (3).xlsx,Soongsil University,,
10,숭실대학교,"Soongsil
University",Embassy Track,A,Seoul / Dongjak,예술창작학부 영화예술전공,"School of Creative Arts, Major in Film Arts",예체능,Arts & Sports,Bachelor's degree,4,Korean 100%,TOPIK 4 or above,March or September,http://ssfilm.ssu.ac.kr/home/index,,,available departments (3).xlsx,Soongsil University,,
11,숭실대학교,"Soongsil
University",Embassy Track,A,Seoul / Dongjak,스포츠학부,School of Sports,예체능,Arts & Sports,Bachelor's degree,4,Korean 100%,TOPIK 3 or above,March or September,https://sports.ssu.ac.kr/,,,available departments (3).xlsx,Soongsil University,,
12,숭실대학교,"Soongsil
University",Embassy Track,A,Seoul / Dongjak,법학과,Department of Law,사회,Social Sciences,Bachelor's degree,4,Korean 100%,TOPIK 3 or above,March or September,https://law.ssu.ac.kr/,,,available departments (3).xlsx,Soongsil University,,
13,숭실대학교,"Soongsil
University",Embassy Track,A,Seoul / Dongjak,국제법무학과,Department of Global Law,사회,Social Sciences,Bachelor's degree,4,Korean 100%,TOPIK 3 or above,March or September,https://lawyer.ssu.ac.kr/,,,available departments (3).xlsx,Soongsil University,,
14,숭실대학교,"Soongsil
University",Embassy Track,A,Seoul / Dongjak,사회복지학부,School of Social Welfare,사회,Social Sciences,Bachelor's degree,4,Korean 100%,TOPIK 3 or above,March or September,https://mysoongsil.ssu.ac.kr/,,,available departments (3).xlsx,Soongsil University,,
15,숭실대학교,"Soongsil
University",Embassy Track,A,Seoul / Dongjak,행정학부,School of Public Administration,사회,Social Sciences,Bachelor's degree,4,Korean 100%,TOPIK 3 or above,March or September,https://pubad.ssu.ac.kr/,,,available departments (3).xlsx,Soongsil University,,
16,숭실대학교,"Soongsil
University",Embassy Track,A,Seoul / Dongjak,정치외교학과,Department of Political Science & International Relations,사회,Social Sciences,Bachelor's degree,4,Korean 100%,TOPIK 3 or above,March or September,https://politics.ssu.ac.kr/,,,available departments (3).xlsx,Soongsil University,,
17,숭실대학교,"Soongsil
University",Embassy Track,A,Seoul / Dongjak,정보사회학과,Department of Information Sociology,사회,Social Sciences,Bachelor's degree,4,Korean 100%,TOPIK 3 or above,March or September,http://inso.ssu.ac.kr/main/main.php,,,available departments (3).xlsx,Soongsil University,,
18,숭실대학교,"Soongsil
University",Embassy Track,A,Seoul / Dongjak,언론홍보학과,"Department of Journalism, Public Relations & Advertising",사회,Social Sciences,Bachelor's degree,4,Korean 100%,TOPIK 3 or above,March or September,https://masscom.ssu.ac.kr/,,,available departments (3).xlsx,Soongsil University,,
19,숭실대학교,"Soongsil
University",Embassy Track,A,Seoul / Dongjak,평생교육학과,Department of Lifelong Education,사회,Social Sciences,Bachelor's degree,4,Korean 100%,TOPIK 3 or above,March or September,https://lifelongedu.ssu.ac.kr/,,,available departments (3).xlsx,Soongsil University,,
20,숭실대학교,"Soongsil
University",Embassy Track,A,Seoul / Dongjak,경제학과,Department of Economics,사회,Social Sciences,Bachelor's degree,4,Korean 100%,TOPIK 3 or above,March or September,https://eco.ssu.ac.kr/,,,available departments (3).xlsx,Soongsil University,,
21,숭실대학교,"Soongsil
University",Embassy Track,A,Seoul / Dongjak,글로벌통상학과,Department of Global Commerce,사회,Social Sciences,Bachelor's degree,4,Korean 100%,TOPIK 3 or above,March or September,https://gtrade.ssu.ac.kr/,,,available departments (3).xlsx,Soongsil University,,
22,숭실대학교,"Soongsil
University",Embassy Track,A,Seoul / Dongjak,경영학부,School of Business Administration,사회,Social Sciences,Bachelor's degree,4,Korean 100%,TOPIK 3 or above,March or September,https://biz.ssu.ac.kr/intro.do,,,available departments (3).xlsx,Soongsil University,,
23,숭실대학교,"Soongsil
University",Embassy Track,A,Seoul / Dongjak,회계학과,Department of Accounting,사회,Social Sciences,Bachelor's degree,4,Korean 100%,TOPIK 3 or above,March or September,https://accounting.ssu.ac.kr/,,,available departments (3).xlsx,Soongsil University,,
24,숭실대학교,"Soongsil
University",Embassy Track,A,Seoul / Dongjak,벤처중소기업학과,Department of Entrepreneurship & Small Business,사회,Social Sciences,Bachelor's degree,4,Korean 100%,TOPIK 3 or above,March or September,https://ensb.ssu.ac.kr/,,,available departments (3).xlsx,Soongsil University,,
25,숭실대학교,"Soongsil
University",Embassy Track,A,Seoul / Dongjak,금융학부,School of Finance,사회,Social Sciences,Bachelor's degree,4,Korean 100%,TOPIK 3 or above,March or September,https://finance.ssu.ac.kr/,,,available departments (3).xlsx,Soongsil University,,
26,숭실대학교,"Soongsil
University",Embassy Track,A,Seoul / Dongjak,수학과,Department of Mathematics,자연,Natural Sciences,Bachelor's degree,4,Korean 100%,TOPIK 3 or above,March or September,https://math.ssu.ac.kr/,,,available departments (3).xlsx,Soongsil University,,
27,숭실대학교,"Soongsil
University",Embassy Track,A,Seoul / Dongjak,물리학과,Department of Physics,자연,Natural Sciences,Bachelor's degree,4,Korean 100%,TOPIK 3 or above,March or September,https://physics.ssu.ac.kr/,,,available departments (3).xlsx,Soongsil University,,
28,숭실대학교,"Soongsil
University",Embassy Track,A,Seoul / Dongjak,화학과,Department of Chemistry,자연,Natural Sciences,Bachelor's degree,4,Korean 100%,TOPIK 3 or above,March or September,https://chem.ssu.ac.kr/,,,available departments (3).xlsx,Soongsil University,,
29,숭실대학교,"Soongsil
University",Embassy Track,A,Seoul / Dongjak,정보통계·보험수리학과,Department of Statistics and Actuarial Science,자연,Natural Sciences,Bachelor's degree,4,Korean 100%,TOPIK 3 or above,March or September,https://stat.ssu.ac.kr/,,,available departments (3).xlsx,Soongsil University,,
30,숭실대학교,"Soongsil
University",Embassy Track,A,Seoul / Dongjak,의생명시스템학부,School of Systems Biomedical Science,자연,Natural Sciences,Bachelor's degree,4,Korean 100%,TOPIK 3 or above,March or September,https://bioinfo.ssu.ac.kr/,,,available departments (3).xlsx,Soongsil University,,
31,숭실대학교,"Soongsil
University",Embassy Track,A,Seoul / Dongjak,화학공학과,Department of Chemical Engineering,공학,Engineering,Bachelor's degree,4,Korean 100%,TOPIK 3 or above,March or September,http://chemeng.ssu.ac.kr/,,,available departments (3).xlsx,Soongsil University,,
32,숭실대학교,"Soongsil
University",Embassy Track,A,Seoul / Dongjak,신소재공학과,Department of Materials Science and Engineering,공학,Engineering,Bachelor's degree,4,Korean 100%,TOPIK 3 or above,March or September,https://materials.ssu.ac.kr/,,,available departments (3).xlsx,Soongsil University,,
33,숭실대학교,"Soongsil
University",Embassy Track,A,Seoul / Dongjak,전기공학부,School of Electrical Engineering,공학,Engineering,Bachelor's degree,4,Korean 100%,TOPIK 3 or above,March or September,https://ssu.ac.kr/%EA%B5%90%EC%9C%A1-%C2%B7-%EC%97%B0%EA%B5%AC/%EB%8C%80%ED%95%99%EC%86%8C%EA%B0%9C/%EA%B3%B5%EA%B3%BC%EB%8C%80%ED%95%99/%EC%A0%84%EA%B8%B0%EA%B3%B5%ED%95%99%EB%B6%80/,,,available departments (3).xlsx,Soongsil University,,
34,숭실대학교,"Soongsil
University",Embassy Track,A,Seoul / Dongjak,기계공학부,School of Mechanical Engineering,공학,Engineering,Bachelor's degree,4,Korean 100%,TOPIK 3 or above,March or September,https://me.ssu.ac.kr/main/main.php,,,available departments (3).xlsx,Soongsil University,,
35,숭실대학교,"Soongsil
University",Embassy Track,A,Seoul / Dongjak,산업·정보시스템공학과,Department of Industrial & Information Systems Engineering,공학,Engineering,Bachelor's degree,4,Korean 100%,TOPIK 3 or above,March or September,https://iise.ssu.ac.kr/,,,available departments (3).xlsx,Soongsil University,,
36,숭실대학교,"Soongsil
University",Embassy Track,A,Seoul / Dongjak,건축학부 건축학전공,"School of Architecture, Major in Architectural Design",공학,Engineering,Bachelor's degree,5,Korean 100%,TOPIK 3 or above,March or September,https://soar.ssu.ac.kr/,,,available departments (3).xlsx,Soongsil University,,
37,숭실대학교,"Soongsil
University",Embassy Track,A,Seoul / Dongjak,건축학부 건축공학전공,"School of Architecture, Major in Architectural Engineering",공학,Engineering,Bachelor's degree,4,Korean 100%,TOPIK 3 or above,March or September,https://soar.ssu.ac.kr/,,,available departments (3).xlsx,Soongsil University,,
38,숭실대학교,"Soongsil
University",Embassy Track,A,Seoul / Dongjak,컴퓨터학부,School of Computer Science and Engineering,공학,Engineering,Bachelor's degree,4,Korean 100%,TOPIK 3 or above,March or September,https://cse.ssu.ac.kr/,,,available departments (3).xlsx,Soongsil University,,
39,숭실대학교,"Soongsil
University",Embassy Track,A,Seoul / Dongjak,전자정보공학부 전자공학전공,"School of Electronic Engineering, Major in Electronic Engineering",공학,Engineering,Bachelor's degree,4,Korean 100%,TOPIK 3 or above,March or September,http://infocom.ssu.ac.kr/kor/main/,,,available departments (3).xlsx,Soongsil University,,
40,숭실대학교,"Soongsil
University",Embassy Track,A,Seoul / Dongjak,전자정보공학부 IT융합전공,"School of Electronic Engineering, Major in IT Convergence",공학,Engineering,Bachelor's degree,4,Korean 100%,TOPIK 3 or above,March or September,http://infocom.ssu.ac.kr/kor/main/,,,available departments (3).xlsx,Soongsil University,,
41,숭실대학교,"Soongsil
University",Embassy Track,A,Seoul / Dongjak,글로벌미디어학부,Global School of Media,공학,Engineering,Bachelor's degree,4,Korean 100%,TOPIK 3 or above,March or September,https://media.ssu.ac.kr/,,,available departments (3).xlsx,Soongsil University,,
42,숭실대학교,"Soongsil
University",Embassy Track,A,Seoul / Dongjak,AI소프트웨어학부,School of AI Software,인공지능(AI),Artificial Intelligence(AI),Bachelor's degree,4,Korean 100%,TOPIK 3 or above,March or September,https://sw.ssu.ac.kr/,,,available departments (3).xlsx,Soongsil University,,
No.,대학명,"University
(대학알리미 공시 명칭)","Application
Track",Embassy Track Type,Campus Location,학과명,"Department
(대학알리미 공시 명칭)",학과계열,"Field of Study
(Division)",Degree Program,"Period
(years)",Medium of Instruction,Required TOPIK for Admission after Language Program,Program starts,Website URL for detailed information,Telephone for detailed information,Remarks,available departments (4).xlsx,Sungkyunkwan University,,
1,성균관대학교,Sungkyunkwan University,Embassy Track,A,Humanities&Social Sciences/Seoul,유학・동양학과,Confucian and Oriental Studies,인문,Humanities,Bachelor's degree,4,Korean 100%,TOPIK 4 or above,March or September,https://scos.skku.edu/scos/course/Oriental.do,+82-2-760-0016,"Affiliated College- Humanities 
(Students apply for specific major at the end of the freshmen year, based on the one's interest and academic achievement)",available departments (4).xlsx,Sungkyunkwan University,,
2,성균관대학교,Sungkyunkwan University,Embassy Track,A,Humanities&Social Sciences/Seoul,국어국문학과,Korean Language & Literature,인문,Humanities,Bachelor's degree,4,Korean 100%,TOPIK 4 or above,March or September,https://skb.skku.edu/korean/index.do,+82-2-760-0016,"Affiliated College- Humanities 
(Students apply for specific major at the end of the freshmen year, based on the one's interest and academic achievement)",available departments (4).xlsx,Sungkyunkwan University,,
3,성균관대학교,Sungkyunkwan University,Embassy Track,A,Humanities&Social Sciences/Seoul,영어영문학과,English Language & Literature,인문,Humanities,Bachelor's degree,4,Korean 100%,TOPIK 4 or above,March or September,https://skb.skku.edu/english/index.do,+82-2-760-0016,"Affiliated College- Humanities 
(Students apply for specific major at the end of the freshmen year, based on the one's interest and academic achievement)",available departments (4).xlsx,Sungkyunkwan University,,
4,성균관대학교,Sungkyunkwan University,Embassy Track,A,Humanities&Social Sciences/Seoul,프랑스어문학과,French Language & Literature,인문,Humanities,Bachelor's degree,4,Korean 100%,TOPIK 4 or above,March or September,https://skb.skku.edu/french/index.do,+82-2-760-0016,"Affiliated College- Humanities 
(Students apply for specific major at the end of the freshmen year, based on the one's interest and academic achievement)",available departments (4).xlsx,Sungkyunkwan University,,
5,성균관대학교,Sungkyunkwan University,Embassy Track,A,Humanities&Social Sciences/Seoul,중어중문학과,Chinese Language & Literature,인문,Humanities,Bachelor's degree,4,Korean 100%,TOPIK 4 or above,March or September,https://skb.skku.edu/chinese/index.do,+82-2-760-0016,"Affiliated College- Humanities 
(Students apply for specific major at the end of the freshmen year, based on the one's interest and academic achievement)",available departments (4).xlsx,Sungkyunkwan University,,
6,성균관대학교,Sungkyunkwan University,Embassy Track,A,Humanities&Social Sciences/Seoul,독어독문학과,German Language & Literature,인문,Humanities,Bachelor's degree,4,Korean 100%,TOPIK 4 or above,March or September,https://skb.skku.edu/german/index.do,+82-2-760-0016,"Affiliated College- Humanities 
(Students apply for specific major at the end of the freshmen year, based on the one's interest and academic achievement)",available departments (4).xlsx,Sungkyunkwan University,,
7,성균관대학교,Sungkyunkwan University,Embassy Track,A,Humanities&Social Sciences/Seoul,러시아어문학과,Russian Language & Literature,인문,Humanities,Bachelor's degree,4,Korean 100%,TOPIK 4 or above,March or September,https://russian.skku.edu/russian/index.do,+82-2-760-0016,"Affiliated College- Humanities 
(Students apply for specific major at the end of the freshmen year, based on the one's interest and academic achievement)",available departments (4).xlsx,Sungkyunkwan University,,
8,성균관대학교,Sungkyunkwan University,Embassy Track,A,Humanities&Social Sciences/Seoul,한문학과,Chinese Character,인문,Humanities,Bachelor's degree,4,Korean 100%,TOPIK 4 or above,March or September,https://skb.skku.edu/klcc/index.do,+82-2-760-0016,"Affiliated College- Humanities 
(Students apply for specific major at the end of the freshmen year, based on the one's interest and academic achievement)",available departments (4).xlsx,Sungkyunkwan University,,
9,성균관대학교,Sungkyunkwan University,Embassy Track,A,Humanities&Social Sciences/Seoul,사학과,History,인문,Humanities,Bachelor's degree,4,Korean 100%,TOPIK 4 or above,March or September,https://history.skku.edu/history/index.do,+82-2-760-0016,"Affiliated College- Humanities 
(Students apply for specific major at the end of the freshmen year, based on the one's interest and academic achievement)",available departments (4).xlsx,Sungkyunkwan University,,
10,성균관대학교,Sungkyunkwan University,Embassy Track,A,Humanities&Social Sciences/Seoul,철학과,Philosophy,인문,Humanities,Bachelor's degree,4,Korean 100%,TOPIK 4 or above,March or September,https://skb.skku.edu/philosophy/index.do,+82-2-760-0016,"Affiliated College- Humanities 
(Students apply for specific major at the end of the freshmen year, based on the one's interest and academic achievement)",available departments (4).xlsx,Sungkyunkwan University,,
11,성균관대학교,Sungkyunkwan University,Embassy Track,A,Humanities&Social Sciences/Seoul,문헌정보학과,Library & Information Science,인문,Humanities,Bachelor's degree,4,Korean 100%,TOPIK 4 or above,March or September,https://lis.skku.edu/lis/index.do,+82-2-760-0016,"Affiliated College- Humanities 
(Students apply for specific major at the end of the freshmen year, based on the one's interest and academic achievement)",available departments (4).xlsx,Sungkyunkwan University,,
12,성균관대학교,Sungkyunkwan University,Embassy Track,A,Humanities&Social Sciences/Seoul,행정학과,Public Administration,사회,Social Sciences,Bachelor's degree,4,Korean 100%,TOPIK 4 or above,March or September,https://gsg.skku.edu/gsg/index.do,+82-2-760-0016,"Affiliated College- Social Sciences 
(Students apply for specific major at the end of the freshmen year, based on the one's interest and academic achievement)",available departments (4).xlsx,Sungkyunkwan University,,
13,성균관대학교,Sungkyunkwan University,Embassy Track,A,Humanities&Social Sciences/Seoul,정치외교학과,Political Diplomacy,사회,Social Sciences,Bachelor's degree,4,Korean 100%,TOPIK 4 or above,March or September,https://skb.skku.edu/psd/index.do,+82-2-760-0016,"Affiliated College- Social Sciences 
(Students apply for specific major at the end of the freshmen year, based on the one's interest and academic achievement)",available departments (4).xlsx,Sungkyunkwan University,,
14,성균관대학교,Sungkyunkwan University,Embassy Track,A,Humanities&Social Sciences/Seoul,미디어커뮤니케이션학과,Media & Communication,사회,Social Sciences,Bachelor's degree,4,Korean 100%,TOPIK 4 or above,March or September,https://mediacomm.skku.edu/mediacomm/index.do,+82-2-760-0016,"Affiliated College- Social Sciences 
(Students apply for specific major at the end of the freshmen year, based on the one's interest and academic achievement)",available departments (4).xlsx,Sungkyunkwan University,,
15,성균관대학교,Sungkyunkwan University,Embassy Track,A,Humanities&Social Sciences/Seoul,사회학과,Sociology,사회,Social Sciences,Bachelor's degree,4,Korean 100%,TOPIK 4 or above,March or September,https://soc.skku.edu/soc/index.do,+82-2-760-0016,"Affiliated College- Social Sciences 
(Students apply for specific major at the end of the freshmen year, based on the one's interest and academic achievement)",available departments (4).xlsx,Sungkyunkwan University,,
16,성균관대학교,Sungkyunkwan University,Embassy Track,A,Humanities&Social Sciences/Seoul,사회복지학과,Social Welfare,사회,Social Sciences,Bachelor's degree,4,Korean 100%,TOPIK 4 or above,March or September,https://skb.skku.edu/welfare/index.do,+82-2-760-0016,"Affiliated College- Social Sciences 
(Students apply for specific major at the end of the freshmen year, based on the one's interest and academic achievement)",available departments (4).xlsx,Sungkyunkwan University,,
17,성균관대학교,Sungkyunkwan University,Embassy Track,A,Humanities&Social Sciences/Seoul,심리학과,Psychology,사회,Social Sciences,Bachelor's degree,4,Korean 100%,TOPIK 4 or above,March or September,https://psych.skku.edu/psy/index.do,+82-2-760-0016,"Affiliated College- Social Sciences 
(Students apply for specific major at the end of the freshmen year, based on the one's interest and academic achievement)",available departments (4).xlsx,Sungkyunkwan University,,
18,성균관대학교,Sungkyunkwan University,Embassy Track,A,Humanities&Social Sciences/Seoul,소비자학과,Consumer Science,사회,Social Sciences,Bachelor's degree,4,Korean 100%,TOPIK 4 or above,March or September,https://cf.skku.edu/skkucf/index.do,+82-2-760-0016,"Affiliated College- Social Sciences 
(Students apply for specific major at the end of the freshmen year, based on the one's interest and academic achievement)",available departments (4).xlsx,Sungkyunkwan University,,
19,성균관대학교,Sungkyunkwan University,Embassy Track,A,Humanities&Social Sciences/Seoul,아동・청소년학과,Child Psychology and Education,사회,Social Sciences,Bachelor's degree,4,Korean 100%,TOPIK 4 or above,March or September,http://child.skku.edu/,+82-2-760-0016,"Affiliated College- Social Sciences 
(Students apply for specific major at the end of the freshmen year, based on the one's interest and academic achievement)",available departments (4).xlsx,Sungkyunkwan University,,
20,성균관대학교,Sungkyunkwan University,Embassy Track,A,Humanities&Social Sciences/Seoul,경제학과,Economics,사회,Social Sciences,Bachelor's degree,4,Korean 100%,TOPIK 4 or above,March or September,https://ecostat.skku.edu/ecostat/index.do,+82-2-760-0016,"Affiliated College- Social Sciences 
(Students apply for specific major at the end of the freshmen year, based on the one's interest and academic achievement)",available departments (4).xlsx,Sungkyunkwan University,,
21,성균관대학교,Sungkyunkwan University,Embassy Track,A,Humanities&Social Sciences/Seoul,통계학과,Statistics,자연,Natural Sciences,Bachelor's degree,4,Korean 100%,TOPIK 4 or above,March or September,https://stat.skku.edu/stat/index.do,+82-2-760-0016,"Affiliated College- Social Sciences 
(Students apply for specific major at the end of the freshmen year, based on the one's interest and academic achievement)",available departments (4).xlsx,Sungkyunkwan University,,
22,성균관대학교,Sungkyunkwan University,Embassy Track,A,Humanities&Social Sciences/Seoul,경영학과,Business Administration,사회,Social Sciences,Bachelor's degree,4,Korean 100%,TOPIK 4 or above,March or September,https://skb.skku.edu/bus/index.do,+82-2-760-0016,,available departments (4).xlsx,Sungkyunkwan University,,
23,성균관대학교,Sungkyunkwan University,Embassy Track,A,Humanities&Social Sciences/Seoul,영상학과,Visual Media & Art,예체능,Arts & Sports,Bachelor's degree,4,Korean 100%,TOPIK 4 or above,March or September,https://ott.skku.edu/ftm-skku-edu/ftm-skku-edu,+82-2-760-0016,,available departments (4).xlsx,Sungkyunkwan University,,
24,성균관대학교,Sungkyunkwan University,Embassy Track,A,Humanities&Social Sciences/Seoul,의상학과,Dressmaking,자연,Natural Sciences,Bachelor's degree,4,Korean 100%,TOPIK 4 or above,March or September,https://fashion.skku.edu/fashion/index.do,+82-2-760-0016,,available departments (4).xlsx,Sungkyunkwan University,,
25,성균관대학교,Sungkyunkwan University,Embassy Track,A,"Natural Sciences/Gyeonggi, Suwon",생명과학과,Life Science,자연,Natural Sciences,Bachelor's degree,4,Korean 100%,TOPIK 4 or above,March or September,http://bio.skku.edu/,+82-2-760-0016,"Affiliated College- Natural Sciences 
(Students apply for specific major at the end of the freshmen year, based on the one's interest and academic achievement)",available departments (4).xlsx,Sungkyunkwan University,,
26,성균관대학교,Sungkyunkwan University,Embassy Track,A,"Natural Sciences/Gyeonggi, Suwon",수학과,Mathematics,자연,Natural Sciences,Bachelor's degree,4,Korean 100%,TOPIK 4 or above,March or September,https://math.skku.edu/math/index.do,+82-2-760-0016,"Affiliated College- Natural Sciences 
(Students apply for specific major at the end of the freshmen year, based on the one's interest and academic achievement)",available departments (4).xlsx,Sungkyunkwan University,,
27,성균관대학교,Sungkyunkwan University,Embassy Track,A,"Natural Sciences/Gyeonggi, Suwon",물리학과,Physics,자연,Natural Sciences,Bachelor's degree,4,Korean 100%,TOPIK 4 or above,March or September,https://skb.skku.edu/physics/index.do,+82-2-760-0016,"Affiliated College- Natural Sciences 
(Students apply for specific major at the end of the freshmen year, based on the one's interest and academic achievement)",available departments (4).xlsx,Sungkyunkwan University,,
28,성균관대학교,Sungkyunkwan University,Embassy Track,A,"Natural Sciences/Gyeonggi, Suwon",화학과,Chemistry,자연,Natural Sciences,Bachelor's degree,4,Korean 100%,TOPIK 4 or above,March or September,https://chem.skku.edu/chem/index.do,+82-2-760-0016,"Affiliated College- Natural Sciences 
(Students apply for specific major at the end of the freshmen year, based on the one's interest and academic achievement)",available departments (4).xlsx,Sungkyunkwan University,,
29,성균관대학교,Sungkyunkwan University,Embassy Track,A,"Natural Sciences/Gyeonggi, Suwon",식품생명공학과,Food Life Engineering,공학,Engineering,Bachelor's degree,4,Korean 100%,TOPIK 4 or above,March or September,https://skb.skku.edu/foodlife/index.do,+82-2-760-0016,"Affiliated College- Natural Sciences 
(Students apply for specific major at the end of the freshmen year, based on the one's interest and academic achievement)",available departments (4).xlsx,Sungkyunkwan University,,
30,성균관대학교,Sungkyunkwan University,Embassy Track,A,"Natural Sciences/Gyeonggi, Suwon",바이오메카트로닉스학과,Biomechatronic Engineering,공학,Engineering,Bachelor's degree,4,Korean 100%,TOPIK 4 or above,March or September,https://skb.skku.edu/biomecha/index.do,+82-2-760-0016,"Affiliated College- Natural Sciences 
(Students apply for specific major at the end of the freshmen year, based on the one's interest and academic achievement)",available departments (4).xlsx,Sungkyunkwan University,,
31,성균관대학교,Sungkyunkwan University,Embassy Track,A,"Natural Sciences/Gyeonggi, Suwon",융합생명공학과,Integrative Biotechnology,자연,Natural Sciences,Bachelor's degree,4,Korean 100%,TOPIK 4 or above,March or September,https://skb.skku.edu/gene/index.do,+82-2-760-0016,"Affiliated College- Natural Sciences 
(Students apply for specific major at the end of the freshmen year, based on the one's interest and academic achievement)",available departments (4).xlsx,Sungkyunkwan University,,
32,성균관대학교,Sungkyunkwan University,Embassy Track,A,"Natural Sciences/Gyeonggi, Suwon",화학공학부,Chemical Engineering,공학,Engineering,Bachelor's degree,4,Korean 100%,TOPIK 4 or above,March or September,https://cheme.skku.edu/,+82-2-760-0016,"Affiliated College- Engineering 
(Students apply for specific major at the end of the freshmen year, based on the one's interest and academic achievement)",available departments (4).xlsx,Sungkyunkwan University,,
33,성균관대학교,Sungkyunkwan University,Embassy Track,A,"Natural Sciences/Gyeonggi, Suwon",신소재공학부,New Materials Engineering,공학,Engineering,Bachelor's degree,4,Korean 100%,TOPIK 4 or above,March or September,https://amse.skku.edu/AMSE/index.do,+82-2-760-0016,"Affiliated College- Engineering 
(Students apply for specific major at the end of the freshmen year, based on the one's interest and academic achievement)",available departments (4).xlsx,Sungkyunkwan University,,
34,성균관대학교,Sungkyunkwan University,Embassy Track,A,"Natural Sciences/Gyeonggi, Suwon",기계공학부,Mechanical Engineering,공학,Engineering,Bachelor's degree,4,Korean 100%,TOPIK 4 or above,March or September,https://mech.skku.edu/me/index.do,+82-2-760-0016,"Affiliated College- Engineering 
(Students apply for specific major at the end of the freshmen year, based on the one's interest and academic achievement)",available departments (4).xlsx,Sungkyunkwan University,,
35,성균관대학교,Sungkyunkwan University,Embassy Track,A,"Natural Sciences/Gyeonggi, Suwon",건설환경공학부,Environmental Construction Engineering,공학,Engineering,Bachelor's degree,4,Korean 100%,TOPIK 4 or above,March or September,http://cal.skku.edu/,+82-2-760-0016,"Affiliated College- Engineering 
(Students apply for specific major at the end of the freshmen year, based on the one's interest and academic achievement)",available departments (4).xlsx,Sungkyunkwan University,,
36,성균관대학교,Sungkyunkwan University,Embassy Track,A,"Natural Sciences/Gyeonggi, Suwon",나노공학과,Nanotechnology,공학,Engineering,Bachelor's degree,4,Korean 100%,TOPIK 4 or above,March or September,http://nano.skku.edu/,+82-2-760-0016,"Affiliated College- Engineering 
(Students apply for specific major at the end of the freshmen year, based on the one's interest and academic achievement)",available departments (4).xlsx,Sungkyunkwan University,,
37,성균관대학교,Sungkyunkwan University,Embassy Track,A,"Natural Sciences/Gyeonggi, Suwon",시스템경영공학과,Systems Management Engineering,공학,Engineering,Bachelor's degree,4,Korean 100%,TOPIK 4 or above,March or September,https://sme.skku.edu/iesys/index.do,+82-2-760-0016,"Affiliated College- Engineering 
(Students apply for specific major at the end of the freshmen year, based on the one's interest and academic achievement)",available departments (4).xlsx,Sungkyunkwan University,,
38,성균관대학교,Sungkyunkwan University,Embassy Track,A,"Natural Sciences/Gyeonggi, Suwon",전자전기정보공학부,Electrical & Computer Engineering,공학,Engineering,Bachelor's degree,4,Korean 100%,TOPIK 4 or above,March or September,https://eee.skku.edu/eee/index.do,+82-2-760-0016,,available departments (4).xlsx,Sungkyunkwan University,,
39,성균관대학교,Sungkyunkwan University,Embassy Track,A,"Natural Sciences/Gyeonggi, Suwon",컴퓨터공학과,Computer Science & Engineering,공학,Engineering,Bachelor's degree,4,Korean/English,TOPIK 4 or above,March or September,https://cse.skku.edu/cse/index.do,+82-2-760-0016,,available departments (4).xlsx,Sungkyunkwan University,,
No.,대학명,"University
(대학알리미 공시 명칭)","Application
Track",Embassy Track Type,Campus Location,학과명,"Department
(대학알리미 공시 명칭)",학과계열,"Field of Study
(Division)",Degree Program,"Period
(years)",Medium of Instruction,Required TOPIK for Admission after Language Program,Program starts,Website URL for detailed information,Telephone for detailed information,Remarks,available departments (5).xlsx,Sungshin Women's University,,
1,성신여자대학교,Sungshin Women's University,Embassy Track,A,Seoul,국제학부(뷰티·패션디자인전공),International School of Korean Culture and Technology(Beauty and Fashion Design Major),예체능,Arts & Sports,Bachelor's degree,4,English 100%,"Students must meet both of the following language requirements:
1. TOPIK 3 or above
2. IELTS 5.5 or above, or TOEFL iBT 3.5 or above",March or September,https://www.sungshin.ac.kr/siie_kor/20424/subview.do,+82-2-920-7994,International School exclusively for foreign students,available departments (5).xlsx,Sungshin Women's University,,
2,성신여자대학교,Sungshin Women's University,Embassy Track,A,Seoul,국제학부(글로벌한국학전공-K-컬처 앤 엔터 트랙),International School of Korean Culture and Technology(Global Korean Studies Major - K-Culture and Entertainmen Track),인문,Humanities,Bachelor's degree,4,English 100%,"Students must meet both of the following language requirements:
1. TOPIK 3 or above
2. IELTS 5.5 or above, or TOEFL iBT 3.5 or above",March or September,https://www.sungshin.ac.kr/siie_kor/20424/subview.do,+82-2-920-7994,International School exclusively for foreign students,available departments (5).xlsx,Sungshin Women's University,,
3,성신여자대학교,Sungshin Women's University,Embassy Track,A,Seoul,국제학부(글로벌한국학전공-한국어교육 트랙),International School of Korean Culture and Technology(Global Korean Studies Major - Korean Education Track),인문,Humanities,Bachelor's degree,4,Korean 100%,TOPIK 3 or above,March or September,https://www.sungshin.ac.kr/siie_kor/20424/subview.do,+82-2-920-7994,International School exclusively for foreign students,available departments (5).xlsx,Sungshin Women's University,,
4,성신여자대학교,Sungshin Women's University,Embassy Track,A,Seoul,국어국문학과,Korean Language and Literature,인문,Humanities,Bachelor's degree,4,Korean 100%,TOPIK 3 or above,March or September,https://www.sungshin.ac.kr/sites/korean/index.do,+82-2-920-7994,Open to female applicants only,available departments (5).xlsx,Sungshin Women's University,,
5,성신여자대학교,Sungshin Women's University,Embassy Track,A,Seoul,영어영문학과,English Language and Literature,인문,Humanities,Bachelor's degree,4,Korean 100%,TOPIK 3 or above,March or September,https://www.sungshin.ac.kr/sites/english/index.do,+82-2-920-7994,Open to female applicants only,available departments (5).xlsx,Sungshin Women's University,,
6,성신여자대학교,Sungshin Women's University,Embassy Track,A,Seoul,독일어문·문화학과,"German Language, Literature, and Culture",인문,Humanities,Bachelor's degree,4,Korean 100%,TOPIK 3 or above,March or September,https://www.sungshin.ac.kr/sites/german/index.do,+82-2-920-7994,Open to female applicants only,available departments (5).xlsx,Sungshin Women's University,,
7,성신여자대학교,Sungshin Women's University,Embassy Track,A,Seoul,프랑스어문·문화학과,"French Language, Literature, and Culture",인문,Humanities,Bachelor's degree,4,Korean 100%,TOPIK 3 or above,March or September,https://www.sungshin.ac.kr/sites/france/index.do,+82-2-920-7994,Open to female applicants only,available departments (5).xlsx,Sungshin Women's University,,
8,성신여자대학교,Sungshin Women's University,Embassy Track,A,Seoul,일본어문·문화학과,"Japanese Language, Literature, and Culture",인문,Humanities,Bachelor's degree,4,Korean 100%,TOPIK 3 or above,March or September,https://www.sungshin.ac.kr/sites/japanese/index.do,+82-2-920-7994,Open to female applicants only,available departments (5).xlsx,Sungshin Women's University,,
9,성신여자대학교,Sungshin Women's University,Embassy Track,A,Seoul,중국어문·문화학과,"Chinese Language, Literature, and Culture",인문,Humanities,Bachelor's degree,4,Korean 100%,TOPIK 3 or above,March or September,https://www.sungshin.ac.kr/sites/chinese/index.do,+82-2-920-7994,Open to female applicants only,available departments (5).xlsx,Sungshin Women's University,,
10,성신여자대학교,Sungshin Women's University,Embassy Track,A,Seoul,사학과,History,사회,Social Sciences,Bachelor's degree,4,Korean 100%,TOPIK 3 or above,March or September,https://www.sungshin.ac.kr/sites/history/index.do,+82-2-920-7994,Open to female applicants only,available departments (5).xlsx,Sungshin Women's University,,
11,성신여자대학교,Sungshin Women's University,Embassy Track,A,Seoul,문화예술경영학과,Culture & Art Management ,예체능,Arts & Sports,Bachelor's degree,4,Korean 100%,TOPIK 3 or above,March or September,https://www.sungshin.ac.kr/sites/cultureart/index.do,+82-2-920-7994,Open to female applicants only,available departments (5).xlsx,Sungshin Women's University,,
12,성신여자대학교,Sungshin Women's University,Embassy Track,A,Seoul,미디어영상연기학과,Acting for Visual Media,예체능,Arts & Sports,Bachelor's degree,4,Korean 100%,TOPIK 3 or above,March or September,https://www.sungshin.ac.kr/sites/vmacting/index.do,+82-2-920-7994,Open to female applicants only,available departments (5).xlsx,Sungshin Women's University,,
13,성신여자대학교,Sungshin Women's University,Embassy Track,A,Seoul,현대실용음악학과,Contemporary Music,예체능,Arts & Sports,Bachelor's degree,4,Korean 100%,TOPIK 3 or above,March or September,https://www.sungshin.ac.kr/sites/ctpmusic/index.do,+82-2-920-7994,Open to female applicants only,available departments (5).xlsx,Sungshin Women's University,,
14,성신여자대학교,Sungshin Women's University,Embassy Track,A,Seoul,무용예술학과,Dance Art,예체능,Arts & Sports,Bachelor's degree,4,Korean 100%,TOPIK 3 or above,March or September,https://www.sungshin.ac.kr/sites/danceart/index.do,+82-2-920-7994,Open to female applicants only,available departments (5).xlsx,Sungshin Women's University,,
15,성신여자대학교,Sungshin Women's University,Embassy Track,A,Seoul,정치외교학과,Political Science and Diplomacy ,사회,Social Sciences,Bachelor's degree,4,Korean 100%,TOPIK 3 or above,March or September,https://www.sungshin.ac.kr/sites/politics/index.do,+82-2-920-7994,Open to female applicants only,available departments (5).xlsx,Sungshin Women's University,,
16,성신여자대학교,Sungshin Women's University,Embassy Track,A,Seoul,심리학과,Psychology,사회,Social Sciences,Bachelor's degree,4,Korean 100%,TOPIK 3 or above,March or September,https://www.sungshin.ac.kr/sites/psy/index.do,+82-2-920-7994,Open to female applicants only,available departments (5).xlsx,Sungshin Women's University,,
17,성신여자대학교,Sungshin Women's University,Embassy Track,A,Seoul,지리학과,Geography,사회,Social Sciences,Bachelor's degree,4,Korean 100%,TOPIK 3 or above,March or September,https://www.sungshin.ac.kr/sites/geographic/index.do,+82-2-920-7994,Open to female applicants only,available departments (5).xlsx,Sungshin Women's University,,
18,성신여자대학교,Sungshin Women's University,Embassy Track,A,Seoul,경제학과,Economics,사회,Social Sciences,Bachelor's degree,4,Korean 100%,TOPIK 3 or above,March or September,https://www.sungshin.ac.kr/sites/economic/index.do,+82-2-920-7994,Open to female applicants only,available departments (5).xlsx,Sungshin Women's University,,
19,성신여자대학교,Sungshin Women's University,Embassy Track,A,Seoul,미디어커뮤니케이션학과,Media Communication ,사회,Social Sciences,Bachelor's degree,4,Korean 100%,TOPIK 3 or above,March or September,https://www.sungshin.ac.kr/sites/mediacomm/index.do,+82-2-920-7994,Open to female applicants only,available departments (5).xlsx,Sungshin Women's University,,
20,성신여자대학교,Sungshin Women's University,Embassy Track,A,Seoul,경영학과,Business Administration,사회,Social Sciences,Bachelor's degree,4,Korean 100%,TOPIK 3 or above,March or September,https://www.sungshin.ac.kr/sites/bizadm/index.do,+82-2-920-7994,Open to female applicants only,available departments (5).xlsx,Sungshin Women's University,,
21,성신여자대학교,Sungshin Women's University,Embassy Track,A,Seoul,사회복지학과,Social Welfare ,사회,Social Sciences,Bachelor's degree,4,Korean 100%,TOPIK 3 or above,March or September,https://www.sungshin.ac.kr/sites/welfare/index.do,+82-2-920-7994,Open to female applicants only,available departments (5).xlsx,Sungshin Women's University,,
22,성신여자대학교,Sungshin Women's University,Embassy Track,A,Seoul,법학부,School of Law,사회,Social Sciences,Bachelor's degree,4,Korean 100%,TOPIK 3 or above,March or September,https://www.sungshin.ac.kr/lawdean/index.do,+82-2-920-7994,Open to female applicants only,available departments (5).xlsx,Sungshin Women's University,,
23,성신여자대학교,Sungshin Women's University,Embassy Track,A,Seoul,수리통계데이터사이언스학부(수학/핀테크전공),"School of Mathematics, Statistics and Data Science(Mathematics/Financial Technology Major)",자연,Natural Sciences,Bachelor's degree,4,Korean 100%,TOPIK 3 or above,March or September,https://www.sungshin.ac.kr/sites/math-statistics/index.do,+82-2-920-7994,Open to female applicants only,available departments (5).xlsx,Sungshin Women's University,,
24,성신여자대학교,Sungshin Women's University,Embassy Track,A,Seoul,수리통계데이터사이언스학부(통계학/빅데이터사이언스전공),"School of Mathematics, Statistics and Data Science(Statistics/Big Data Science Major)",자연,Natural Sciences,Bachelor's degree,4,Korean 100%,TOPIK 3 or above,March or September,https://www.sungshin.ac.kr/sites/math-statistics/index.do,+82-2-920-7994,Open to female applicants only,available departments (5).xlsx,Sungshin Women's University,,
25,성신여자대학교,Sungshin Women's University,Embassy Track,A,Seoul,화학·에너지융합학부(화학/스마트에너지전공),School of Chemistry and Energy(Chemistry/Smart Energy Major),자연,Natural Sciences,Bachelor's degree,4,Korean 100%,TOPIK 3 or above,March or September,https://www.sungshin.ac.kr/sites/chem-energy/index.do,+82-2-920-7994,Open to female applicants only,available departments (5).xlsx,Sungshin Women's University,,
26,성신여자대학교,Sungshin Women's University,Embassy Track,A,Seoul,바이오헬스융합학부(바이오헬스서비스/식품영양학전공),School of Bio-Health Convergence(Bio-Health Service/Food and Nutrition Major),자연,Natural Sciences,Bachelor's degree,4,Korean 100%,TOPIK 3 or above,March or September,https://www.sungshin.ac.kr/sites/biohealth/index.do,+82-2-920-7994,Open to female applicants only,available departments (5).xlsx,Sungshin Women's University,,
27,성신여자대학교,Sungshin Women's University,Embassy Track,A,Seoul,청정신소재공학과,Environment & New Materials Engineering,공학,Engineering,Bachelor's degree,4,Korean 100%,TOPIK 3 or above,March or September,https://www.sungshin.ac.kr/eng/11754/subview.do,+82-2-920-7994,Open to female applicants only,available departments (5).xlsx,Sungshin Women's University,,
28,성신여자대학교,Sungshin Women's University,Embassy Track,A,Seoul,바이오식품공학과,Food Science and Biotechnology,공학,Engineering,Bachelor's degree,4,Korean 100%,TOPIK 3 or above,March or September,https://www.sungshin.ac.kr/sites/bif/index.do,+82-2-920-7994,Open to female applicants only,available departments (5).xlsx,Sungshin Women's University,,
29,성신여자대학교,Sungshin Women's University,Embassy Track,A,Seoul,바이오신약의과학부(생명공학/바이오신약/글로벌의과학전공),"School of Biopharmaceutical and Medical Sciences
(Biotechnology/Biopharmaceutical Science/Global Medical Science Major)",자연,Natural Sciences,Bachelor's degree,4,Korean 100%,TOPIK 3 or above,March or September,https://www.sungshin.ac.kr/sites/biopharm/index.do,+82-2-920-7994,Open to female applicants only,available departments (5).xlsx,Sungshin Women's University,,
30,성신여자대학교,Sungshin Women's University,Embassy Track,A,Seoul,AI융합학과,AI Convergence,인공지능(AI),Artificial Intelligence(AI),Bachelor's degree,4,Korean 100%,TOPIK 3 or above,March or September,https://www.sungshin.ac.kr/sites/aiot/index.do,+82-2-920-7994,Open to female applicants only,available departments (5).xlsx,Sungshin Women's University,,
31,성신여자대학교,Sungshin Women's University,Embassy Track,A,Seoul,융합AI반도체공학과,Convergence AI and Semiconductor Engineering,인공지능(AI),Artificial Intelligence(AI),Bachelor's degree,4,Korean 100%,TOPIK 3 or above,March or September,https://www.sungshin.ac.kr/sites/aiot/index.do,+82-2-920-7994,Open to female applicants only,available departments (5).xlsx,Sungshin Women's University,,
32,성신여자대학교,Sungshin Women's University,Embassy Track,A,Seoul,컴퓨터공학과,Computer Engineering,공학,Engineering,Bachelor's degree,4,Korean 100%,TOPIK 3 or above,March or September,https://www.sungshin.ac.kr/sites/ce/index.do,+82-2-920-7994,Open to female applicants only,available departments (5).xlsx,Sungshin Women's University,,
33,성신여자대학교,Sungshin Women's University,Embassy Track,A,Seoul,융합보안공학과,Convergence Security Engineering,공학,Engineering,Bachelor's degree,4,Korean 100%,TOPIK 3 or above,March or September,https://www.sungshin.ac.kr/sites/cse/index.do,+82-2-920-7994,Open to female applicants only,available departments (5).xlsx,Sungshin Women's University,,
34,성신여자대학교,Sungshin Women's University,Embassy Track,A,Seoul,서비스디자인공학과,Services and Design Engineering,공학,Engineering,Bachelor's degree,4,Korean 100%,TOPIK 3 or above,March or September,https://www.sungshin.ac.kr/sites/serdesign/index.do,+82-2-920-7994,Open to female applicants only,available departments (5).xlsx,Sungshin Women's University,,
35,성신여자대학교,Sungshin Women's University,Embassy Track,A,Seoul,간호학과,Nursing Science,자연,Natural Sciences,Bachelor's degree,4,Korean 100%,TOPIK 3 or above,March or September,https://www.sungshin.ac.kr/sites/nurse/index.do,+82-2-920-7994,Open to female applicants only,available departments (5).xlsx,Sungshin Women's University,,
36,성신여자대학교,Sungshin Women's University,Embassy Track,A,Seoul,의류산업학과,Fashion Industry,사회,Social Sciences,Bachelor's degree,4,Korean 100%,TOPIK 3 or above,March or September,https://www.sungshin.ac.kr/sites/insbeauty/index.do,+82-2-920-7994,Open to female applicants only,available departments (5).xlsx,Sungshin Women's University,,
37,성신여자대학교,Sungshin Women's University,Embassy Track,A,Seoul,소비자산업학과,Consumer Science Industry,사회,Social Sciences,Bachelor's degree,4,Korean 100%,TOPIK 3 or above,March or September,https://www.sungshin.ac.kr/sites/family/index.do,+82-2-920-7994,Open to female applicants only,available departments (5).xlsx,Sungshin Women's University,,
38,성신여자대학교,Sungshin Women's University,Embassy Track,A,Seoul,뷰티산업학과,Beauty Industry,예체능,Arts & Sports,Bachelor's degree,4,Korean 100%,TOPIK 3 or above,March or September,https://www.sungshin.ac.kr/sites/insbeauty/index.do,+82-2-920-7994,Open to female applicants only,available departments (5).xlsx,Sungshin Women's University,,
39,성신여자대학교,Sungshin Women's University,Embassy Track,A,Seoul,스포츠과학부(스포츠레저전공),School of Sports and Science(Sports and Leisure Major),예체능,Arts & Sports,Bachelor's degree,4,Korean 100%,TOPIK 3 or above,March or September,https://www.sungshin.ac.kr/sites/sportsscience/index.do,+82-2-920-7994,Open to female applicants only,available departments (5).xlsx,Sungshin Women's University,,
40,성신여자대학교,Sungshin Women's University,Embassy Track,A,Seoul,스포츠과학부(운동재활전공),School of Sports and Science(Exercise Rehabilitation Major),예체능,Arts & Sports,Bachelor's degree,4,Korean 100%,TOPIK 3 or above,March or September,https://www.sungshin.ac.kr/sites/sportsscience/index.do,+82-2-920-7994,Open to female applicants only,available departments (5).xlsx,Sungshin Women's University,,
41,성신여자대학교,Sungshin Women's University,Embassy Track,A,Seoul,교육학과,Education,교육,Education,Bachelor's degree,4,Korean 100%,TOPIK 3 or above,March or September,https://www.sungshin.ac.kr/sites/education/index.do,+82-2-920-7994,Open to female applicants only,available departments (5).xlsx,Sungshin Women's University,,
42,성신여자대학교,Sungshin Women's University,Embassy Track,A,Seoul,사회교육과,Social Studies Education,교육,Education,Bachelor's degree,4,Korean 100%,TOPIK 3 or above,March or September,https://www.sungshin.ac.kr/sites/edusociety/index.do,+82-2-920-7994,Open to female applicants only,available departments (5).xlsx,Sungshin Women's University,,
43,성신여자대학교,Sungshin Women's University,Embassy Track,A,Seoul,윤리교육과,Ethics Education,교육,Education,Bachelor's degree,4,Korean 100%,TOPIK 3 or above,March or September,https://www.sungshin.ac.kr/sites/eduethics/index.do,+82-2-920-7994,Open to female applicants only,available departments (5).xlsx,Sungshin Women's University,,
44,성신여자대학교,Sungshin Women's University,Embassy Track,A,Seoul,한문교육과,Chinese Classics Education,교육,Education,Bachelor's degree,4,Korean 100%,TOPIK 3 or above,March or September,https://www.sungshin.ac.kr/sites/educhinese/index.do,+82-2-920-7994,Open to female applicants only,available departments (5).xlsx,Sungshin Women's University,,
45,성신여자대학교,Sungshin Women's University,Embassy Track,A,Seoul,유아교육과,Early Childhood Education,교육,Education,Bachelor's degree,4,Korean 100%,TOPIK 3 or above,March or September,https://www.sungshin.ac.kr/sites/edukids/index.do,+82-2-920-7994,Open to female applicants only,available departments (5).xlsx,Sungshin Women's University,,
46,성신여자대학교,Sungshin Women's University,Embassy Track,A,Seoul,동양화과,Oriental Painting,예체능,Arts & Sports,Bachelor's degree,4,Korean 100%,TOPIK 3 or above,March or September,https://www.sungshin.ac.kr/sites/orient/index.do,+82-2-920-7994,Open to female applicants only,available departments (5).xlsx,Sungshin Women's University,,
47,성신여자대학교,Sungshin Women's University,Embassy Track,A,Seoul,서양화과,Western Painting,예체능,Arts & Sports,Bachelor's degree,4,Korean 100%,TOPIK 3 or above,March or September,https://www.sungshin.ac.kr/sites/western/index.do,+82-2-920-7994,Open to female applicants only,available departments (5).xlsx,Sungshin Women's University,,
48,성신여자대학교,Sungshin Women's University,Embassy Track,A,Seoul,조소과,Sculpture,예체능,Arts & Sports,Bachelor's degree,4,Korean 100%,TOPIK 3 or above,March or September,https://www.sungshin.ac.kr/sites/carving/index.do,+82-2-920-7994,Open to female applicants only,available departments (5).xlsx,Sungshin Women's University,,
49,성신여자대학교,Sungshin Women's University,Embassy Track,A,Seoul,공예과,Crafts,예체능,Arts & Sports,Bachelor's degree,4,Korean 100%,TOPIK 3 or above,March or September,https://www.sungshin.ac.kr/sites/crafts/index.do,+82-2-920-7994,Open to female applicants only,available departments (5).xlsx,Sungshin Women's University,,
50,성신여자대학교,Sungshin Women's University,Embassy Track,A,Seoul,디자인과,Desgin,예체능,Arts & Sports,Bachelor's degree,4,Korean 100%,TOPIK 3 or above,March or September,https://www.sungshin.ac.kr/sites/design/index.do,+82-2-920-7994,Open to female applicants only,available departments (5).xlsx,Sungshin Women's University,,
51,성신여자대학교,Sungshin Women's University,Embassy Track,A,Seoul,성악과,Vocal Music,예체능,Arts & Sports,Bachelor's degree,4,Korean 100%,TOPIK 3 or above,March or September,https://www.sungshin.ac.kr/vocal/index.do,+82-2-920-7994,Open to female applicants only,available departments (5).xlsx,Sungshin Women's University,,
52,성신여자대학교,Sungshin Women's University,Embassy Track,A,Seoul,기악과,Instrumental Music,예체능,Arts & Sports,Bachelor's degree,4,Korean 100%,TOPIK 3 or above,March or September,https://www.sungshin.ac.kr/instrumental/index.do,+82-2-920-7994,Open to female applicants only,available departments (5).xlsx,Sungshin Women's University,,
53,성신여자대학교,Sungshin Women's University,Embassy Track,A,Seoul,작곡과,Composition,예체능,Arts & Sports,Bachelor's degree,4,Korean 100%,TOPIK 3 or above,March or September,https://www.sungshin.ac.kr/composition/index.do,+82-2-920-7994,Open to female applicants only,available departments (5).xlsx,Sungshin Women's University,,
No.,대학명,"University
(대학알리미 공시 명칭)","Application
Track",Embassy Track Type,Campus Location,학과명,"Department
(대학알리미 공시 명칭)",학과계열,"Field of Study
(Division)",Degree Program,"Period
(years)",Medium of Instruction,Required TOPIK for Admission after Language Program,Program starts,Website URL for detailed information,Telephone for detailed information,Remarks,available departments (6).xlsx,The Catholic University Of Kore,,
1,가톨릭대학교,The Catholic University Of Korea,Embassy Track,A,"Bucheon-si, /Gyeonggi-do",국어국문학과,Korean Language & Literature,인문사회,Humanities and social science,bachelor's degree,4,Korean 100%,TOPIK 3 or above,March or September,https://korean.catholic.ac.kr/korean/index.do,82-2-2164-4823,,available departments (6).xlsx,The Catholic University Of Kore,,
2,가톨릭대학교,The Catholic University Of Korea,Embassy Track,A,"Bucheon-si, /Gyeonggi-do",철학과,Philosophy,인문사회,Humanities and social science,bachelor's degree,4,Korean 100%,TOPIK 3 or above,March or September,https://philosophy.catholic.ac.kr/philosophy/index.do,82-2-2164-4823,,available departments (6).xlsx,The Catholic University Of Kore,,
3,가톨릭대학교,The Catholic University Of Korea,Embassy Track,A,"Bucheon-si, /Gyeonggi-do",국사학과,Korean History,인문사회,Humanities and social science,bachelor's degree,4,Korean 100%,TOPIK 3 or above,March or September,https://koreanhistory.catholic.ac.kr/koreanhistory/index.do,82-2-2164-4823,,available departments (6).xlsx,The Catholic University Of Kore,,
4,가톨릭대학교,The Catholic University Of Korea,Embassy Track,A,"Bucheon-si, /Gyeonggi-do",영어영문학부,English Language & Literature,인문사회,Humanities and social science,bachelor's degree,4,Korean 100%,TOPIK 3 or above,March or September,https://english.catholic.ac.kr/english/index.do,82-2-2164-4823,,available departments (6).xlsx,The Catholic University Of Kore,,
5,가톨릭대학교,The Catholic University Of Korea,Embassy Track,A,"Bucheon-si, /Gyeonggi-do",중국언어문화학과,Chinese Language & Culture,인문사회,Humanities and social science,bachelor's degree,4,Korean 100%,TOPIK 3 or above,March or September,https://cn.catholic.ac.kr/cn/index.do,82-2-2164-4823,,available departments (6).xlsx,The Catholic University Of Kore,,
6,가톨릭대학교,The Catholic University Of Korea,Embassy Track,A,"Bucheon-si, /Gyeonggi-do",일어일본문화학과,Japanese Language & Culture,인문사회,Humanities and social science,bachelor's degree,4,Korean 100%,TOPIK 3 or above,March or September,https://japanese.catholic.ac.kr/japanese/index.do,82-2-2164-4823,,available departments (6).xlsx,The Catholic University Of Kore,,
7,가톨릭대학교,The Catholic University Of Korea,Embassy Track,A,"Bucheon-si, /Gyeonggi-do",프랑스어문화학과,French Language and Culture,인문사회,Humanities and social science,bachelor's degree,4,Korean 100%,TOPIK 3 or above,March or September,https://french.catholic.ac.kr/french/index.do,82-2-2164-4823,,available departments (6).xlsx,The Catholic University Of Kore,,
8,가톨릭대학교,The Catholic University Of Korea,Embassy Track,A,"Bucheon-si, /Gyeonggi-do",사회복지학과,Social Welfare,인문사회,Humanities and social sciences,bachelor's degree,4,Korean 100%,TOPIK 3 or above,March or September,https://socialwelfare.catholic.ac.kr/socialwelfare/index.do,82-2-2164-4823,,available departments (6).xlsx,The Catholic University Of Kore,,
9,가톨릭대학교,The Catholic University Of Korea,Embassy Track,A,"Bucheon-si, /Gyeonggi-do",심리학과,Psychology,인문사회,Humanities and social sciences,bachelor's degree,4,Korean 100%,TOPIK 3 or above,March or September,https://psychology.catholic.ac.kr/psychology/index.do,82-2-2164-4823,,available departments (6).xlsx,The Catholic University Of Kore,,
10,가톨릭대학교,The Catholic University Of Korea,Embassy Track,A,"Bucheon-si, /Gyeonggi-do",사회학과,Sociology,인문사회,Humanities and social sciences,bachelor's degree,4,Korean 100%,TOPIK 3 or above,March or September,https://sociology.catholic.ac.kr/sociology/index.do,82-2-2164-4823,,available departments (6).xlsx,The Catholic University Of Kore,,
11,가톨릭대학교,The Catholic University Of Korea,Embassy Track,A,"Bucheon-si, /Gyeonggi-do",경영학과,Business Administration,인문사회,Humanities and social sciences,bachelor's degree,4,Korean 100%,TOPIK 3 or above,March or September,https://business.catholic.ac.kr/business/index.do,82-2-2164-4823,,available departments (6).xlsx,The Catholic University Of Kore,,
12,가톨릭대학교,The Catholic University Of Korea,Embassy Track,A,"Bucheon-si, /Gyeonggi-do",회계학과,Accounting,인문사회,Humanities and social sciences,bachelor's degree,4,Korean 100%,TOPIK 3 or above,March or September,https://accounting.catholic.ac.kr/accounting/index.do,82-2-2164-4823,,available departments (6).xlsx,The Catholic University Of Kore,,
13,가톨릭대학교,The Catholic University Of Korea,Embassy Track,A,"Bucheon-si, /Gyeonggi-do",국제학부,International Studies,인문사회,Humanities and social sciences,bachelor's degree,4,Korean 100%,TOPIK 3 or above,March or September,https://is.catholic.ac.kr/is/index.do,82-2-2164-4823,,available departments (6).xlsx,The Catholic University Of Kore,,
14,가톨릭대학교,The Catholic University Of Korea,Embassy Track,A,"Bucheon-si, /Gyeonggi-do",법학과,Law,인문사회,Humanities and social sciences,bachelor's degree,4,Korean 100%,TOPIK 3 or above,March or September,https://law.catholic.ac.kr/law/index.do,82-2-2164-4823,,available departments (6).xlsx,The Catholic University Of Kore,,
15,가톨릭대학교,The Catholic University Of Korea,Embassy Track,A,"Bucheon-si, /Gyeonggi-do",경제학과,Economics,인문사회,Humanities and social sciences,bachelor's degree,4,Korean 100%,TOPIK 3 or above,March or September,https://economics.catholic.ac.kr/economics/index.do,82-2-2164-4823,,available departments (6).xlsx,The Catholic University Of Kore,,
16,가톨릭대학교,The Catholic University Of Korea,Embassy Track,A,"Bucheon-si, /Gyeonggi-do",행정학과,Public Administration,인문사회,Humanities and social sciences,bachelor's degree,4,Korean 100%,TOPIK 3 or above,March or September,https://pa.catholic.ac.kr/pa/index.do,82-2-2164-4823,,available departments (6).xlsx,The Catholic University Of Kore,,
17,가톨릭대학교,The Catholic University Of Korea,Embassy Track,A,"Bucheon-si, /Gyeonggi-do",아동학과,Child & Family Studies,인문사회,Humanities and social sciences,bachelor's degree,4,Korean 100%,TOPIK 3 or above,March or September,https://children.catholic.ac.kr/children/index.do,82-2-2164-4823,,available departments (6).xlsx,The Catholic University Of Kore,,
18,가톨릭대학교,The Catholic University Of Korea,Embassy Track,A,"Bucheon-si, /Gyeonggi-do",화학과,Chemistry,자연,Natural Sciences,bachelor's degree,4,Korean 100%,TOPIK 3 or above,March or September,https://chemistry.catholic.ac.kr/chemistry/index.do,82-2-2164-4823,,available departments (6).xlsx,The Catholic University Of Kore,,
19,가톨릭대학교,The Catholic University Of Korea,Embassy Track,A,"Bucheon-si, /Gyeonggi-do",수학과,Mathematics,자연,Natural Sciences,bachelor's degree,4,Korean 100%,TOPIK 3 or above,March or September,https://math.catholic.ac.kr/math/index.do,82-2-2164-4823,,available departments (6).xlsx,The Catholic University Of Kore,,
20,가톨릭대학교,The Catholic University Of Korea,Embassy Track,A,"Bucheon-si, /Gyeonggi-do",물리학과,Physics,자연,Natural Sciences,bachelor's degree,4,Korean 100%,TOPIK 3 or above,March or September,https://physics.catholic.ac.kr/physics/index.do,82-2-2164-4823,,available departments (6).xlsx,The Catholic University Of Kore,,
21,가톨릭대학교,The Catholic University Of Korea,Embassy Track,A,"Bucheon-si, /Gyeonggi-do",공간디자인 ・ 소비자학과 ,Spatial Design & Consumer Studies,자연,Natural Sciences,bachelor's degree,4,Korean 100%,TOPIK 3 or above,March or September,https://design.catholic.ac.kr/design/index.do,82-2-2164-4823,,available departments (6).xlsx,The Catholic University Of Kore,,
22,가톨릭대학교,The Catholic University Of Korea,Embassy Track,A,"Bucheon-si, /Gyeonggi-do",의류학과,Clothing & Textiles,자연,Natural Sciences,bachelor's degree,4,Korean 100%,TOPIK 3 or above,March or September,https://clothing.catholic.ac.kr/clothing/index.do,82-2-2164-4823,,available departments (6).xlsx,The Catholic University Of Kore,,
23,가톨릭대학교,The Catholic University Of Korea,Embassy Track,A,"Bucheon-si, /Gyeonggi-do",식품영양학과,Food Science and Nutrition,자연,Natural Sciences,bachelor's degree,4,Korean 100%,TOPIK 3 or above,March or September,https://fn.catholic.ac.kr/fn/index.do,82-2-2164-4823,,available departments (6).xlsx,The Catholic University Of Kore,,
24,가톨릭대학교,The Catholic University Of Korea,Embassy Track,A,"Bucheon-si, /Gyeonggi-do",컴퓨터정보공학부,Computer Science and Information Engineering,공학,Engineering,bachelor's degree,4,Korean 100%,TOPIK 3 or above,March or September,https://csie.catholic.ac.kr/csie/index.do,82-2-2164-4823,,available departments (6).xlsx,The Catholic University Of Kore,,
25,가톨릭대학교,The Catholic University Of Korea,Embassy Track,A,"Bucheon-si, /Gyeonggi-do",미디어기술콘텐츠학과,Media Technology & Media Contents,공학,Engineering,bachelor's degree,4,Korean 100%,TOPIK 3 or above,March or September,https://mtc.catholic.ac.kr/mtc/index.do,82-2-2164-4823,,available departments (6).xlsx,The Catholic University Of Kore,,
26,가톨릭대학교,The Catholic University Of Korea,Embassy Track,A,"Bucheon-si, /Gyeonggi-do",정보통신전자공학부,"School of Information, Communications and Electronics Engineering",공학,Engineering,bachelor's degree,4,Korean 100%,TOPIK 3 or above,March or September,https://ice.catholic.ac.kr/ice/index.do,82-2-2164-4823,,available departments (6).xlsx,The Catholic University Of Kore,,
27,가톨릭대학교,The Catholic University Of Korea,Embassy Track,A,"Bucheon-si, /Gyeonggi-do",생명공학과,Biotechnology,공학,Engineering,bachelor's degree,4,Korean 100%,TOPIK 3 or above,March or September,https://biotech.catholic.ac.kr/biotech/index.do,82-2-2164-4823,,available departments (6).xlsx,The Catholic University Of Kore,,
28,가톨릭대학교,The Catholic University Of Korea,Embassy Track,A,"Bucheon-si, /Gyeonggi-do",에너지환경공학과,Energy & Environmental Engineering,공학,Engineering,bachelor's degree,4,Korean 100%,TOPIK 3 or above,March or September,https://envi.catholic.ac.kr/envi/index.do,82-2-2164-4823,,available departments (6).xlsx,The Catholic University Of Kore,,
29,가톨릭대학교,The Catholic University Of Korea,Embassy Track,A,"Bucheon-si, /Gyeonggi-do",바이오메디컬화학공학과,Biomedical Chemical Engineering,공학,Engineering,bachelor's degree,4,Korean 100%,TOPIK 3 or above,March or September,https://bmce.catholic.ac.kr/bmce/index.do,82-2-2164-4823,,available departments (6).xlsx,The Catholic University Of Kore,,
30,가톨릭대학교,The Catholic University Of Korea,Embassy Track,A,"Bucheon-si, /Gyeonggi-do",의생명과학과,Department of Medical and Biological Sciences,자연,Natural Sciences,bachelor's degree,4,Korean 100%,TOPIK 3 or above,March or September,https://mbs.catholic.ac.kr/mbs/index.do,82-2-2164-4823,,available departments (6).xlsx,The Catholic University Of Kore,,
31,가톨릭대학교,The Catholic University Of Korea,Embassy Track,A,"Bucheon-si, /Gyeonggi-do",인공지능학과,Department of Artificial Intelligence,공학,Engineering,bachelor's degree,4,Korean 100%,TOPIK 3 or above,March or September,https://ai.catholic.ac.kr/ai/index.do,82-2-2164-4823,,available departments (6).xlsx,The Catholic University Of Kore,,
32,가톨릭대학교,The Catholic University Of Korea,Embassy Track,A,"Bucheon-si, /Gyeonggi-do",데이터사이언스학과,Department of Data Science,공학,Engineering,bachelor's degree,4,Korean 100%,TOPIK 3 or above,March or September,https://datascience.catholic.ac.kr/datascience/index.do,82-2-2164-4823,,available departments (6).xlsx,The Catholic University Of Kore,,
33,가톨릭대학교,The Catholic University Of Korea,Embassy Track,A,"Bucheon-si, /Gyeonggi-do",바이오메디컬소프트웨어학과,Department of Biomedical software Engineering,공학,Engineering,bachelor's degree,4,Korean 100%,TOPIK 3 or above,March or September,https://bmsw.catholic.ac.kr/bmsw/index.do,82-2-2164-4823,,available departments (6).xlsx,The Catholic University Of Kore,,
34,가톨릭대학교,The Catholic University Of Korea,Embassy Track,A,"Bucheon-si, /Gyeonggi-do",바이오로직스공학부,Biologics Engineering,자연,Natural Sciences,bachelor's degree,4,Korean 100%,TOPIK 3 or above,March or September,https://ble.catholic.ac.kr/BLE/index.do,82-2-2164-4823,,available departments (6).xlsx,The Catholic University Of Kore,,
35,가톨릭대학교,The Catholic University Of Korea,Embassy Track,A,"Bucheon-si, /Gyeonggi-do",AI의공학과,AI Biomedical Engineering,공학,Engineering,bachelor's degree,4,Korean 100%,TOPIK 3 or above,March or September,https://aibme.catholic.ac.kr/aibme/index.do,82-2-2164-4823,,available departments (6).xlsx,The Catholic University Of Kore,,
36,가톨릭대학교,The Catholic University Of Korea,Embassy Track,A,"Bucheon-si, /Gyeonggi-do",음악과,Department of Music,예체능,Arts & Sports,bachelor's degree,4,Korean 100%,TOPIK 3 or above,March or September,https://music.catholic.ac.kr/music/index.do,82-2-2164-4823,,available departments (6).xlsx,The Catholic University Of Kore,,
37,가톨릭대학교,The Catholic University Of Korea,Embassy Track,A,"Bucheon-si, /Gyeonggi-do",예술미디어융합학과,Art & Media Convergence,예체능,Arts & Sports,bachelor's degree,4,Korean 100%,TOPIK 3 or above,March or September,https://gamc.catholic.ac.kr/gamc/index.do,82-2-2164-4823,,available departments (6).xlsx,The Catholic University Of Kore,,
38,가톨릭대학교,The Catholic University Of Korea,Embassy Track,A,"Bucheon-si, /Gyeonggi-do",한국어문화학과,Department of Korean Language and Culture,인문사회,Humanities and social sciences,bachelor's degree,4,Korean 100%,TOPIK 3 or above,March or September,https://klc.catholic.ac.kr/klc/index.do,82-2-2164-4823,,available departments (6).xlsx,The Catholic University Of Kore,,
No.,대학명,"University
(대학알리미 공시 명칭)","Application
Track",Embassy Track Type,Campus Location,학과명,"Department
(대학알리미 공시 명칭)",학과계열,"Field of Study
(Division)",Degree Program,"Period
(years)",Medium of Instruction,Required TOPIK for Admission after Language Program,Program starts,Website URL for detailed information,Telephone for detailed information,Remarks,available departments (7).xlsx,UNIST,,
1,울산과학기술원,Ulsan National Institute of Science and Technology (UNIST),Embassy Track,A,Ulsan,이공-기계공학과,"Engineering-
Department of Mechanical Engineering",공학,Engineering,Bachelor's degree,4,English 100%,TOPIK 3 or above,March or September,https://admu-intl.unist.ac.kr/,+82-52-217-1122," When you apply, you should select field (Engineering or Business). Application and evaluation is based on the field. Students select their major during their course of study",available departments (7).xlsx,UNIST,,
2,울산과학기술원,Ulsan National Institute of Science and Technology (UNIST),Embassy Track,A,Ulsan,이공-신소재공학과,"Engineering-
Department of Materials Science and Engineering",공학,Engineering,Bachelor's degree,4,English 100%,TOPIK 3 or above,March or September,https://admu-intl.unist.ac.kr/,+82-52-217-1122," When you apply, you should select field (Engineering or Business). Application and evaluation is based on the field. Students select their major during their course of study",available departments (7).xlsx,UNIST,,
3,울산과학기술원,Ulsan National Institute of Science and Technology (UNIST),Embassy Track,A,Ulsan,"이공-
에너지화학공학과","Engineering-
School of Energy and Chemical Engineering",공학,Engineering,Bachelor's degree,4,English 100%,TOPIK 3 or above,March or September,https://admu-intl.unist.ac.kr/,+82-52-217-1122," When you apply, you should select field (Engineering or Business). Application and evaluation is based on the field. Students select their major during their course of study",available departments (7).xlsx,UNIST,,
4,울산과학기술원,Ulsan National Institute of Science and Technology (UNIST),Embassy Track,A,Ulsan,이공-원자력공학과,"Engineering-
Department of Nuclear Engineering",공학,Engineering,Bachelor's degree,4,English 100%,TOPIK 3 or above,March or September,https://admu-intl.unist.ac.kr/,+82-52-217-1122," When you apply, you should select field (Engineering or Business). Application and evaluation is based on the field. Students select their major during their course of study",available departments (7).xlsx,UNIST,,
5,울산과학기술원,Ulsan National Institute of Science and Technology (UNIST),Embassy Track,A,Ulsan,"이공-
지구환경도시건설공학과","Engineering-
Department of Civil, Urban, Earth, and Environmental Engineering",공학,Engineering,Bachelor's degree,4,English 100%,TOPIK 3 or above,March or September,https://admu-intl.unist.ac.kr/,+82-52-217-1122," When you apply, you should select field (Engineering or Business). Application and evaluation is based on the field. Students select their major during their course of study",available departments (7).xlsx,UNIST,,
6,울산과학기술원,Ulsan National Institute of Science and Technology (UNIST),Embassy Track,A,Ulsan,이공-디자인학과,"Engineering-
Department of Design",공학,Engineering,Bachelor's degree,4,English 100%,TOPIK 3 or above,March or September,https://admu-intl.unist.ac.kr/,+82-52-217-1122," When you apply, you should select field (Engineering or Business). Application and evaluation is based on the field. Students select their major during their course of study",available departments (7).xlsx,UNIST,,
7,울산과학기술원,Ulsan National Institute of Science and Technology (UNIST),Embassy Track,A,Ulsan,"이공-
바이오메디컬공학과 ","Engineering-
Department of Biomedical Engineering",공학,Engineering,Bachelor's degree,4,English 100%,TOPIK 3 or above,March or September,https://admu-intl.unist.ac.kr/,+82-52-217-1122," When you apply, you should select field (Engineering or Business). Application and evaluation is based on the field. Students select their major during their course of study",available departments (7).xlsx,UNIST,,
8,울산과학기술원,Ulsan National Institute of Science and Technology (UNIST),Embassy Track,A,Ulsan,이공-산업공학과 ,"Engineering-
Department of Industrial Engineering",공학,Engineering,Bachelor's degree,4,English 100%,TOPIK 3 or above,March or September,https://admu-intl.unist.ac.kr/,+82-52-217-1122," When you apply, you should select field (Engineering or Business). Application and evaluation is based on the field. Students select their major during their course of study",available departments (7).xlsx,UNIST,,
9,울산과학기술원,Ulsan National Institute of Science and Technology (UNIST),Embassy Track,A,Ulsan,이공-생명과학과,"Engineering-
Department of Biological Sciences",자연,Natural Sciences,Bachelor's degree,4,English 100%,TOPIK 3 or above,March or September,https://admu-intl.unist.ac.kr/,+82-52-217-1122," When you apply, you should select field (Engineering or Business). Application and evaluation is based on the field. Students select their major during their course of study",available departments (7).xlsx,UNIST,,
10,울산과학기술원,Ulsan National Institute of Science and Technology (UNIST),Embassy Track,A,Ulsan,"이공-
전기전자공학과","Engineering-
Department of Electrical Engineering",공학,Engineering,Bachelor's degree,4,English 100%,TOPIK 3 or above,March or September,https://admu-intl.unist.ac.kr/,+82-52-217-1122," When you apply, you should select field (Engineering or Business). Application and evaluation is based on the field. Students select their major during their course of study",available departments (7).xlsx,UNIST,,
11,울산과학기술원,Ulsan National Institute of Science and Technology (UNIST),Embassy Track,A,Ulsan,이공-컴퓨터공학과,"Engineering-
Department of Computer Science and Engineering",공학,Engineering,Bachelor's degree,4,English 100%,TOPIK 3 or above,March or September,https://admu-intl.unist.ac.kr/,+82-52-217-1122," When you apply, you should select field (Engineering or Business). Application and evaluation is based on the field. Students select their major during their course of study",available departments (7).xlsx,UNIST,,
12,울산과학기술원,Ulsan National Institute of Science and Technology (UNIST),Embassy Track,A,Ulsan,이공-물리학과 ,"Engineering-
Department of Physics",자연,Natural Sciences,Bachelor's degree,4,English 100%,TOPIK 3 or above,March or September,https://admu-intl.unist.ac.kr/,+82-52-217-1122," When you apply, you should select field (Engineering or Business). Application and evaluation is based on the field. Students select their major during their course of study",available departments (7).xlsx,UNIST,,
13,울산과학기술원,Ulsan National Institute of Science and Technology (UNIST),Embassy Track,A,Ulsan,이공-수리과학과 ,"Engineering-
Department of Mathematical Sciences",자연,Natural Sciences,Bachelor's degree,4,English 100%,TOPIK 3 or above,March or September,https://admu-intl.unist.ac.kr/,+82-52-217-1122," When you apply, you should select field (Engineering or Business). Application and evaluation is based on the field. Students select their major during their course of study",available departments (7).xlsx,UNIST,,
14,울산과학기술원,Ulsan National Institute of Science and Technology (UNIST),Embassy Track,A,Ulsan,이공-화학과 ,"Engineering-
Department of Chemistry",자연,Natural Sciences,Bachelor's degree,4,English 100%,TOPIK 3 or above,March or September,https://admu-intl.unist.ac.kr/,+82-52-217-1122," When you apply, you should select field (Engineering or Business). Application and evaluation is based on the field. Students select their major during their course of study",available departments (7).xlsx,UNIST,,
15,울산과학기술원,Ulsan National Institute of Science and Technology (UNIST),Embassy Track,A,Ulsan,경영-경영과학부,"Business
School of Business Administration",사회,Social Sciences,Bachelor's degree,4,English 100%,TOPIK 3 or above,March or September,https://admu-intl.unist.ac.kr/,+82-52-217-1122," When you apply, you should select field (Engineering or Business). Application and evaluation is based on the field. Students select their major during their course of study",available departments (7).xlsx,UNIST,,
No.,대학명,"University
(대학알리미 공시 명칭)","Application
Track",Embassy Track Type,Campus Location,학과명,"Department
(대학알리미 공시 명칭)",학과계열,"Field of Study
(Division)",Degree Program,"Period
(years)",Medium of Instruction,Required TOPIK for Admission after Language Program,Program starts,Website URL for detailed information,Telephone for detailed information,Remarks,available departments (8).xlsx,University of Seoul,,
1,서울시립대학교,University of Seoul,Embassy Track,A,Seoul,행정학과,Public Administration Dept.,사회,Social Sciences,Bachelor's degree,4,Korean 100%,TOPIK 3 or above,March or September,https://www.uos.ac.kr/puadmi,+82-2-6490-2010~1,,available departments (8).xlsx,University of Seoul,,
2,서울시립대학교,University of Seoul,Embassy Track,A,Seoul,국제관계학과,International Relations Dept.,사회,Social Sciences,Bachelor's degree,4,Korean 100%,TOPIK 3 or above,March or September,https://www.uos.ac.kr/doir,+82-2-6490-2035~6,,available departments (8).xlsx,University of Seoul,,
3,서울시립대학교,University of Seoul,Embassy Track,A,Seoul,사회복지학과,Social Welfare Dept.,사회,Social Sciences,Bachelor's degree,4,Korean 100%,TOPIK 3 or above,March or September,https://www.uos.ac.kr/socialwelfare,+82-2-6490-2075~6,,available departments (8).xlsx,University of Seoul,,
4,서울시립대학교,University of Seoul,Embassy Track,A,Seoul,경제학부,Economics  Dept.,사회,Social Sciences,Bachelor's degree,4,Korean 100%,TOPIK 3 or above,March or September,https://econ.uos.ac.kr,+82-2-6490-2051~2,,available departments (8).xlsx,University of Seoul,,
5,서울시립대학교,University of Seoul,Embassy Track,A,Seoul,세무학과,Science in Taxation Dept.,사회,Social Sciences,Bachelor's degree,4,Korean 100%,TOPIK 3 or above,March or September,https://www.uos.ac.kr/taxation,+82-2-6490-2095~6,,available departments (8).xlsx,University of Seoul,,
6,서울시립대학교,University of Seoul,Embassy Track,A,Seoul,경영학부,Business Administration Dept.,사회,Social Sciences,Bachelor's degree,4,Korean 100%,TOPIK 3 or above,March or September,https://biz.uos.ac.kr/biz/web/main,+82-2-6490-2210~5,,available departments (8).xlsx,University of Seoul,,
7,서울시립대학교,University of Seoul,Embassy Track,A,Seoul,영어영문학과,English Language and Literature Dept.,인문,Humanities,Bachelor's degree,4,Korean 100%,TOPIK 3 or above,March or September,https://www.uos.ac.kr/english1,+82-2-6490-2510~1,,available departments (8).xlsx,University of Seoul,,
8,서울시립대학교,University of Seoul,Embassy Track,A,Seoul,국어국문학과,Korean Language and Literature Dept.,인문,Humanities,Bachelor's degree,4,Korean 100%,TOPIK 3 or above,March or September,https://www.uos.ac.kr/korean,+82-2-6490-2530~1,,available departments (8).xlsx,University of Seoul,,
9,서울시립대학교,University of Seoul,Embassy Track,A,Seoul,국사학과,Korean History Dept.,인문,Humanities,Bachelor's degree,4,Korean 100%,TOPIK 3 or above,March or September,https://www.uos.ac.kr/koreanhistory,+82-2-6490-2550~1,,available departments (8).xlsx,University of Seoul,,
10,서울시립대학교,University of Seoul,Embassy Track,A,Seoul,철학과,Philosophy Dept.,인문,Humanities,Bachelor's degree,4,Korean 100%,TOPIK 3 or above,March or September,https://www.uos.ac.kr/phil,+82-2-6490-2570~1,,available departments (8).xlsx,University of Seoul,,
11,서울시립대학교,University of Seoul,Embassy Track,A,Seoul,중국어문화학과,Chinese Language and Culture Dept.,인문,Humanities,Bachelor's degree,4,Korean 100%,TOPIK 3 or above,March or September,https://www.uos.ac.kr/chinese,+82-2-6490-2586~7,,available departments (8).xlsx,University of Seoul,,
12,서울시립대학교,University of Seoul,Embassy Track,A,Seoul,도시행정학과,Urban Administration Dept.,사회,Social Sciences,Bachelor's degree,4,Korean 100%,TOPIK 3 or above,March or September,https://www.uos.ac.kr/urbanadmin,+82-2-6490-2710~1,,available departments (8).xlsx,University of Seoul,,
13,서울시립대학교,University of Seoul,Embassy Track,A,Seoul,도시사회학과,Urban Sociology Dept.,사회,Social Sciences,Bachelor's degree,4,Korean 100%,TOPIK 3 or above,March or September,https://www.uos.ac.kr/usocio,+82-2-6490-2730~1,,available departments (8).xlsx,University of Seoul,,
14,서울시립대학교,University of Seoul,Embassy Track,A,Seoul,건축학부(건축공학전공),Architecture Dept.(Architectural Engineering),공학,Engineering,Bachelor's degree,4,Korean 100%,TOPIK 3 or above,March or September,https://www.uos.ac.kr/uosarch,+82-2-6490-2753~4,,available departments (8).xlsx,University of Seoul,,
15,서울시립대학교,University of Seoul,Embassy Track,A,Seoul,건축학부(건축학전공),Architecture Dept.(Architecture),공학,Engineering,Bachelor's degree,5,Korean 100%,TOPIK 3 or above,March or September,https://www.uos.ac.kr/ae,+82-2-6490-2751~2,,available departments (8).xlsx,University of Seoul,,
16,서울시립대학교,University of Seoul,Embassy Track,A,Seoul,도시공학과,Urban Planning and Design Dept.,공학,Engineering,Bachelor's degree,4,Korean 100%,TOPIK 3 or above,March or September,https://www.uos.ac.kr/urban,+82-2-6490-2790~1,,available departments (8).xlsx,University of Seoul,,
17,서울시립대학교,University of Seoul,Embassy Track,A,Seoul,교통공학과,Transportation Engineering Dept.,공학,Engineering,Bachelor's degree,4,Korean 100%,TOPIK 3 or above,March or September,https://www.uos.ac.kr/transport,+82-2-6490-2815~6,,available departments (8).xlsx,University of Seoul,,
18,서울시립대학교,University of Seoul,Embassy Track,A,Seoul,조경학과,Landscape Architecture Dept.,공학,Engineering,Bachelor's degree,4,Korean 100%,TOPIK 3 or above,March or September,https://lauos.or.kr,+82-2-6490-2835~6,,available departments (8).xlsx,University of Seoul,,
19,서울시립대학교,University of Seoul,Embassy Track,A,Seoul,공간정보공학과,Geoinformatics Dept.,공학,Engineering,Bachelor's degree,4,Korean 100%,TOPIK 3 or above,March or September,https://www.uos.ac.kr/geoinfo,+82-2-6490-2880~1,,available departments (8).xlsx,University of Seoul,,
20,서울시립대학교,University of Seoul,Embassy Track,A,Seoul,환경공학부,Environmental Engineering Dept.,공학,Engineering,Bachelor's degree,4,Korean 100%,TOPIK 3 or above,March or September,https://enveng.uos.ac.kr,+82-2-6490-2853~7,,available departments (8).xlsx,University of Seoul,,
21,서울시립대학교,University of Seoul,Embassy Track,A,Seoul,전자전기컴퓨터공학부,Electrical and Computer Engineering Dept.,공학,Engineering,Bachelor's degree,4,Korean 100%,TOPIK 3 or above,March or September,https://www.uos.ac.kr/ecehp,+82-2-6490-2310~1,,available departments (8).xlsx,University of Seoul,,
22,서울시립대학교,University of Seoul,Embassy Track,A,Seoul,화학공학과,Chemical Engineering Dept.,공학,Engineering,Bachelor's degree,4,Korean 100%,TOPIK 3 or above,March or September,https://cheme.uos.ac.kr,+82-2-6490-2360~2,,available departments (8).xlsx,University of Seoul,,
23,서울시립대학교,University of Seoul,Embassy Track,A,Seoul,기계정보공학과,Mechanical and Information Engineering Dept.,공학,Engineering,Bachelor's degree,4,Korean 100%,TOPIK 3 or above,March or September,https://www.uos.ac.kr/mie,+82-2-6490-2380~1,,available departments (8).xlsx,University of Seoul,,
24,서울시립대학교,University of Seoul,Embassy Track,A,Seoul,신소재공학과,Materials Science and Engineering Dept.,공학,Engineering,Bachelor's degree,4,Korean 100%,TOPIK 3 or above,March or September,https://www.uos.ac.kr/mat,+82-2-6490-2400~1,,available departments (8).xlsx,University of Seoul,,
25,서울시립대학교,University of Seoul,Embassy Track,A,Seoul,토목공학과,Civil Engineering Dept.,공학,Engineering,Bachelor's degree,4,Korean 100%,TOPIK 3 or above,March or September,https://www.uos.ac.kr/civil,+82-2-6490-2420,,available departments (8).xlsx,University of Seoul,,
26,서울시립대학교,University of Seoul,Embassy Track,A,Seoul,인공지능학과,Artificial Intelligence Dept.,공학,Engineering,Bachelor's degree,4,Korean 100%,TOPIK 3 or above,March or September,https://ai.uos.ac.kr/aiuos/web/main,+82-2-6490-2470~1,,available departments (8).xlsx,University of Seoul,,
27,서울시립대학교,University of Seoul,Embassy Track,A,Seoul,환경원예학과,Environmental Horticulture Dept.,자연,Natural Sciences,Bachelor's degree,4,Korean 100%,TOPIK 3 or above,March or September,https://www.uos.ac.kr/envhorti,+82-2-6490-2680~1,,available departments (8).xlsx,University of Seoul,,
28,서울시립대학교,University of Seoul,Embassy Track,A,Seoul,수학과,Mathematics Dept.,자연,Natural Sciences,Bachelor's degree,4,Korean 100%,TOPIK 3 or above,March or September,https://www.uos.ac.kr/openmath,+82-2-6490-2606~7,,available departments (8).xlsx,University of Seoul,,
29,서울시립대학교,University of Seoul,Embassy Track,A,Seoul,통계학과,Statistics Dept.,자연,Natural Sciences,Bachelor's degree,4,Korean 100%,TOPIK 3 or above,March or September,https://www.uos.ac.kr/stat,+82-2-6490-2625~6,,available departments (8).xlsx,University of Seoul,,
30,서울시립대학교,University of Seoul,Embassy Track,A,Seoul,물리학과,Physics Dept.,자연,Natural Sciences,Bachelor's degree,4,Korean 100%,TOPIK 3 or above,March or September,https://www.uos.ac.kr/physics1,+82-2-6490-2640~1,,available departments (8).xlsx,University of Seoul,,
31,서울시립대학교,University of Seoul,Embassy Track,A,Seoul,생명과학과,Life Science Dept.,자연,Natural Sciences,Bachelor's degree,4,Korean 100%,TOPIK 3 or above,March or September,https://lifesci.uos.ac.kr,+82-2-6490-2660~1,,available departments (8).xlsx,University of Seoul,,
32,서울시립대학교,University of Seoul,Embassy Track,A,Seoul,융합응용화학과,Applied Chemistry Dept.,자연,Natural Sciences,Bachelor's degree,4,Korean 100%,TOPIK 3 or above,March or September,https://chemistry.uos.ac.kr,+82-2-6490-2460~1,,available departments (8).xlsx,University of Seoul,,
33,서울시립대학교,University of Seoul,Embassy Track,A,Seoul,디자인학과(시각디자인전공),Design Dept.(Visual Design),예체능,Arts & Sports,Bachelor's degree,4,Korean 100%,TOPIK 3 or above,March or September,https://www.uos.ac.kr/design,+82-2-6490-2906,,available departments (8).xlsx,University of Seoul,,
34,서울시립대학교,University of Seoul,Embassy Track,A,Seoul,디자인학과(산업디자인전공),Design Dept.(Industrial Design),예체능,Arts & Sports,Bachelor's degree,4,Korean 100%,TOPIK 3 or above,March or September,https://www.uos.ac.kr/design,+82-2-6490-2907,,available departments (8).xlsx,University of Seoul,,
35,서울시립대학교,University of Seoul,Embassy Track,A,Seoul,음악학과,Music Dept.,예체능,Arts & Sports,Bachelor's degree,4,Korean 100%,TOPIK 3 or above,March or September,https://www.uos.ac.kr/music,+82-2-6490-2930~2,,available departments (8).xlsx,University of Seoul,,
36,서울시립대학교,University of Seoul,Embassy Track,A,Seoul,스포츠과학과,Sport Science Dept.,예체능,Arts & Sports,Bachelor's degree,4,Korean 100%,TOPIK 3 or above,March or September,https://sports.uos.ac.kr,+82-2-6490-2945~6,,available departments (8).xlsx,University of Seoul,,
37,서울시립대학교,University of Seoul,Embassy Track,A,Seoul,조각학과,Sculpture Dept.,예체능,Arts & Sports,Bachelor's degree,4,Korean 100%,TOPIK 3 or above,March or September,https://www.uos.ac.kr/sculpture,+82-2-6490-2916~8,,available departments (8).xlsx,University of Seoul,,
38,서울시립대학교,University of Seoul,Embassy Track,A,Seoul,첨단융합학부(융합바이오헬스전공),"Advanced Fusion Studies Dept.
(Biohealth)",자연,Natural Sciences,Bachelor's degree,4,Korean 100%,TOPIK 3 or above,March or September,https://ai.uos.ac.kr/aiuos/web/main,+82-2-6490-2140~1,,available departments (8).xlsx,University of Seoul,,
39,서울시립대학교,University of Seoul,Embassy Track,A,Seoul,첨단융합학부(첨단인공지능전공),"Advanced Fusion Studies Dept.
(Advanced Artificial Intelligence)",공학,Engineering,Bachelor's degree,4,Korean 100%,TOPIK 3 or above,March or September,https://ai.uos.ac.kr/aiuos/web/main,+82-2-6490-2140~1,,available departments (8).xlsx,University of Seoul,,
40,서울시립대학교,University of Seoul,Embassy Track,A,Seoul,첨단융합학부(지능형반도체전공)," Advanced Fusion Studies Dept.
(Intelligence Semiconductor Engineering)",공학,Engineering,Bachelor's degree,4,Korean 100%,TOPIK 3 or above,March or September,https://ai.uos.ac.kr/aiuos/web/main,+82-2-6490-2140~1,,available departments (8).xlsx,University of Seoul,,
No.,대학명,"University
(대학알리미 공시 명칭)","Application
Track",Embassy Track Type,Campus Location,학과명,"Department
(대학알리미 공시 명칭)",학과계열,"Field of Study
(Division)",Degree Program,"Period
(years)",Medium of Instruction,Required TOPIK for Admission after Language Program,Program starts,Website URL for detailed information,Telephone for detailed information,Remarks,available departments (9).xlsx,Yonsei University,,
1,연세대학교,Yonsei University,Embassy Track,A,Seoul, 국어국문학과,Korean Language & Literature,인문,Humanities,Bachelor's degree,4,Korean / English,TOPIK 3 or above,March or September,https://libart.yonsei.ac.kr/libart/index.do,+82-2-2123-8428,Students reside at the Incheon International Campus for their freshman year (the first and second semester).,available departments (9).xlsx,Yonsei University,,
2,연세대학교,Yonsei University,Embassy Track,A,Seoul, 중어중문학과,Chinese Language & Literature,인문,Humanities,Bachelor's degree,4,Korean / English,TOPIK 3 or above,March or September,https://libart.yonsei.ac.kr/libart/index.do,+82-2-2123-8428,Students reside at the Incheon International Campus for their freshman year (the first and second semester).,available departments (9).xlsx,Yonsei University,,
3,연세대학교,Yonsei University,Embassy Track,A,Seoul, 영어영문학과,English Language & Literature,인문,Humanities,Bachelor's degree,4,Korean / English,TOPIK 3 or above,March or September,https://libart.yonsei.ac.kr/libart/index.do,+82-2-2123-8428,Students reside at the Incheon International Campus for their freshman year (the first and second semester).,available departments (9).xlsx,Yonsei University,,
4,연세대학교,Yonsei University,Embassy Track,A,Seoul, 독어독문학과,German Language & Literature,인문,Humanities,Bachelor's degree,4,Korean / English,TOPIK 3 or above,March or September,https://libart.yonsei.ac.kr/libart/index.do,+82-2-2123-8428,Students reside at the Incheon International Campus for their freshman year (the first and second semester).,available departments (9).xlsx,Yonsei University,,
5,연세대학교,Yonsei University,Embassy Track,A,Seoul, 불어불문학과,French Language & Literature,인문,Humanities,Bachelor's degree,4,Korean / English,TOPIK 3 or above,March or September,https://libart.yonsei.ac.kr/libart/index.do,+82-2-2123-8428,Students reside at the Incheon International Campus for their freshman year (the first and second semester).,available departments (9).xlsx,Yonsei University,,
6,연세대학교,Yonsei University,Embassy Track,A,Seoul, 노어노문학과,Russian Language & Literature,인문,Humanities,Bachelor's degree,4,Korean / English,TOPIK 3 or above,March or September,https://libart.yonsei.ac.kr/libart/index.do,+82-2-2123-8428,Students reside at the Incheon International Campus for their freshman year (the first and second semester).,available departments (9).xlsx,Yonsei University,,
7,연세대학교,Yonsei University,Embassy Track,A,Seoul, 사학과,History,인문,Humanities,Bachelor's degree,4,Korean / English,TOPIK 3 or above,March or September,https://libart.yonsei.ac.kr/libart/index.do,+82-2-2123-8428,Students reside at the Incheon International Campus for their freshman year (the first and second semester).,available departments (9).xlsx,Yonsei University,,
8,연세대학교,Yonsei University,Embassy Track,A,Seoul, 철학과,Philosophy,인문,Humanities,Bachelor's degree,4,Korean / English,TOPIK 3 or above,March or September,https://libart.yonsei.ac.kr/libart/index.do,+82-2-2123-8428,Students reside at the Incheon International Campus for their freshman year (the first and second semester).,available departments (9).xlsx,Yonsei University,,
9,연세대학교,Yonsei University,Embassy Track,A,Seoul, 문헌정보학과,Library & Information Science,인문,Humanities,Bachelor's degree,4,Korean / English,TOPIK 3 or above,March or September,https://libart.yonsei.ac.kr/libart/index.do,+82-2-2123-8428,Students reside at the Incheon International Campus for their freshman year (the first and second semester).,available departments (9).xlsx,Yonsei University,,
10,연세대학교,Yonsei University,Embassy Track,A,Seoul, 심리학과,Psychology,인문,Humanities,Bachelor's degree,4,Korean / English,TOPIK 3 or above,March or September,https://libart.yonsei.ac.kr/libart/index.do,+82-2-2123-8428,Students reside at the Incheon International Campus for their freshman year (the first and second semester).,available departments (9).xlsx,Yonsei University,,
11,연세대학교,Yonsei University,Embassy Track,A,Seoul, 경제학부,Economics,사회,Social Sciences,Bachelor's degree,4,Korean / English,TOPIK 3 or above,March or September,https://yce.yonsei.ac.kr/ybe/index.do,+82-2-2123-2453,Students reside at the Incheon International Campus for their freshman year (the first and second semester).,available departments (9).xlsx,Yonsei University,,
12,연세대학교,Yonsei University,Embassy Track,A,Seoul, 응용통계학과,Applied Statistics,사회,Social Sciences,Bachelor's degree,4,Korean / English,TOPIK 3 or above,March or September,https://yce.yonsei.ac.kr/ybe/index.do,+82-2-2123-2453,Students reside at the Incheon International Campus for their freshman year (the first and second semester).,available departments (9).xlsx,Yonsei University,,
13,연세대학교,Yonsei University,Embassy Track,A,Seoul, 경영학과,Business Administration,사회,Social Sciences,Bachelor's degree,4,Korean / English,TOPIK 3 or above,March or September,https://ysb.yonsei.ac.kr/default.asp,+82-2-2123-6253,Students reside at the Incheon International Campus for their freshman year (the first and second semester).,available departments (9).xlsx,Yonsei University,,
14,연세대학교,Yonsei University,Embassy Track,A,Seoul, 수학과,Mathematics ,자연,Natural Sciences,Bachelor's degree,4,Korean / English,TOPIK 3 or above,March or September,http://science.yonsei.ac.kr/,+82-2-2123-2552~2556,Students reside at the Incheon International Campus for their freshman year (the first and second semester).,available departments (9).xlsx,Yonsei University,,
15,연세대학교,Yonsei University,Embassy Track,A,Seoul, 물리학과,Physics,자연,Natural Sciences,Bachelor's degree,4,Korean / English,TOPIK 3 or above,March or September,http://science.yonsei.ac.kr/,+82-2-2123-2552~2556,Students reside at the Incheon International Campus for their freshman year (the first and second semester).,available departments (9).xlsx,Yonsei University,,
16,연세대학교,Yonsei University,Embassy Track,A,Seoul, 화학과,Chemistry,자연,Natural Sciences,Bachelor's degree,4,Korean / English,TOPIK 3 or above,March or September,http://science.yonsei.ac.kr/,+82-2-2123-2552~2556,Students reside at the Incheon International Campus for their freshman year (the first and second semester).,available departments (9).xlsx,Yonsei University,,
17,연세대학교,Yonsei University,Embassy Track,A,Seoul, 지구시스템과학과,Earth System Sciences,자연,Natural Sciences,Bachelor's degree,4,Korean / English,TOPIK 3 or above,March or September,http://science.yonsei.ac.kr/,+82-2-2123-2552~2556,Students reside at the Incheon International Campus for their freshman year (the first and second semester).,available departments (9).xlsx,Yonsei University,,
18,연세대학교,Yonsei University,Embassy Track,A,Seoul, 천문우주학과,Astronomy,자연,Natural Sciences,Bachelor's degree,4,Korean / English,TOPIK 3 or above,March or September,http://science.yonsei.ac.kr/,+82-2-2123-2552~2556,Students reside at the Incheon International Campus for their freshman year (the first and second semester).,available departments (9).xlsx,Yonsei University,,
19,연세대학교,Yonsei University,Embassy Track,A,Seoul, 대기과학과,Atmospheric Sciences,자연,Natural Sciences,Bachelor's degree,4,Korean / English,TOPIK 3 or above,March or September,http://science.yonsei.ac.kr/,+82-2-2123-2552~2556,Students reside at the Incheon International Campus for their freshman year (the first and second semester).,available departments (9).xlsx,Yonsei University,,
20,연세대학교,Yonsei University,Embassy Track,A,Seoul, 화공생명공학부,Chemical & Biomolecular Engineering,공학, Engineering,Bachelor's degree,4,Korean / English,TOPIK 3 or above,March or September,https://engineering.yonsei.ac.kr/engineering/index.do,+82-2-2123-5734,Students reside at the Incheon International Campus for their freshman year (the first and second semester).,available departments (9).xlsx,Yonsei University,,
21,연세대학교,Yonsei University,Embassy Track,A,Seoul, 전기전자공학부,Electrical & Electronic Engineering,공학, Engineering,Bachelor's degree,4,Korean / English,TOPIK 3 or above,March or September,https://engineering.yonsei.ac.kr/engineering/index.do,+82-2-2123-5734,Students reside at the Incheon International Campus for their freshman year (the first and second semester).,available departments (9).xlsx,Yonsei University,,
22,연세대학교,Yonsei University,Embassy Track,A,Seoul, 건축공학과,Architectural Engineering,공학, Engineering,Bachelor's degree,4,Korean / English,TOPIK 3 or above,March or September,https://engineering.yonsei.ac.kr/engineering/index.do,+82-2-2123-5734,Students reside at the Incheon International Campus for their freshman year (the first and second semester).,available departments (9).xlsx,Yonsei University,,
23,연세대학교,Yonsei University,Embassy Track,A,Seoul, 도시공학과,Urban Planning & Engineering,공학, Engineering,Bachelor's degree,4,Korean / English,TOPIK 3 or above,March or September,https://engineering.yonsei.ac.kr/engineering/index.do,+82-2-2123-5734,Students reside at the Incheon International Campus for their freshman year (the first and second semester).,available departments (9).xlsx,Yonsei University,,
24,연세대학교,Yonsei University,Embassy Track,A,Seoul, 사회환경시스템공학부,Civil & Environmental Engineering,공학, Engineering,Bachelor's degree,4,Korean / English,TOPIK 3 or above,March or September,https://engineering.yonsei.ac.kr/engineering/index.do,+82-2-2123-5734,Students reside at the Incheon International Campus for their freshman year (the first and second semester).,available departments (9).xlsx,Yonsei University,,
25,연세대학교,Yonsei University,Embassy Track,A,Seoul, 기계공학부,Mechanical Engineering,공학, Engineering,Bachelor's degree,4,Korean / English,TOPIK 3 or above,March or September,https://engineering.yonsei.ac.kr/engineering/index.do,+82-2-2123-5734,Students reside at the Incheon International Campus for their freshman year (the first and second semester).,available departments (9).xlsx,Yonsei University,,
26,연세대학교,Yonsei University,Embassy Track,A,Seoul, 신소재공학부,Materials Science & Engineering,공학, Engineering,Bachelor's degree,4,Korean / English,TOPIK 3 or above,March or September,https://engineering.yonsei.ac.kr/engineering/index.do,+82-2-2123-5734,Students reside at the Incheon International Campus for their freshman year (the first and second semester).,available departments (9).xlsx,Yonsei University,,
27,연세대학교,Yonsei University,Embassy Track,A,Seoul, 산업공학과,Industrial Engineering,공학, Engineering,Bachelor's degree,4,Korean / English,TOPIK 3 or above,March or September,https://engineering.yonsei.ac.kr/engineering/index.do,+82-2-2123-5734,Students reside at the Incheon International Campus for their freshman year (the first and second semester).,available departments (9).xlsx,Yonsei University,,
28,연세대학교,Yonsei University,Embassy Track,A,Seoul, 시스템생물학과,Systems Biology,자연,Natural Sciences,Bachelor's degree,4,Korean / English,TOPIK 3 or above,March or September,https://bio.yonsei.ac.kr/bio/index.do,+82-2-2123-5554,Students reside at the Incheon International Campus for their freshman year (the first and second semester).,available departments (9).xlsx,Yonsei University,,
29,연세대학교,Yonsei University,Embassy Track,A,Seoul, 생화학과,Biochemistry,자연,Natural Sciences,Bachelor's degree,4,Korean / English,TOPIK 3 or above,March or September,https://bio.yonsei.ac.kr/bio/index.do,+82-2-2123-5554,Students reside at the Incheon International Campus for their freshman year (the first and second semester).,available departments (9).xlsx,Yonsei University,,
30,연세대학교,Yonsei University,Embassy Track,A,Seoul, 생명공학과,Biotechnology,공학, Engineering,Bachelor's degree,4,Korean / English,TOPIK 3 or above,March or September,https://bio.yonsei.ac.kr/bio/index.do,+82-2-2123-5554,Students reside at the Incheon International Campus for their freshman year (the first and second semester).,available departments (9).xlsx,Yonsei University,,
31,연세대학교,Yonsei University,Embassy Track,A,Seoul,컴퓨터과학과,Computer Science & Engineering,"인공지능
(AI)",Artificial Intelligence (AI),Bachelor's degree,4,Korean / English,TOPIK 3 or above,March or September,https://computing.yonsei.ac.kr/,+82-2-2123-5703,Students reside at the Incheon International Campus for their freshman year (the first and second semester).,available departments (9).xlsx,Yonsei University,,
32,연세대학교,Yonsei University,Embassy Track,A,Seoul,인공지능학과,Artificial Intelligence,"인공지능
(AI)",Artificial Intelligence (AI),Bachelor's degree,4,Korean / English,TOPIK 3 or above,March or September,https://computing.yonsei.ac.kr/,+82-2-2123-5703,Students reside at the Incheon International Campus for their freshman year (the first and second semester).,available departments (9).xlsx,Yonsei University,,
33,연세대학교,Yonsei University,Embassy Track,A,Seoul,인공지능시스템학과,Artificial Intelligence Systems,"인공지능
(AI)",Artificial Intelligence (AI),Bachelor's degree,4,Korean / English,TOPIK 3 or above,March or September,https://computing.yonsei.ac.kr/,+82-2-2123-5703,Students reside at the Incheon International Campus for their freshman year (the first and second semester).,available departments (9).xlsx,Yonsei University,,
34,연세대학교,Yonsei University,Embassy Track,A,Seoul, IT융합공학전공,Integrated Information Technology,"인공지능
(AI)",Artificial Intelligence (AI),Bachelor's degree,4,Korean / English,TOPIK 3 or above,March or September,https://computing.yonsei.ac.kr/,+82-2-2123-5703,Students reside at the Incheon International Campus for their freshman year (the first and second semester).,available departments (9).xlsx,Yonsei University,,
35,연세대학교,Yonsei University,Embassy Track,A,Seoul, 지능형반도체전공,Intelligent Semiconductor Technology,"인공지능
(AI)",Artificial Intelligence (AI),Bachelor's degree,4,Korean / English,TOPIK 3 or above,March or September,https://computing.yonsei.ac.kr/,+82-2-2123-5703,Students reside at the Incheon International Campus for their freshman year (the first and second semester).,available departments (9).xlsx,Yonsei University,,
36,연세대학교,Yonsei University,Embassy Track,A,Seoul,모빌리티시스템전공,Mobility Systems,"인공지능
(AI)",Artificial Intelligence (AI),Bachelor's degree,4,Korean / English,TOPIK 3 or above,March or September,https://computing.yonsei.ac.kr/,+82-2-2123-5703,Students reside at the Incheon International Campus for their freshman year (the first and second semester).,available departments (9).xlsx,Yonsei University,,
37,연세대학교,Yonsei University,Embassy Track,A,Seoul, 신학과,Theology,인문,Humanities,Bachelor's degree,4,Korean / English,TOPIK 3 or above,March or September,https://yonshin.yonsei.ac.kr/theology/index.do,+82-2-2123-2897~8,Students reside at the Incheon International Campus for their freshman year (the first and second semester).,available departments (9).xlsx,Yonsei University,,
38,연세대학교,Yonsei University,Embassy Track,A,Seoul, 정치외교학과,Political Science & International Relations,사회,Social Sciences,Bachelor's degree,4,Korean / English,TOPIK 3 or above,March or September,https://socsci.yonsei.ac.kr/socsci/index.do,+82-2-2123-2934,Students reside at the Incheon International Campus for their freshman year (the first and second semester).,available departments (9).xlsx,Yonsei University,,
39,연세대학교,Yonsei University,Embassy Track,A,Seoul, 행정학과,Public Administration,사회,Social Sciences,Bachelor's degree,4,Korean / English,TOPIK 3 or above,March or September,https://socsci.yonsei.ac.kr/socsci/index.do,+82-2-2123-2934,Students reside at the Incheon International Campus for their freshman year (the first and second semester).,available departments (9).xlsx,Yonsei University,,
40,연세대학교,Yonsei University,Embassy Track,A,Seoul, 사회복지학과,Social Welfare,사회,Social Sciences,Bachelor's degree,4,Korean / English,TOPIK 3 or above,March or September,https://socsci.yonsei.ac.kr/socsci/index.do,+82-2-2123-2934,Students reside at the Incheon International Campus for their freshman year (the first and second semester).,available departments (9).xlsx,Yonsei University,,
41,연세대학교,Yonsei University,Embassy Track,A,Seoul, 사회학과,Sociology,사회,Social Sciences,Bachelor's degree,4,Korean / English,TOPIK 3 or above,March or September,https://socsci.yonsei.ac.kr/socsci/index.do,+82-2-2123-2934,Students reside at the Incheon International Campus for their freshman year (the first and second semester).,available departments (9).xlsx,Yonsei University,,
42,연세대학교,Yonsei University,Embassy Track,A,Seoul, 문화인류학과,Cultural Anthropology,사회,Social Sciences,Bachelor's degree,4,Korean / English,TOPIK 3 or above,March or September,https://socsci.yonsei.ac.kr/socsci/index.do,+82-2-2123-2934,Students reside at the Incheon International Campus for their freshman year (the first and second semester).,available departments (9).xlsx,Yonsei University,,
43,연세대학교,Yonsei University,Embassy Track,A,Seoul, 언론홍보영상학부,Mass Communication,사회,Social Sciences,Bachelor's degree,4,Korean / English,TOPIK 3 or above,March or September,https://socsci.yonsei.ac.kr/socsci/index.do,+82-2-2123-2934,Students reside at the Incheon International Campus for their freshman year (the first and second semester).,available departments (9).xlsx,Yonsei University,,
44,연세대학교,Yonsei University,Embassy Track,A,Seoul, 의류환경학과,Clothing & Textiles,사회,Social Sciences,Bachelor's degree,4,Korean / English,TOPIK 3 or above,March or September,https://che.yonsei.ac.kr/che/index.do,+82-2-2123-3094,Students reside at the Incheon International Campus for their freshman year (the first and second semester).,available departments (9).xlsx,Yonsei University,,
45,연세대학교,Yonsei University,Embassy Track,A,Seoul, 식품영양학과,Food & Nutrition,사회,Social Sciences,Bachelor's degree,4,Korean / English,TOPIK 3 or above,March or September,https://che.yonsei.ac.kr/che/index.do,+82-2-2123-3094,Students reside at the Incheon International Campus for their freshman year (the first and second semester).,available departments (9).xlsx,Yonsei University,,
46,연세대학교,Yonsei University,Embassy Track,A,Seoul, 실내건축학과,Interior Architecture & Built Environment,사회,Social Sciences,Bachelor's degree,4,Korean / English,TOPIK 3 or above,March or September,https://che.yonsei.ac.kr/che/index.do,+82-2-2123-3094,Students reside at the Incheon International Campus for their freshman year (the first and second semester).,available departments (9).xlsx,Yonsei University,,
47,연세대학교,Yonsei University,Embassy Track,A,Seoul, 아동․가족학과,Child & Family Studies,사회,Social Sciences,Bachelor's degree,4,Korean / English,TOPIK 3 or above,March or September,https://che.yonsei.ac.kr/che/index.do,+82-2-2123-3094,Students reside at the Incheon International Campus for their freshman year (the first and second semester).,available departments (9).xlsx,Yonsei University,,
48,연세대학교,Yonsei University,Embassy Track,A,Seoul, 통합디자인학과,Integrated Design,사회,Social Sciences,Bachelor's degree,4,Korean / English,TOPIK 3 or above,March or September,https://che.yonsei.ac.kr/che/index.do,+82-2-2123-3094,Students reside at the Incheon International Campus for their freshman year (the first and second semester).,available departments (9).xlsx,Yonsei University,,
49,연세대학교,Yonsei University,Embassy Track,A,Seoul, 간호학과,Nursing,의학,Medicine,Bachelor's degree,4,Korean / English,TOPIK 5 or above,March only,https://nursingcollege.yonsei.ac.kr/nursing/index.do,+82-2-2228-3236,"Students reside at the Incheon International Campus for their freshman year (the first and second semester).
Program Starts in March only.",available departments (9).xlsx,Yonsei University,,
50,연세대학교,Yonsei University,Embassy Track,A,Seoul, 글로벌인재학부,Global Leadership Division,사회,Social Sciences,Bachelor's degree,4,Korean / English,TOPIK 3 or above,March or September,https://glc.yonsei.ac.kr/,+82-2-2123-3206 ,Students reside at the Incheon International Campus for their freshman year (the first and second semester).,available departments (9).xlsx,Yonsei University,,